numeric__age,numeric__bmi,numeric__heart_rate_bpm,numeric__skin_temperature_c,numeric__spo2_percent,numeric__respiratory_rate,numeric__steps_count,numeric__movement_speed_kmh,numeric__gesture_count,numeric__noise_level_db,numeric__light_level_lux,numeric__sleep_hours,numeric__screen_time_hours,numeric__social_interactions,numeric__stress_level,numeric__caffeine_intake_mg,numeric__attention_score,numeric__reaction_time_ms,numeric__mood_score,categorical__gender_Female,categorical__gender_Male,categorical__activity_level_Light,categorical__activity_level_Moderate,categorical__activity_level_Sedentary,categorical__activity_level_Vigorous,categorical__posture_Lying,categorical__posture_Sitting,categorical__posture_Standing,categorical__posture_Walking,categorical__time_of_day_Afternoon,categorical__time_of_day_Evening,categorical__time_of_day_Morning,categorical__time_of_day_Night,categorical__location_type_Gym,categorical__location_type_Home,categorical__location_type_Office,categorical__location_type_Outdoor,behavior_score
0.8129591733286459,-0.11193627104137717,-1.1115573726592611,-0.02985483774629404,0.3100991071774664,1.526565867926332,1.0551013080970262,-0.446307104831723,-1.7152460075175118,0.22597662662150675,1.6067999692880208,-0.35336774026211826,0.7902428993724601,0.5792741525298559,0.7624801809410108,-0.4683884605356765,-1.7763779415153544,0.9743462598701357,-1.5586867032241427,1.0,0.0,0.0,0.0,1.0,0.0,0.0,0.0,1.0,0.0,0.0,0.0,0.0,1.0,1.0,0.0,0.0,0.0,20.88
1.6805783551094848,1.1357610176363981,1.2824111243398268,2.930955517258878,1.4586143189458474,-0.5555880778699831,1.7266982124501784,-0.9301916659777035,-1.1571928918910084,-1.4837343496434812,1.3395579008303062,-1.1165810021673384,-0.17667381304748106,-0.12866859422218316,0.0007617184624784484,-0.8898285006073667,1.0868033351042359,0.03269741634704971,-0.0003895742822356069,1.0,0.0,0.0,1.0,0.0,0.0,0.0,1.0,0.0,0.0,0.0,0.0,1.0,0.0,0.0,0.0,0.0,1.0,65.19
0.14555980272800056,2.4853111462062367,1.2824111243398268,0.21687935850414136,0.3100991071774664,-0.20856242023726393,0.11027217260963168,0.7803827036874731,-0.5991397762645048,1.6998653992637378,-1.3645098708010424,-0.6925736344422158,0.1557038068468736,-1.5445540877262616,0.3816209497017446,-1.1145965219789349,-1.17360293591123,0.13222127785761978,-1.1691124209886659,1.0,0.0,0.0,0.0,0.0,1.0,0.0,0.0,0.0,1.0,1.0,0.0,0.0,0.0,0.0,0.0,0.0,1.0,49.8
-0.7887993161129029,-0.6212004705016935,0.5894202436295646,1.6972845360067186,-0.26415849870672403,-1.2496393931354215,-0.054063154811688,-0.6797601825775909,-1.7152460075175118,0.8155321356783991,-1.0550716862710572,-1.0317795286223141,0.12548765958375055,-1.0135970276622321,1.143339412180277,-0.587796471889322,-1.5252216891803028,1.6250792005161707,-1.1691124209886659,0.0,1.0,1.0,0.0,0.0,0.0,0.0,0.0,1.0,0.0,0.0,0.0,1.0,0.0,0.0,0.0,1.0,0.0,17.75
1.079918921568904,-0.5957372605286773,-1.4895523985012222,-2.2504626040001776,-1.412673710475105,-1.5966650507681408,0.49101534686408677,-1.1169541281743978,-1.575732728610886,0.75657658477271,1.5786692252398404,-0.5229706873521667,1.6362950227399082,-1.7215397744142713,-0.3800975127767877,0.3042516129290889,1.0868033351042359,-0.08213780847283883,-0.38996385651771237,1.0,0.0,1.0,0.0,0.0,0.0,0.0,0.0,0.0,1.0,0.0,1.0,0.0,0.0,0.0,0.0,1.0,0.0,40.94
-1.2559788755333545,0.982981757798303,-1.3005548855802416,1.2038161435058654,1.4586143189458474,1.179540210293613,0.3278679856650899,0.9544113616434837,1.4935594073348835,-0.7173121878695211,0.6925507877221553,0.24024257455305337,-0.47883528567871264,-0.12866859422218316,0.3816209497017446,-1.1426925246503807,-0.9726779340431888,1.3571303426030976,-0.38996385651771237,1.0,0.0,0.0,0.0,0.0,1.0,0.0,1.0,0.0,0.0,1.0,0.0,0.0,0.0,0.0,0.0,1.0,0.0,57.26
-0.38835969375251567,0.6010336082030657,0.3374235597349237,-0.27658903399672946,-0.8384161045909145,-1.5966650507681408,1.3489249537515304,-0.6542925740962234,0.028669978815311713,-0.7762677387752103,0.5870604975414784,0.9186543629132492,-1.0227259364149297,-0.305654280910193,-0.7609567440160538,-1.2410285340004419,-1.2238341863782405,-0.9548855171039917,-0.38996385651771237,1.0,0.0,0.0,0.0,1.0,0.0,0.0,0.0,0.0,1.0,1.0,0.0,0.0,0.0,0.0,0.0,1.0,0.0,55.05
0.8129591733286459,1.797804476934809,1.2194119533661667,-2.0037284077497595,-0.26415849870672403,-0.5555880778699831,1.2950704850062305,1.3916053072402907,0.37745317608187645,1.4640431956409807,-0.3939992011388158,0.9186543629132492,1.4247819918980464,-1.3675684010382516,0.7624801809410108,-0.23659643849624687,0.7854158323021737,-1.5979627760953676,0.778758990188718,0.0,1.0,1.0,0.0,0.0,0.0,0.0,0.0,1.0,0.0,0.0,0.0,0.0,1.0,0.0,0.0,0.0,1.0,60.31
-0.5218395678726447,0.4991807683110029,1.4714086372608075,0.46361355475455923,0.3100991071774664,-1.2496393931354215,1.1659781555138202,1.141173823840178,0.028669978815311713,-1.7785121041719274,1.670094143396427,-1.2013824757123632,-1.1435905254674221,0.7562598392178658,-1.14181597525532,-1.634372571400686,1.6895783407083602,-0.03620371854488341,-1.5586867032241427,0.0,1.0,1.0,0.0,0.0,0.0,0.0,0.0,0.0,1.0,0.0,0.0,0.0,1.0,0.0,0.0,1.0,0.0,70.39
-0.25487981963238665,-0.442958000690582,-1.0485582016856008,-0.27658903399672946,1.4586143189458474,-0.5555880778699831,0.9085854740105485,1.1623968309079842,-0.1805999395446271,-0.3635788824353856,-1.4453857599395612,0.6642499422781758,1.1528366665299379,-1.1905827143502419,1.143339412180277,-0.3068364451748619,0.7854158323021737,-0.40367643796852676,1.1683332724241948,1.0,0.0,0.0,0.0,1.0,0.0,0.0,0.0,0.0,1.0,1.0,0.0,0.0,0.0,1.0,0.0,0.0,0.0,51.19
-1.055759064353161,0.5246439782840182,0.5894202436295646,0.46361355475455923,-1.412673710475105,0.8325145526608937,-1.3196431703262366,0.9034761446807489,0.3076965366285635,-0.24566778062400715,0.7488122758185162,1.1730587835483233,-1.2342389672567917,0.4022884658418462,0.7624801809410108,-1.2901965386754723,0.031947075297018374,0.6451519487197885,1.5579075546596715,1.0,0.0,0.0,1.0,0.0,0.0,0.0,0.0,1.0,0.0,1.0,0.0,0.0,0.0,1.0,0.0,0.0,0.0,60.51
-1.055759064353161,1.0339081777443344,-1.741549082395863,0.95708194725543,0.8843567130616569,0.8325145526608937,0.6018921942808808,1.2770010690741374,-1.0874362524376953,-1.424778798737792,0.20026276687899683,-0.2685662667170933,0.5485137212674747,-0.8366113409742223,1.143339412180277,-0.06099642179970928,-1.6759154405813337,0.4384485440439892,0.38918470795324117,1.0,0.0,0.0,0.0,0.0,1.0,1.0,0.0,0.0,0.0,0.0,0.0,1.0,0.0,0.0,0.0,1.0,0.0,48.99
-0.1881398825723221,0.753812868041161,0.1484260468139431,-1.510260015248889,-0.8384161045909145,1.179540210293613,1.5439494085828556,1.0223249842604634,-1.2269495313443213,0.75657658477271,-0.4045482301568835,1.1730587835483233,-1.2342389672567917,1.6411882726579148,-1.14181597525532,0.4517556269541805,-1.424759188246282,1.0738701213807058,-0.38996385651771237,1.0,0.0,0.0,1.0,0.0,0.0,0.0,0.0,0.0,1.0,1.0,0.0,0.0,0.0,0.0,1.0,0.0,0.0,78.38
0.6127393621484523,0.42279113839195526,-1.5525515694748826,0.95708194725543,0.3100991071774664,-0.20856242023726393,-0.3152177293523153,0.33045495384998264,1.2842894889749448,0.6386654829613314,1.2164858956195166,0.9186543629132492,1.4549981391611695,1.1102312125938854,-0.7609567440160538,0.009243584878905756,-1.3242966873122612,-0.0974491717821573,0.38918470795324117,0.0,1.0,0.0,0.0,1.0,0.0,0.0,0.0,0.0,1.0,0.0,1.0,0.0,0.0,1.0,0.0,0.0,0.0,42.18
0.8796991103887104,1.0084449677713192,1.2824111243398268,-0.02985483774629404,-0.26415849870672403,0.4854888950281745,0.8963098230465463,-0.7094723924725195,-0.041086660638001225,-0.12775667881262867,-1.1886927204999143,-1.2861839492573874,0.21613610137311998,-1.0135970276622321,-0.3800975127767877,0.9574836750402087,0.5342595799671219,0.2547121843321676,0.778758990188718,0.0,1.0,0.0,0.0,1.0,0.0,0.0,1.0,0.0,0.0,0.0,0.0,1.0,0.0,1.0,0.0,0.0,0.0,44.95
-0.1881398825723221,1.110297807663382,1.030414440445186,1.2038161435058654,-1.412673710475105,-0.9026137355027024,0.3827124262623255,1.3024686775555048,-0.25035657899794006,-0.009845577001250197,0.5272826664390949,2.1906764660886164,-0.5996998747312053,0.7562598392178658,1.524198643419543,1.0558196843902699,0.2328720771650598,-0.3960207563138675,0.38918470795324117,0.0,1.0,0.0,1.0,0.0,0.0,1.0,0.0,0.0,0.0,0.0,1.0,0.0,0.0,0.0,0.0,1.0,0.0,66.72
-1.5896785608336772,1.3140034874475088,1.345410295313487,-0.27658903399672946,-0.8384161045909145,1.526565867926332,0.6791099987318623,1.1369292224266165,-0.7386530551711307,0.75657658477271,0.27762231301149315,-0.7773751079872407,-1.2644551145199148,-0.48263996759820277,0.0007617184624784484,-1.3253165420147799,1.388190837906298,-1.1462775584704725,-1.5586867032241427,0.0,1.0,0.0,0.0,1.0,0.0,0.0,1.0,0.0,0.0,0.0,1.0,0.0,0.0,0.0,0.0,1.0,0.0,52.23
-0.32161975669245113,0.5755703982300505,-1.4895523985012222,-0.5233232302471649,-1.412673710475105,-0.5555880778699831,0.3912261841889722,-0.11098359316038578,1.0750195706150059,0.6976210338670207,0.8578189090052155,0.9186543629132492,-0.4486191384155896,-1.0135970276622321,0.3816209497017446,1.4280917197869294,0.28310332763207013,-0.5797571160256891,-0.0003895742822356069,1.0,0.0,0.0,1.0,0.0,0.0,0.0,0.0,1.0,0.0,0.0,1.0,0.0,0.0,0.0,0.0,0.0,1.0,56.27
-1.6564184978937417,-0.26471553087947153,0.0854268758402829,-0.02985483774629404,1.4586143189458474,1.526565867926332,-0.7155623462750965,-1.5838602836661333,-1.0874362524376953,0.284932177527196,0.9457274841557796,0.9186543629132492,0.6995944575830905,0.4022884658418462,-1.522675206494586,0.6624756469900256,0.3333345780990805,0.8977894433235434,1.1683332724241948,1.0,0.0,1.0,0.0,0.0,0.0,0.0,0.0,1.0,0.0,1.0,0.0,0.0,0.0,1.0,0.0,0.0,0.0,55.3
-0.1881398825723221,0.06630619876973425,-0.29256815000167835,-0.02985483774629404,0.8843567130616569,1.179540210293613,-0.5072722686278335,0.4535483948432584,-0.38986985790456596,-0.7173121878695211,-0.8862872219819742,-1.2861839492573874,-0.41840299115246626,-1.7215397744142713,-0.3800975127767877,1.0558196843902699,-1.3745279377792716,0.721708765266381,1.1683332724241948,1.0,0.0,0.0,1.0,0.0,0.0,0.0,1.0,0.0,0.0,0.0,0.0,0.0,1.0,0.0,0.0,1.0,0.0,44.5
1.1466588586289685,1.1357610176363981,-1.6155507404485427,-0.7700574264976002,-0.26415849870672403,1.526565867926332,-1.6265344444262915,-1.5456588709440824,1.0750195706150059,-1.4837343496434812,-0.41509725917495116,0.15544110100802916,-0.901861347362437,-1.7215397744142713,-0.3800975127767877,-1.6413965720685475,-1.12337168544422,-0.8936400638667178,1.5579075546596715,0.0,1.0,1.0,0.0,0.0,0.0,0.0,0.0,0.0,1.0,0.0,0.0,0.0,1.0,0.0,0.0,1.0,0.0,34.69
0.2122997397880651,-0.926758990177883,-1.1115573726592611,-0.5233232302471649,-1.412673710475105,1.526565867926332,-0.6989308191625774,1.4298067199623419,1.4935594073348835,-0.3635788824353856,1.438015504998938,0.9186543629132492,0.24635224863624303,-0.6596256542862126,1.143339412180277,-0.9951885106252892,-1.6256841901143235,-0.9855082437226287,-0.38996385651771237,1.0,0.0,1.0,0.0,0.0,0.0,1.0,0.0,0.0,0.0,0.0,1.0,0.0,0.0,0.0,0.0,0.0,1.0,29.92
0.7462192362685813,0.2954750885268762,1.030414440445186,-1.2635258189984535,0.3100991071774664,-1.5966650507681408,-0.1576142105241581,1.5486555595420564,-0.1805999395446271,-0.009845577001250197,1.1004465764207723,-1.2861839492573874,-0.2975384020999738,-1.0135970276622321,1.143339412180277,1.1611796944081925,-1.726146691048344,-1.222834375017065,0.38918470795324117,0.0,1.0,0.0,0.0,1.0,0.0,0.0,1.0,0.0,0.0,1.0,0.0,0.0,0.0,1.0,0.0,0.0,0.0,32.26
-1.6564184978937417,-0.49388442063661436,-1.5525515694748826,-0.5233232302471649,1.4586143189458474,-1.2496393931354215,-1.330730855067916,-1.0702635126252242,-1.7152460075175118,-1.3068676969264135,1.0793485183846367,0.07063962746300421,-1.1738066727305454,0.5792741525298559,0.3816209497017446,0.3674676189398424,-1.7763779415153544,-0.5261673444430746,0.778758990188718,0.0,1.0,1.0,0.0,0.0,0.0,0.0,1.0,0.0,0.0,0.0,0.0,1.0,0.0,0.0,0.0,1.0,0.0,33.23
-0.38835969375251567,-0.061009851095344826,-0.16656980805435792,0.7103477510049946,1.4586143189458474,-0.20856242023726393,-1.38775323373941,0.5808864372500953,-1.6454893680641989,-0.6583566369638318,-1.0128755701987864,1.0034558364582733,-1.2040228199936687,0.7562598392178658,1.143339412180277,-0.2787404425034159,1.4384220883733083,0.2470565026775083,-0.0003895742822356069,1.0,0.0,1.0,0.0,0.0,0.0,0.0,0.0,1.0,0.0,0.0,1.0,0.0,0.0,0.0,0.0,0.0,1.0,50.93
0.4125195509682587,1.2121506475554458,-0.10357063708069772,-0.27658903399672946,-0.26415849870672403,-0.9026137355027024,-1.3685477798118582,-1.4013424228830003,-0.45962649735787886,-1.2479121460207243,0.41827603325239554,1.088257310003299,0.6995944575830905,1.1102312125938854,1.524198643419543,1.0487956837224084,0.4840283295001116,0.9820019415247949,1.1683332724241948,1.0,0.0,0.0,1.0,0.0,0.0,0.0,0.0,0.0,1.0,0.0,0.0,1.0,0.0,0.0,0.0,1.0,0.0,45.11
-0.9890191272930965,0.1172326187157657,1.0934136114188462,0.95708194725543,1.4586143189458474,-1.2496393931354215,-1.2115382440948625,0.7634042980332282,-0.8084096946244436,0.34388772843288523,-0.4994894913194926,-0.43816921380714247,1.6362950227399082,1.287216899281895,0.0007617184624784484,-0.629940475896491,1.1370345855712463,-1.4371934613475237,-0.7795381387531892,1.0,0.0,0.0,1.0,0.0,0.0,1.0,0.0,0.0,0.0,0.0,0.0,1.0,0.0,0.0,1.0,0.0,0.0,50.88
-0.32161975669245113,-0.03554664112232955,1.5974069792081278,-0.27658903399672946,0.3100991071774664,-1.5966650507681408,-1.4178483780382543,-0.5354437345165091,-1.2269495313443213,-0.24566778062400715,0.6890344447161326,1.5970661512734459,-0.93207749462556,-0.6596256542862126,-1.522675206494586,-0.9319725046145357,-1.4749904387132924,0.7676428551943364,1.1683332724241948,0.0,1.0,0.0,1.0,0.0,0.0,0.0,1.0,0.0,0.0,1.0,0.0,0.0,0.0,0.0,1.0,0.0,0.0,59.82
1.1466588586289685,-1.4614863996112146,0.9044160984978656,-1.510260015248889,-1.412673710475105,1.526565867926332,1.0275800906132149,0.5978648429043402,0.8657496522550671,-1.0710454933036564,0.9914399432340728,1.3426617306383717,0.9413236356880759,1.287216899281895,-1.522675206494586,0.5571156369721031,1.4886533388403187,0.6834303569930847,-0.0003895742822356069,1.0,0.0,0.0,0.0,0.0,1.0,1.0,0.0,0.0,0.0,1.0,0.0,0.0,0.0,0.0,0.0,1.0,0.0,85.26
-0.12139994551225756,0.6774232381221134,-0.10357063708069772,0.46361355475455923,-0.26415849870672403,-0.9026137355027024,0.6011002167993322,-0.4505517062452843,-0.9479229735310695,0.5797099320556421,1.023087030288276,0.24024257455305337,-1.4457519980986537,1.4642025859699048,-1.14181597525532,0.16377159957185883,-1.0731404349772096,0.560939450518537,-1.5586867032241427,0.0,1.0,0.0,0.0,1.0,0.0,1.0,0.0,0.0,0.0,0.0,0.0,0.0,1.0,1.0,0.0,0.0,0.0,42.52
1.4803585439292912,0.5755703982300505,0.8414169275242054,-0.7700574264976002,1.4586143189458474,-1.5966650507681408,1.631660914664355,-1.2230691635134285,0.028669978815311713,-1.719556553266238,-1.2273724935661625,-0.6925736344422158,-0.41840299115246626,1.6411882726579148,-1.14181597525532,0.9153396710330397,0.5342595799671219,0.23174513936818986,0.38918470795324117,1.0,0.0,0.0,0.0,1.0,0.0,0.0,1.0,0.0,0.0,0.0,0.0,0.0,1.0,0.0,1.0,0.0,0.0,61.41
0.012079928607871505,2.1288262065840153,1.4084094662871471,-0.27658903399672946,1.4586143189458474,-1.5966650507681408,-1.510509743379432,-0.335947468079131,0.09842661826862466,1.1103098902068453,-1.0656207152891248,-1.2013824757123632,0.004623070531257804,-0.6596256542862126,0.0007617184624784484,-0.6369644765643526,0.18264082669804943,-0.5032002994790968,-1.1691124209886659,0.0,1.0,1.0,0.0,0.0,0.0,1.0,0.0,0.0,0.0,1.0,0.0,0.0,0.0,0.0,0.0,0.0,1.0,27.78
1.0131789845088395,-0.3920315807445506,1.345410295313487,1.2038161435058654,0.3100991071774664,-1.5966650507681408,-0.647452282861923,-1.3334288002660206,0.23793989717525055,-0.5994010860581426,-0.7737642457892523,0.4098455216431025,-0.8112129055730675,-0.48263996759820277,0.7624801809410108,1.7792917531800048,0.28310332763207013,-0.6792809775362593,0.778758990188718,0.0,1.0,0.0,1.0,0.0,0.0,0.0,0.0,1.0,0.0,0.0,1.0,0.0,0.0,0.0,0.0,1.0,0.0,57.81
0.07881986566793604,0.14269582868878097,-1.426553227527562,-1.2635258189984535,0.8843567130616569,0.8325145526608937,-0.5872619942642349,0.2455629255787579,-0.7386530551711307,0.10806552481012828,0.1404849357766133,1.5122646777284217,0.09527151232062724,0.4022884658418462,0.7624801809410108,1.5545237318084366,0.7351845818351633,1.63273488217083,1.5579075546596715,1.0,0.0,1.0,0.0,0.0,0.0,0.0,0.0,0.0,1.0,0.0,0.0,0.0,1.0,0.0,0.0,0.0,1.0,50.67
-0.7220593790528383,0.16815903866179713,-0.8595606887646202,0.21687935850414136,0.8843567130616569,-0.9026137355027024,0.350439343889223,-1.575371080839011,1.4238027678815706,-0.4225344333410749,1.2411002966616747,-0.18376479317206912,1.3341335501086766,1.287216899281895,-0.3800975127767877,-1.1216205226467963,-0.06851542563700234,-0.7175593858095554,-0.7795381387531892,0.0,1.0,0.0,1.0,0.0,0.0,0.0,0.0,0.0,1.0,0.0,0.0,1.0,0.0,0.0,1.0,0.0,0.0,52.33
-0.7887993161129029,1.5177091672316354,1.5344078082344677,-0.02985483774629404,1.4586143189458474,-1.5966650507681408,0.4296370920440758,0.07577886903630844,-1.7152460075175118,1.287176542923913,-0.6753066416206206,-0.862176581532265,1.545646580950539,0.04831709246582662,-0.3800975127767877,1.407019717783345,0.2328720771650598,1.63273488217083,-0.38996385651771237,0.0,1.0,1.0,0.0,0.0,0.0,0.0,0.0,0.0,1.0,0.0,1.0,0.0,0.0,1.0,0.0,0.0,0.0,47.95
1.3468786698091622,-0.1883259009604239,0.0854268758402829,0.7103477510049946,-1.412673710475105,0.4854888950281745,-0.22334834149268598,1.2939794747283822,1.2145328495216317,0.75657658477271,-0.23224742286177805,0.833852889368225,-1.3853197035724074,-0.305654280910193,-0.7609567440160538,1.210347699083223,1.0365720846372255,0.4384485440439892,-0.38996385651771237,1.0,0.0,0.0,0.0,0.0,1.0,0.0,0.0,1.0,0.0,0.0,0.0,1.0,0.0,0.0,0.0,0.0,1.0,72.93
1.6138384180494203,0.1936222486348133,0.8414169275242054,0.7103477510049946,-0.26415849870672403,1.526565867926332,-0.7428855693885207,1.1284400195994944,0.1681832577219376,0.6386654829613314,-1.5684577651503508,0.15544110100802916,-0.8112129055730675,-1.7215397744142713,-1.14181597525532,1.0698676857259928,0.08217832576402873,1.0355917131074097,-0.38996385651771237,0.0,1.0,0.0,0.0,0.0,1.0,0.0,0.0,1.0,0.0,1.0,0.0,0.0,0.0,0.0,1.0,0.0,0.0,63.08
1.1466588586289685,0.5246439782840182,0.5264210726559043,0.21687935850414136,1.4586143189458474,-0.9026137355027024,-1.3162772660296553,1.2812456704876984,-1.575732728610886,0.1670210757158175,-1.3961569578552453,0.4946469951881267,1.666511170003032,-0.48263996759820277,-0.7609567440160538,-0.7633964885858596,-1.424759188246282,1.4949326123869637,-0.7795381387531892,1.0,0.0,0.0,0.0,1.0,0.0,0.0,0.0,1.0,0.0,0.0,0.0,1.0,0.0,0.0,1.0,0.0,0.0,23.57
1.6805783551094848,0.09176940874274951,0.5264210726559043,-0.27658903399672946,-0.8384161045909145,0.8325145526608937,-1.5279332479734997,1.417072915721658,-0.5293831368111919,1.6998653992637378,1.5399894521735922,-0.5229706873521667,-0.8112129055730675,0.2253027791538364,1.143339412180277,0.585211639643549,1.3379595874392876,1.1351155746179797,-0.0003895742822356069,0.0,1.0,1.0,0.0,0.0,0.0,0.0,0.0,0.0,1.0,0.0,1.0,0.0,0.0,0.0,1.0,0.0,0.0,41.25
-1.5896785608336772,-0.5448108405826458,0.8414169275242054,0.46361355475455923,-0.26415849870672403,-0.5555880778699831,1.0220362482423753,-1.358896408747388,0.5867230944418153,-1.3068676969264135,-1.5051635910419447,-0.35336774026211826,0.6693783103199674,-1.5445540877262616,-1.522675206494586,-0.5807724712214606,-1.6256841901143235,0.22408945771353062,1.5579075546596715,1.0,0.0,0.0,1.0,0.0,0.0,1.0,0.0,0.0,0.0,1.0,0.0,0.0,0.0,0.0,0.0,0.0,1.0,57.72
0.6794792992085168,0.1172326187157657,0.5264210726559043,1.2038161435058654,0.8843567130616569,-0.5555880778699831,-1.2533150562465474,-1.2782489818897245,0.44720981553518935,-1.719556553266238,-0.2779598819400713,-0.5229706873521667,-0.8716452000993138,0.7562598392178658,-0.3800975127767877,-1.4306765520327025,0.5844908304341323,-0.6716252958816,1.1683332724241948,1.0,0.0,0.0,0.0,1.0,0.0,0.0,0.0,1.0,0.0,0.0,1.0,0.0,0.0,0.0,1.0,0.0,0.0,46.92
1.6138384180494203,1.0084449677713192,0.4004227307085839,-0.02985483774629404,1.4586143189458474,-0.20856242023726393,1.0226302313535365,0.1776493029617781,0.23793989717525055,1.4050876447352916,0.5307990094451175,0.4946469951881267,-0.509051432941836,1.287216899281895,0.7624801809410108,-0.4683884605356765,0.7854158323021737,0.8288883084316102,-1.1691124209886659,0.0,1.0,1.0,0.0,0.0,0.0,0.0,1.0,0.0,0.0,0.0,0.0,1.0,0.0,0.0,0.0,1.0,0.0,55.3
-1.322718812593419,-1.1304646699620098,-0.35556732097533855,-0.27658903399672946,0.3100991071774664,0.1384632373954553,-1.4214122767052226,1.3194470832097498,-0.041086660638001225,1.4640431956409807,-1.6985624563731856,-0.35336774026211826,-1.0831582309411758,1.1102312125938854,0.0007617184624784484,-1.6133005693971016,0.08217832576402873,-1.6209298210593452,1.5579075546596715,0.0,1.0,0.0,1.0,0.0,0.0,0.0,0.0,1.0,0.0,0.0,1.0,0.0,0.0,0.0,1.0,0.0,0.0,66.49
-0.38835969375251567,0.04084298879671807,-1.426553227527562,0.46361355475455923,-0.8384161045909145,0.4854888950281745,1.1113317092869717,1.5911015736776686,0.028669978815311713,-0.06880112790693943,-0.11620810366303357,0.5794484687331517,1.2132689610561844,0.7562598392178658,-1.14181597525532,0.5079476322970725,-1.5754529396473131,0.5303167238999,-1.1691124209886659,0.0,1.0,0.0,0.0,1.0,0.0,0.0,1.0,0.0,0.0,1.0,0.0,0.0,0.0,0.0,0.0,1.0,0.0,41.5
-1.18923893847329,-0.7994429403128039,-1.5525515694748826,-0.02985483774629404,1.4586143189458474,-0.5555880778699831,-1.4756627341912967,-1.5583926751847659,0.93550629170838,-0.5404455351524533,0.7839757058787418,-0.6077721608971917,1.3341335501086766,1.6411882726579148,-1.522675206494586,-1.2340045333325804,1.6895783407083602,-0.5721014343710299,0.778758990188718,0.0,1.0,0.0,1.0,0.0,0.0,0.0,0.0,0.0,1.0,0.0,0.0,1.0,0.0,1.0,0.0,0.0,0.0,59.6
0.8129591733286459,1.1357610176363981,-0.6705631758436396,-1.2635258189984535,-1.412673710475105,0.8325145526608937,0.006325128156387306,-0.5057315246215803,-1.2269495313443213,0.8744876865840884,-0.29202525396416157,0.4946469951881267,-0.720564463783698,1.6411882726579148,0.3816209497017446,1.3859477157797604,-0.6210591807741163,0.7370201285756994,-0.0003895742822356069,0.0,1.0,0.0,1.0,0.0,0.0,0.0,1.0,0.0,0.0,0.0,0.0,1.0,0.0,0.0,0.0,1.0,0.0,52.24
-0.5885795049327093,-1.639728869422326,-1.2375557146065814,0.21687935850414136,-0.8384161045909145,0.1384632373954553,-1.4138884906305116,-0.993860687181122,-0.45962649735787886,-1.188956595115035,-0.0775283305967854,0.6642499422781758,1.1226205192668148,-0.305654280910193,0.0007617184624784484,0.03733958755035177,-0.9726779340431888,-1.092687786887858,0.778758990188718,1.0,0.0,0.0,0.0,1.0,0.0,0.0,0.0,1.0,0.0,0.0,0.0,0.0,1.0,1.0,0.0,0.0,0.0,25.22
-1.5229386237736127,-0.6466636804747087,1.2824111243398268,-1.2635258189984535,1.4586143189458474,-1.5966650507681408,-0.7909982013925938,0.852540927718014,1.4935594073348835,1.4050876447352916,1.118028291450885,0.3250440480980783,-0.509051432941836,-1.3675684010382516,-0.7609567440160538,-1.4166285506969796,-0.5205966798400956,-0.24290712322068278,-0.0003895742822356069,0.0,1.0,1.0,0.0,0.0,0.0,0.0,0.0,1.0,0.0,0.0,0.0,0.0,1.0,1.0,0.0,0.0,0.0,46.03
-0.12139994551225756,0.2954750885268762,0.02242770486662269,0.21687935850414136,-1.412673710475105,-1.5966650507681408,-0.7066525996076756,0.4577929962568195,1.1447762100683188,0.6976210338670207,0.04906001762002675,0.9186543629132492,-1.4155358508355305,1.6411882726579148,1.524198643419543,-0.41219645519278447,-1.6759154405813337,0.9284121699421803,0.38918470795324117,1.0,0.0,0.0,0.0,1.0,0.0,1.0,0.0,0.0,0.0,0.0,1.0,0.0,0.0,0.0,0.0,1.0,0.0,34.8
-0.8555392531729674,1.5177091672316354,-0.9855590307119406,-0.7700574264976002,-0.8384161045909145,1.179540210293613,-0.42352064995407657,-1.3079611917846532,-0.25035657899794006,-0.8352232896808995,0.6820017587040875,-0.5229706873521667,0.8808913411618293,1.4642025859699048,-0.7609567440160538,-1.4587725547041486,-1.726146691048344,-1.4754718696208198,1.1683332724241948,1.0,0.0,0.0,1.0,0.0,0.0,0.0,0.0,0.0,1.0,0.0,0.0,0.0,1.0,1.0,0.0,0.0,0.0,52.96
1.5470984809893558,-0.16286269098740863,1.1564127823925063,-0.02985483774629404,-1.412673710475105,1.526565867926332,-0.5282596718888695,-0.07278218043833455,0.23793989717525055,0.284932177527196,-1.4735165039877418,0.6642499422781758,0.3370006904256127,1.287216899281895,-1.14181597525532,1.2595157037582534,-1.726146691048344,1.4643098857683268,-1.5586867032241427,0.0,1.0,0.0,0.0,1.0,0.0,0.0,1.0,0.0,0.0,0.0,0.0,0.0,1.0,0.0,0.0,1.0,0.0,29.75
-1.18923893847329,-0.6466636804747087,1.4714086372608075,0.46361355475455923,-1.412673710475105,0.1384632373954553,1.5290998308038206,0.610598647145024,0.5169664549885024,-1.0710454933036564,-1.4348367309214936,0.24024257455305337,-0.7809967583099442,1.6411882726579148,0.0007617184624784484,0.6624756469900256,-0.721521681708137,1.0432473947620688,-1.5586867032241427,1.0,0.0,0.0,0.0,0.0,1.0,0.0,0.0,0.0,1.0,0.0,0.0,0.0,1.0,0.0,0.0,0.0,1.0,71.79
-0.05466000845219303,1.823267686907825,-0.7335623468172998,2.4374871247580248,-0.8384161045909145,1.526565867926332,-1.6877147048759154,0.9289437531621164,0.8657496522550671,-1.424778798737792,-1.5227453060720575,-0.862176581532265,-0.8716452000993138,-0.48263996759820277,1.524198643419543,1.463211723126237,-1.6256841901143235,1.112148529654002,-0.0003895742822356069,1.0,0.0,1.0,0.0,0.0,0.0,0.0,0.0,1.0,0.0,0.0,0.0,0.0,1.0,1.0,0.0,0.0,0.0,17.03
-1.6564184978937417,-1.5633392395032784,1.030414440445186,0.7103477510049946,-0.8384161045909145,0.8325145526608937,0.46507808434337244,-1.6475293048695518,1.3540461284282577,-0.8941788405865888,-1.6563663403009148,-1.9645957376175833,1.6362950227399082,-1.7215397744142713,1.143339412180277,0.33234761560053494,0.08217832576402873,0.04800877965636818,-1.5586867032241427,1.0,0.0,0.0,0.0,1.0,0.0,1.0,0.0,0.0,0.0,1.0,0.0,0.0,0.0,0.0,0.0,1.0,0.0,6.29
-0.4550996308125802,-2.3272355386937527,0.21142521778760331,1.2038161435058654,-1.412673710475105,0.4854888950281745,-0.5322195592966121,1.306713278969066,1.4238027678815706,0.10806552481012828,-0.11972444666905613,-1.7101913169825098,1.2434851083193075,0.7562598392178658,0.3816209497017446,-1.1707885273218268,1.6895783407083602,-1.062065060269221,-0.7795381387531892,1.0,0.0,1.0,0.0,0.0,0.0,0.0,0.0,1.0,0.0,1.0,0.0,0.0,0.0,1.0,0.0,0.0,0.0,43.49
0.07881986566793604,0.37186471844592384,1.2194119533661667,1.6972845360067186,0.8843567130616569,0.1384632373954553,-1.2313376811335757,0.21585071568382913,0.6564797338951281,0.8155321356783991,1.4977933361013214,-2.3038016317976817,1.0621882247405687,1.4642025859699048,-0.7609567440160538,1.6107157371513285,0.7854158323021737,-0.5567900710617114,1.5579075546596715,0.0,1.0,1.0,0.0,0.0,0.0,0.0,0.0,1.0,0.0,0.0,0.0,0.0,1.0,0.0,1.0,0.0,0.0,53.11
1.3468786698091622,-0.5957372605286773,-0.41856649194899875,0.46361355475455923,-0.8384161045909145,-0.5555880778699831,1.2911105975984878,1.0435479913282695,1.2145328495216317,-1.7785121041719274,-1.1781436914818466,0.4098455216431025,-1.294671261783038,-0.12866859422218316,0.3816209497017446,-1.2129325313289958,-0.26944042750504377,1.0585587580713873,0.778758990188718,1.0,0.0,1.0,0.0,0.0,0.0,0.0,0.0,1.0,0.0,0.0,1.0,0.0,0.0,0.0,0.0,1.0,0.0,65.06
-1.322718812593419,-1.1304646699620098,-1.5525515694748826,0.21687935850414136,1.4586143189458474,0.4854888950281745,0.28391323543914654,1.0265695856740247,-1.575732728610886,-1.188956595115035,1.1918714945773587,-0.35336774026211826,0.8808913411618293,0.2253027791538364,0.0007617184624784484,-0.06099642179970928,-0.5205966798400956,-0.25821848653000123,0.38918470795324117,0.0,1.0,1.0,0.0,0.0,0.0,0.0,1.0,0.0,0.0,1.0,0.0,0.0,0.0,0.0,1.0,0.0,0.0,46.72
1.1466588586289685,0.6264968181760819,-1.4895523985012222,-1.016791622748018,-0.26415849870672403,1.179540210293613,-1.4303220233726435,-1.0702635126252242,-0.45962649735787886,-1.4837343496434812,-0.5733326944459664,0.07063962746300421,-0.9925097891518064,-0.8366113409742223,-1.522675206494586,-1.6273485707328246,-0.018284175169991985,-1.5443730045127528,1.1683332724241948,0.0,1.0,1.0,0.0,0.0,0.0,0.0,0.0,1.0,0.0,0.0,0.0,0.0,1.0,1.0,0.0,0.0,0.0,46.07
-1.2559788755333545,0.16815903866179713,0.5264210726559043,-0.02985483774629404,0.3100991071774664,1.526565867926332,1.658588149037005,-1.3419180030931432,-1.0874362524376953,-0.6583566369638318,0.28465499902353825,-0.18376479317206912,1.6362950227399082,0.4022884658418462,0.0007617184624784484,0.8802196676937322,-0.5205966798400956,-1.4218820980382052,1.1683332724241948,1.0,0.0,0.0,0.0,1.0,0.0,0.0,0.0,0.0,1.0,1.0,0.0,0.0,0.0,1.0,0.0,0.0,0.0,53.78
1.3468786698091622,-0.6721268904477249,0.7784177565505451,-0.7700574264976002,-1.412673710475105,1.526565867926332,0.554175551017582,0.7336920881382994,0.09842661826862466,0.22597662662150675,0.29520402804160595,0.5794484687331517,-1.5666165871511464,-1.1905827143502419,0.7624801809410108,0.2831796109255044,-0.42013417890607485,0.1781553677855752,0.38918470795324117,0.0,1.0,0.0,0.0,1.0,0.0,0.0,0.0,0.0,1.0,0.0,0.0,1.0,0.0,0.0,0.0,0.0,1.0,46.83
0.5459994250883877,-1.3850967696921679,1.2824111243398268,-0.5233232302471649,-1.412673710475105,0.4854888950281745,0.9252170011230676,-1.1848677507913774,-0.7386530551711307,0.75657658477271,1.212969552613494,0.5794484687331517,-0.539267580204959,0.4022884658418462,1.524198643419543,0.430683624950596,-1.5754529396473131,0.4614155890079669,-0.38996385651771237,0.0,1.0,0.0,1.0,0.0,0.0,1.0,0.0,0.0,0.0,1.0,0.0,0.0,0.0,0.0,0.0,1.0,0.0,43.78
-0.8555392531729674,0.8047392879871925,-0.9855590307119406,1.6972845360067186,0.3100991071774664,-1.5966650507681408,-0.2702730072744363,1.1708860337351064,-1.0176796129843824,0.34388772843288523,0.6609037006679522,0.07063962746300421,-0.26732225483685046,1.1102312125938854,-1.522675206494586,-1.536036562050625,-0.9224466835761784,-0.9242627904853548,-0.38996385651771237,0.0,1.0,1.0,0.0,0.0,0.0,0.0,0.0,0.0,1.0,1.0,0.0,0.0,0.0,0.0,1.0,0.0,0.0,60.15
-0.6553194419927738,0.5755703982300505,0.3374235597349237,-0.02985483774629404,0.8843567130616569,1.526565867926332,1.6162173537741586,0.7506704937925444,1.4935594073348835,0.5797099320556421,-1.016391913204809,0.07063962746300421,1.1226205192668148,-1.7215397744142713,-0.7609567440160538,0.21996360491475087,-1.0731404349772096,1.502588294041623,-0.38996385651771237,1.0,0.0,1.0,0.0,0.0,0.0,0.0,0.0,1.0,0.0,0.0,1.0,0.0,0.0,0.0,0.0,0.0,1.0,50.56
0.6127393621484523,-0.1883259009604239,1.030414440445186,-1.016791622748018,0.3100991071774664,1.179540210293613,-0.7187302562012906,1.141173823840178,0.028669978815311713,-0.3046233315296964,0.5237663234330724,0.15544110100802916,0.9111074884249528,-1.0135970276622321,1.143339412180277,-1.5149645600470405,1.0365720846372255,0.5456280872092185,0.38918470795324117,0.0,1.0,0.0,1.0,0.0,0.0,0.0,0.0,1.0,0.0,1.0,0.0,0.0,0.0,1.0,0.0,0.0,0.0,50.15
1.5470984809893558,1.797804476934809,-0.41856649194899875,1.2038161435058654,-0.8384161045909145,-0.5555880778699831,-0.01268233140077738,-0.700983189645397,-0.11084330009131417,1.5819542974523593,0.9316621121316893,1.427463204183396,-0.4486191384155896,1.1102312125938854,0.3816209497017446,-1.3253165420147799,-1.5754529396473131,0.07097582462034589,-1.5586867032241427,0.0,1.0,1.0,0.0,0.0,0.0,0.0,0.0,0.0,1.0,0.0,1.0,0.0,0.0,1.0,0.0,0.0,0.0,42.02
0.8796991103887104,-1.181391089908041,1.5344078082344677,0.95708194725543,0.3100991071774664,-0.9026137355027024,0.2989608075885686,-0.6415587698555398,-0.8781663340777566,-1.1300010442093458,-1.3574771847889973,-2.049397211162608,0.21613610137311998,1.287216899281895,0.0007617184624784484,-1.3182925413469184,0.031947075297018374,0.7140530836117217,-1.1691124209886659,0.0,1.0,0.0,1.0,0.0,0.0,1.0,0.0,0.0,0.0,0.0,0.0,1.0,0.0,0.0,0.0,0.0,1.0,41.9
-1.5229386237736127,-1.639728869422326,-0.35556732097533855,0.95708194725543,-1.412673710475105,-0.5555880778699831,-1.111947075790135,0.5639080315958503,0.44720981553518935,-0.06880112790693943,1.1989041805894038,-0.6925736344422158,1.1528366665299379,-0.6596256542862126,-1.14181597525532,0.9364116730366242,-0.721521681708137,0.7906099001583141,0.38918470795324117,1.0,0.0,1.0,0.0,0.0,0.0,1.0,0.0,0.0,0.0,0.0,0.0,0.0,1.0,0.0,1.0,0.0,0.0,30.32
-1.6564184978937417,-0.7994429403128039,1.4084094662871471,-2.0037284077497595,0.3100991071774664,-0.5555880778699831,0.8590868814137654,-1.6093278921475007,0.795993012801754,-0.1867122297183179,-1.3012156966926363,0.833852889368225,-1.687481176203639,0.9332455259058755,-0.7609567440160538,-0.06802042246757078,0.7854158323021737,0.4996939972812631,-1.5586867032241427,0.0,1.0,0.0,0.0,1.0,0.0,0.0,0.0,0.0,1.0,0.0,1.0,0.0,0.0,1.0,0.0,0.0,0.0,60.92
-1.3894587496534836,-0.13739948101439245,-1.6155507404485427,1.944018732257154,-0.26415849870672403,1.526565867926332,-0.9293962662931992,0.7506704937925444,-1.505976089157573,-0.24566778062400715,-0.6120124675122145,1.088257310003299,1.031972077477445,-0.48263996759820277,-1.14181597525532,0.24103560691833537,-1.0731404349772096,0.8671667167049064,1.5579075546596715,1.0,0.0,0.0,0.0,0.0,1.0,0.0,1.0,0.0,0.0,1.0,0.0,0.0,0.0,1.0,0.0,0.0,0.0,60.22
1.0131789845088395,0.16815903866179713,0.8414169275242054,-0.5233232302471649,1.4586143189458474,-1.2496393931354215,-0.9040529868836462,1.124195418185933,-0.8781663340777566,0.6386654829613314,-1.0902351163312827,0.4098455216431025,1.545646580950539,0.2253027791538364,-1.522675206494586,1.407019717783345,-0.9726779340431888,1.4413428408043492,0.38918470795324117,1.0,0.0,1.0,0.0,0.0,0.0,0.0,1.0,0.0,0.0,1.0,0.0,0.0,0.0,0.0,0.0,1.0,0.0,46.79
-1.5229386237736127,-0.34110516079851916,0.3374235597349237,0.7103477510049946,-0.8384161045909145,-1.5966650507681408,0.0956205892009839,-0.30623525818420244,-1.1571928918910084,-0.7173121878695211,0.4323414052764858,-0.18376479317206912,-1.6270488816773927,0.5792741525298559,0.7624801809410108,0.9012916696973168,0.7351845818351633,0.17049968613091596,0.778758990188718,1.0,0.0,0.0,1.0,0.0,0.0,0.0,1.0,0.0,0.0,0.0,1.0,0.0,0.0,0.0,0.0,0.0,1.0,64.34
0.14555980272800056,0.27001187855386005,0.21142521778760331,2.4374871247580248,0.3100991071774664,1.526565867926332,-0.2930423598689565,0.8822531376129428,1.6330726862415095,-1.5426899005491703,-0.6190451535242596,1.8514705719085183,-1.5968327344142697,1.4642025859699048,-0.7609567440160538,1.2314197010868073,0.4337970790331012,1.2576064810925274,-1.5586867032241427,1.0,0.0,0.0,0.0,1.0,0.0,0.0,1.0,0.0,0.0,0.0,0.0,1.0,0.0,1.0,0.0,0.0,0.0,51.72
-0.5885795049327093,-1.3596335597191516,1.030414440445186,2.1907529285075893,-1.412673710475105,-1.5966650507681408,-1.237871495356351,-1.121198729587959,0.5867230944418153,1.5819542974523593,1.1320936634749752,0.15544110100802916,-0.539267580204959,0.04831709246582662,0.7624801809410108,-0.8617324979359207,1.3379595874392876,-0.35008666638591207,1.1683332724241948,1.0,0.0,0.0,1.0,0.0,0.0,0.0,0.0,0.0,1.0,0.0,0.0,0.0,1.0,0.0,1.0,0.0,0.0,51.57
-0.05466000845219303,1.3903931173665565,1.4084094662871471,-1.016791622748018,1.4586143189458474,0.8325145526608937,1.334669359083657,-0.6203357627877336,0.795993012801754,-1.5426899005491703,0.9879236002280503,-0.01416184608201998,-1.4457519980986537,0.2253027791538364,0.7624801809410108,-0.12421242781046281,-0.42013417890607485,-0.07448212681817959,-0.0003895742822356069,1.0,0.0,0.0,0.0,0.0,1.0,1.0,0.0,0.0,0.0,1.0,0.0,0.0,0.0,0.0,0.0,1.0,0.0,70.03
1.1466588586289685,-0.16286269098740863,1.2824111243398268,-1.510260015248889,-0.8384161045909145,-1.2496393931354215,-0.4411421489185313,1.5911015736776686,1.5633160467881964,0.5797099320556421,0.4675048353367114,1.3426617306383717,-0.08602537125811162,0.4022884658418462,1.143339412180277,-1.297220539343334,1.1370345855712463,1.0355917131074097,-0.0003895742822356069,0.0,1.0,0.0,0.0,1.0,0.0,0.0,0.0,1.0,0.0,0.0,0.0,1.0,0.0,0.0,0.0,0.0,1.0,45.33
0.47925948802832324,1.0593713877173505,-0.48156566292265895,1.4505503397563009,-1.412673710475105,1.526565867926332,1.6441345599987442,1.6335475878132808,-1.2967061707976342,-0.24566778062400715,-0.30257428298222927,0.4946469951881267,0.7902428993724601,-0.48263996759820277,-1.522675206494586,0.08650759222538229,-0.7717529321751474,-0.9242627904853548,0.38918470795324117,1.0,0.0,0.0,1.0,0.0,0.0,0.0,0.0,1.0,0.0,0.0,0.0,0.0,1.0,0.0,1.0,0.0,0.0,74.98
-1.1224990014132255,0.27001187855386005,1.0934136114188462,0.21687935850414136,0.8843567130616569,-0.20856242023726393,1.169938042921563,0.0248436520735736,-1.7152460075175118,-0.1867122297183179,1.7369046605108556,0.9186543629132492,0.21613610137311998,-1.7215397744142713,0.0007617184624784484,-0.4683884605356765,0.28310332763207013,0.48438263397194464,0.778758990188718,0.0,1.0,1.0,0.0,0.0,0.0,0.0,0.0,0.0,1.0,0.0,0.0,0.0,1.0,1.0,0.0,0.0,0.0,59.15
0.6127393621484523,0.37186471844592384,0.9674152694715258,-0.5233232302471649,-0.26415849870672403,-0.5555880778699831,-0.956125506295462,1.455274328443709,-0.9479229735310695,-0.3046233315296964,1.6067999692880208,1.088257310003299,-1.0529420836780528,-0.305654280910193,1.524198643419543,-1.3253165420147799,1.6393470902413498,-1.5367173228580937,0.778758990188718,0.0,1.0,0.0,1.0,0.0,0.0,0.0,0.0,1.0,0.0,1.0,0.0,0.0,0.0,0.0,0.0,0.0,1.0,64.67
-0.8555392531729674,0.4991807683110029,-0.48156566292265895,0.46361355475455923,0.8843567130616569,0.8325145526608937,1.155088465142528,0.05880046338206349,-0.320113218451253,-0.24566778062400715,-1.4840655330058095,-0.35336774026211826,0.5182975740043516,-1.5445540877262616,0.7624801809410108,-0.6791084805715216,-0.9726779340431888,-1.5596843678220713,-0.0003895742822356069,1.0,0.0,1.0,0.0,0.0,0.0,0.0,1.0,0.0,0.0,0.0,1.0,0.0,0.0,0.0,0.0,0.0,1.0,44.71
0.27903967684812964,0.37186471844592384,0.9674152694715258,-0.27658903399672946,-0.26415849870672403,-1.2496393931354215,0.8474052135609246,-0.7264507981267644,-1.0176796129843824,1.2282209920182239,-1.167594662463779,1.766669098363494,0.6391621630568444,0.5792741525298559,-1.522675206494586,0.11460359489682831,1.5891158397743395,0.4920383156266039,-1.5586867032241427,0.0,1.0,0.0,0.0,0.0,1.0,1.0,0.0,0.0,0.0,1.0,0.0,0.0,0.0,0.0,1.0,0.0,0.0,74.88
1.4136186068692267,0.5755703982300505,-1.1115573726592611,0.7103477510049946,0.3100991071774664,1.526565867926332,-0.6337906713052109,-0.8070982249844277,1.2842894889749448,1.0513543393011562,-0.8862872219819742,-2.558206052432755,1.4852142864242925,0.4022884658418462,1.143339412180277,-0.6369644765643526,-1.4749904387132924,0.4078258174253523,1.5579075546596715,0.0,1.0,0.0,0.0,1.0,0.0,0.0,0.0,0.0,1.0,1.0,0.0,0.0,0.0,0.0,0.0,0.0,1.0,16.39
-0.7887993161129029,1.2630770675014773,0.6524194146032247,-0.02985483774629404,-0.8384161045909145,1.179540210293613,-0.9394939791829429,1.4425405242030256,1.2842894889749448,0.6386654829613314,0.10883784872241027,-2.049397211162608,-1.2342389672567917,0.9332455259058755,-0.7609567440160538,0.9996276790473778,0.18264082669804943,-0.5797571160256891,0.38918470795324117,0.0,1.0,0.0,0.0,1.0,0.0,1.0,0.0,0.0,0.0,1.0,0.0,0.0,0.0,0.0,1.0,0.0,0.0,44.26
-1.2559788755333545,0.1172326187157657,-1.5525515694748826,0.7103477510049946,0.3100991071774664,0.4854888950281745,-1.5922814183493175,-1.1296879324150815,1.2842894889749448,-0.5994010860581426,-1.2449542085962753,-0.6925736344422158,0.6693783103199674,-1.5445540877262616,-0.3800975127767877,0.1356755969004128,0.18264082669804943,1.2499507994378682,1.5579075546596715,0.0,1.0,0.0,0.0,0.0,1.0,0.0,0.0,0.0,1.0,0.0,0.0,1.0,0.0,1.0,0.0,0.0,0.0,45.61
-0.8555392531729674,0.6264968181760819,1.4084094662871471,-1.016791622748018,-0.26415849870672403,0.4854888950281745,-1.719987787249018,0.25405212840588015,-0.8084096946244436,-1.7785121041719274,0.010380244553778591,-0.43816921380714247,1.4247819918980464,-1.1905827143502419,-0.3800975127767877,-1.5711565653899326,0.3333345780990805,-1.3989150530742274,-0.38996385651771237,1.0,0.0,0.0,1.0,0.0,0.0,0.0,0.0,0.0,1.0,0.0,1.0,0.0,0.0,0.0,0.0,1.0,0.0,46.16
-0.25487981963238665,-0.1883259009604239,-1.741549082395863,1.4505503397563009,-0.26415849870672403,-1.5966650507681408,0.8711645380073805,0.16916010013465582,0.5867230944418153,1.3461320938296022,0.6573873576619297,0.3250440480980783,0.004623070531257804,0.2253027791538364,1.143339412180277,0.6975956503293331,0.7351845818351633,-0.4266434829325044,-1.1691124209886659,0.0,1.0,0.0,0.0,1.0,0.0,0.0,0.0,0.0,1.0,0.0,0.0,1.0,0.0,0.0,1.0,0.0,0.0,39.78
0.8796991103887104,1.3903931173665565,-0.04057146610703752,0.7103477510049946,-0.26415849870672403,-1.2496393931354215,-1.3091494686957186,0.797361109341718,0.5867230944418153,-0.1867122297183179,-0.8616728209398162,-0.6925736344422158,-0.47883528567871264,0.9332455259058755,-1.522675206494586,0.9012916696973168,-0.6712904312411266,-1.0084752886866064,-0.7795381387531892,1.0,0.0,1.0,0.0,0.0,0.0,0.0,0.0,0.0,1.0,1.0,0.0,0.0,0.0,0.0,0.0,1.0,0.0,50.46
-0.38835969375251567,-0.7739797303397877,-0.29256815000167835,0.7103477510049946,1.4586143189458474,-0.5555880778699831,1.0438156289849596,-0.021846963475599716,-0.041086660638001225,0.9923987883954669,1.3149434997881484,-0.01416184608201998,-1.1435905254674221,-0.12866859422218316,1.143339412180277,-0.503508463874984,-0.21920917703803341,-1.1539332401251319,-0.38996385651771237,0.0,1.0,1.0,0.0,0.0,0.0,1.0,0.0,0.0,0.0,0.0,1.0,0.0,0.0,0.0,0.0,0.0,1.0,52.22
-0.7220593790528383,1.7468780569887774,0.4004227307085839,-1.016791622748018,-1.412673710475105,-0.5555880778699831,-0.9016770544390007,-0.7901198193301828,-1.505976089157573,1.5819542974523593,0.17916470884286148,-0.18376479317206912,1.2737012555824305,-1.3675684010382516,1.524198643419543,0.9574836750402087,-0.26944042750504377,1.0891814846900243,1.1683332724241948,0.0,1.0,1.0,0.0,0.0,0.0,0.0,0.0,1.0,0.0,0.0,0.0,0.0,1.0,0.0,1.0,0.0,0.0,22.63
1.213398795689033,-0.13739948101439245,-0.9855590307119406,1.6972845360067186,-0.8384161045909145,-0.9026137355027024,1.2437899430759631,-1.1381771352422039,0.028669978815311713,1.5819542974523593,0.11235419172843283,2.0210735189985685,-0.3881868438893432,-1.1905827143502419,1.524198643419543,1.0487956837224084,-0.9726779340431888,1.6480462454801486,-0.7795381387531892,1.0,0.0,0.0,0.0,1.0,0.0,0.0,0.0,0.0,1.0,0.0,1.0,0.0,0.0,1.0,0.0,0.0,0.0,32.55
-0.5885795049327093,-1.5378760295302623,1.1564127823925063,-0.02985483774629404,0.3100991071774664,0.4854888950281745,0.06275352371671997,0.39412397505340085,-0.6688964157178177,-0.953134391492278,-0.8757381929639065,-0.862176581532265,1.4549981391611695,-0.8366113409742223,0.0007617184624784484,-0.3208844465105849,1.0868033351042359,0.4614155890079669,1.1683332724241948,0.0,1.0,0.0,1.0,0.0,0.0,0.0,1.0,0.0,0.0,1.0,0.0,0.0,0.0,0.0,1.0,0.0,0.0,53.7
1.3468786698091622,0.04084298879671807,0.3374235597349237,0.7103477510049946,0.3100991071774664,0.8325145526608937,0.5868446221314587,0.7252028853111772,-1.0874362524376953,1.4050876447352916,0.4499231203065986,-1.7101913169825098,1.183052813793061,-1.0135970276622321,-0.3800975127767877,1.3578517131083145,-0.06851542563700234,0.8595110350502472,0.38918470795324117,0.0,1.0,0.0,0.0,1.0,0.0,0.0,0.0,0.0,1.0,0.0,1.0,0.0,0.0,0.0,1.0,0.0,0.0,40.37
-0.1881398825723221,-0.7739797303397877,-1.1115573726592611,-0.27658903399672946,0.8843567130616569,-1.2496393931354215,-0.9553335288139135,0.22009531709739028,1.3540461284282577,-0.8352232896808995,-0.5487182934038084,1.088257310003299,-0.4486191384155896,1.287216899281895,-0.3800975127767877,-1.1918605293254114,-0.31967167797205415,-0.6333468876083038,-0.38996385651771237,0.0,1.0,0.0,1.0,0.0,0.0,1.0,0.0,0.0,0.0,0.0,0.0,0.0,1.0,0.0,1.0,0.0,0.0,51.39
-0.05466000845219303,0.7792760780141763,0.4634219016822441,0.21687935850414136,-0.26415849870672403,-0.5555880778699831,0.10809423453537323,0.7931165079281569,-1.6454893680641989,-0.3046233315296964,-0.2463127948858683,-0.7773751079872407,0.24635224863624303,-1.3675684010382516,1.524198643419543,0.42365962428273446,1.388190837906298,0.12456559620296054,0.778758990188718,1.0,0.0,0.0,1.0,0.0,0.0,0.0,0.0,0.0,1.0,0.0,0.0,0.0,1.0,0.0,0.0,1.0,0.0,53.14
-0.12139994551225756,-0.7485165203667725,1.4084094662871471,0.21687935850414136,-0.26415849870672403,-0.9026137355027024,1.7221443419312743,-1.2358029677541122,0.6564797338951281,-0.6583566369638318,1.205936866601449,-0.09896331962704417,-1.657265028940516,-0.12866859422218316,1.143339412180277,-1.1075725213110734,0.8356470827691841,-1.1079991501971764,-0.0003895742822356069,0.0,1.0,1.0,0.0,0.0,0.0,0.0,1.0,0.0,0.0,0.0,1.0,0.0,0.0,0.0,0.0,1.0,0.0,63.23
1.213398795689033,-0.5448108405826458,-0.7335623468172998,-2.743930996501048,-0.26415849870672403,-1.2496393931354215,-0.8208953513210507,1.2812456704876984,-0.45962649735787886,-0.3635788824353856,-1.0480390002590119,-0.6925736344422158,-0.8414290528361906,0.04831709246582662,0.7624801809410108,0.2902036115933659,0.7351845818351633,-0.18166166998340888,-0.0003895742822356069,1.0,0.0,0.0,0.0,1.0,0.0,1.0,0.0,0.0,0.0,0.0,0.0,0.0,1.0,0.0,0.0,0.0,1.0,32.97
0.9464390474487749,-2.021677019017563,0.4004227307085839,0.46361355475455923,0.3100991071774664,0.1384632373954553,-0.2962102697951506,0.26254133123300283,-1.366462810250947,-1.0710454933036564,-0.6471758975724401,0.7490514158232008,0.7298106048462135,1.4642025859699048,-0.7609567440160538,0.416635623614873,0.031947075297018374,-1.5749957311313898,1.5579075546596715,0.0,1.0,0.0,0.0,1.0,0.0,0.0,0.0,0.0,1.0,0.0,0.0,1.0,0.0,0.0,0.0,0.0,1.0,60.0
0.14555980272800056,-0.5448108405826458,-0.6705631758436396,1.944018732257154,0.8843567130616569,-0.5555880778699831,0.2682716801785631,-1.286738184716847,-0.45962649735787886,0.10806552481012828,0.5378316954571626,-1.3709854228024116,0.6089460157937213,0.5792741525298559,-0.3800975127767877,-0.7774444899215827,-1.5252216891803028,-0.03620371854488341,-0.7795381387531892,1.0,0.0,1.0,0.0,0.0,0.0,0.0,1.0,0.0,0.0,0.0,1.0,0.0,0.0,0.0,0.0,0.0,1.0,34.98
-0.7887993161129029,-2.3781619586397844,0.715418585576885,0.46361355475455923,-1.412673710475105,0.1384632373954553,1.3804060586430844,-0.1449404044688755,-1.2269495313443213,-0.3635788824353856,1.4591135630350733,-2.897411946612853,-0.509051432941836,0.04831709246582662,1.524198643419543,-0.8617324979359207,-0.1187466761040127,0.04800877965636818,-0.38996385651771237,1.0,0.0,0.0,1.0,0.0,0.0,1.0,0.0,0.0,0.0,0.0,0.0,0.0,1.0,0.0,0.0,0.0,1.0,41.92
1.213398795689033,-1.6906552893683575,-0.41856649194899875,-1.016791622748018,1.4586143189458474,-1.2496393931354215,1.015898422760374,1.1539076280808616,-0.8084096946244436,-1.3658232478321026,0.04906001762002675,1.3426617306383717,1.0621882247405687,-1.1905827143502419,1.143339412180277,-0.18742843382121635,0.9863408341702151,0.8977894433235434,-0.0003895742822356069,0.0,1.0,1.0,0.0,0.0,0.0,0.0,0.0,0.0,1.0,0.0,0.0,0.0,1.0,0.0,1.0,0.0,0.0,51.86
-1.7231584349538063,0.6774232381221134,-0.29256815000167835,0.7103477510049946,-0.8384161045909145,-0.5555880778699831,-0.8135695596167268,1.3321808874504333,-1.0874362524376953,-1.5426899005491703,-0.7421171587350492,0.24024257455305337,-0.93207749462556,-0.8366113409742223,-1.522675206494586,-0.7493484872501366,-0.5708279303071059,-0.6486582509176223,-1.5586867032241427,0.0,1.0,0.0,1.0,0.0,0.0,0.0,1.0,0.0,0.0,0.0,1.0,0.0,0.0,0.0,0.0,1.0,0.0,52.45
-0.12139994551225756,0.7028864480951296,-0.6075640048699794,0.95708194725543,-1.412673710475105,0.1384632373954553,0.33895567040676927,-0.8155874278115502,-1.575732728610886,-1.4837343496434812,1.0934138904087272,1.088257310003299,-0.14645766578435798,1.1102312125938854,-0.7609567440160538,-0.8898285006073667,-1.17360293591123,-0.5797571160256891,0.778758990188718,1.0,0.0,1.0,0.0,0.0,0.0,1.0,0.0,0.0,0.0,0.0,0.0,1.0,0.0,0.0,0.0,1.0,0.0,53.33
-1.322718812593419,0.3464015084729076,0.5264210726559043,0.46361355475455923,0.3100991071774664,-0.20856242023726393,0.0962145723121453,0.6997352768298098,0.8657496522550671,-0.4814899842467641,0.6433219856378394,1.2578602570933475,-0.11624151852123467,1.4642025859699048,-1.14181597525532,-1.2761485373397494,1.3379595874392876,-0.0974491717821573,1.1683332724241948,1.0,0.0,1.0,0.0,0.0,0.0,0.0,0.0,0.0,1.0,0.0,1.0,0.0,0.0,0.0,0.0,1.0,0.0,81.75
-1.18923893847329,-1.0795382500159774,0.6524194146032247,-0.02985483774629404,1.4586143189458474,-0.9026137355027024,1.6164153481445458,-1.375874814401633,0.23793989717525055,1.2282209920182239,1.0477014313304338,-0.9469780550772892,-0.5694837274680821,0.4022884658418462,-1.14181597525532,-1.5852045667256556,1.4886533388403187,-0.49554461782443754,0.38918470795324117,0.0,1.0,0.0,0.0,1.0,0.0,1.0,0.0,0.0,0.0,0.0,0.0,0.0,1.0,0.0,0.0,1.0,0.0,60.14
-0.1881398825723221,-0.13739948101439245,-0.48156566292265895,-0.27658903399672946,1.4586143189458474,0.8325145526608937,-1.306773536251073,-1.6008386893203783,-0.7386530551711307,-0.06880112790693943,1.5505384811916598,0.07063962746300421,1.5758627282136621,-0.12866859422218316,1.143339412180277,-1.46579655537201,-1.5754529396473131,1.4643098857683268,1.5579075546596715,1.0,0.0,0.0,0.0,1.0,0.0,0.0,1.0,0.0,0.0,0.0,1.0,0.0,0.0,0.0,0.0,0.0,1.0,15.31
-1.7231584349538063,-0.086473061068361,-1.3005548855802416,-0.27658903399672946,1.4586143189458474,0.4854888950281745,1.153702504549818,0.18613850578890076,-0.1805999395446271,-1.0120899423979672,1.7228392884867654,0.4946469951881267,0.6693783103199674,0.04831709246582662,0.3816209497017446,-1.564132564722071,-1.2740654368452509,-0.5338230260977338,-0.7795381387531892,0.0,1.0,0.0,0.0,1.0,0.0,0.0,0.0,0.0,1.0,0.0,0.0,0.0,1.0,0.0,1.0,0.0,0.0,35.47
1.1466588586289685,-1.2577807198270887,-0.04057146610703752,0.7103477510049946,-0.26415849870672403,-0.9026137355027024,0.6533707305815352,0.6445554584535136,-0.1805999395446271,1.3461320938296022,-0.18653496378348478,-0.09896331962704417,0.12548765958375055,-0.8366113409742223,0.3816209497017446,-0.2436204391641084,0.3835658285660909,0.9284121699421803,-1.1691124209886659,0.0,1.0,1.0,0.0,0.0,0.0,0.0,0.0,0.0,1.0,1.0,0.0,0.0,0.0,0.0,0.0,1.0,0.0,43.88
-1.2559788755333545,1.4413195373125878,-1.4895523985012222,-1.510260015248889,-0.8384161045909145,0.1384632373954553,-0.5385553791490003,0.9883681729519735,-0.5293831368111919,-0.4814899842467641,0.7839757058787418,-0.35336774026211826,0.03483921779438112,-1.5445540877262616,-0.3800975127767877,1.5123797278012676,1.6393470902413498,0.821232626776951,-0.0003895742822356069,0.0,1.0,0.0,0.0,0.0,1.0,0.0,0.0,0.0,1.0,0.0,1.0,0.0,0.0,1.0,0.0,0.0,0.0,64.0
-0.1881398825723221,0.8047392879871925,-0.7335623468172998,-0.27658903399672946,0.3100991071774664,-0.5555880778699831,0.77454328525846,-0.5609113429978763,1.4238027678815706,-1.188956595115035,0.4077270042343279,-0.2685662667170933,-1.2040228199936687,-1.7215397744142713,-1.522675206494586,-0.5667244698857375,-1.726146691048344,1.2269837544738904,1.5579075546596715,0.0,1.0,0.0,1.0,0.0,0.0,0.0,1.0,0.0,0.0,0.0,1.0,0.0,0.0,0.0,1.0,0.0,0.0,62.13
-1.055759064353161,-0.31564195082550295,0.5264210726559043,1.4505503397563009,0.3100991071774664,-0.20856242023726393,-1.4257681528537394,-1.6942199204187256,-0.45962649735787886,-0.009845577001250197,-0.03181587151849213,1.088257310003299,-0.4486191384155896,0.04831709246582662,0.7624801809410108,0.39556362161128844,0.18264082669804943,1.7399144253360592,-1.5586867032241427,1.0,0.0,0.0,0.0,1.0,0.0,0.0,0.0,1.0,0.0,0.0,0.0,0.0,1.0,1.0,0.0,0.0,0.0,16.73
1.6138384180494203,-0.061009851095344826,0.4634219016822441,1.6972845360067186,1.4586143189458474,-0.20856242023726393,0.632185332950112,-0.08551598467901836,0.1681832577219376,-1.4837343496434812,-0.9460650530843577,-0.2685662667170933,0.5787298685305977,0.9332455259058755,1.143339412180277,-1.634372571400686,0.031947075297018374,1.0355917131074097,-1.5586867032241427,0.0,1.0,0.0,0.0,1.0,0.0,0.0,0.0,0.0,1.0,0.0,0.0,0.0,1.0,0.0,1.0,0.0,0.0,33.47
-0.6553194419927738,0.1172326187157657,1.5974069792081278,-1.510260015248889,0.3100991071774664,0.4854888950281745,1.2507197460395127,-1.6602631091102356,0.028669978815311713,-1.188956595115035,0.9035313680835089,0.5794484687331517,1.4549981391611695,-1.3675684010382516,-1.14181597525532,-1.0443565153003198,0.6347220809011427,0.9896576231794542,-0.7795381387531892,1.0,0.0,0.0,0.0,1.0,0.0,0.0,1.0,0.0,0.0,0.0,0.0,0.0,1.0,0.0,1.0,0.0,0.0,37.22
-1.2559788755333545,-2.1744562788556574,-0.6075640048699794,-1.2635258189984535,-0.8384161045909145,-0.20856242023726393,-0.6617078775297965,-1.4013424228830003,-1.0874362524376953,-1.0710454933036564,-1.318797411722749,0.3250440480980783,1.0924043720036918,-1.0135970276622321,-1.14181597525532,1.2033236984153615,-0.018284175169991985,-0.4572662095511414,-0.7795381387531892,0.0,1.0,1.0,0.0,0.0,0.0,1.0,0.0,0.0,0.0,0.0,0.0,0.0,1.0,0.0,1.0,0.0,0.0,29.92
0.5459994250883877,-0.34110516079851916,-0.10357063708069772,-0.27658903399672946,-0.8384161045909145,-0.9026137355027024,-1.1956986944638919,-0.6076019585470499,1.4935594073348835,-1.1300010442093458,1.6736104864024495,-1.0317795286223141,-0.6903483165205748,0.7562598392178658,-1.522675206494586,0.9012916696973168,1.6895783407083602,0.6451519487197885,-0.0003895742822356069,1.0,0.0,1.0,0.0,0.0,0.0,1.0,0.0,0.0,0.0,0.0,1.0,0.0,0.0,1.0,0.0,0.0,0.0,50.51
0.5459994250883877,-0.7739797303397877,1.5344078082344677,0.95708194725543,0.8843567130616569,1.526565867926332,0.35420123692657846,-0.2298324327401002,-1.505976089157573,1.3461320938296022,-1.0550716862710572,0.3250440480980783,-0.2371061075737274,0.7562598392178658,-0.3800975127767877,1.168203695076054,-0.1187466761040127,-0.931918472140014,-0.38996385651771237,0.0,1.0,1.0,0.0,0.0,0.0,0.0,1.0,0.0,0.0,0.0,0.0,0.0,1.0,0.0,0.0,1.0,0.0,57.01
0.4125195509682587,-1.1050014599889935,0.3374235597349237,-1.7569942114993242,0.8843567130616569,-0.20856242023726393,1.6023577478470594,-0.7646522108488154,-1.6454893680641989,-1.719556553266238,1.0406687453183887,-1.5405883698924607,-1.4457519980986537,-1.1905827143502419,0.3816209497017446,0.9855796777116548,1.0868033351042359,0.7982655818129732,0.38918470795324117,1.0,0.0,0.0,0.0,1.0,0.0,0.0,0.0,1.0,0.0,0.0,1.0,0.0,0.0,0.0,0.0,1.0,0.0,52.44
-1.4561986867135481,-0.3665683707715353,-1.1115573726592611,-0.02985483774629404,-1.412673710475105,0.4854888950281745,-1.4439836349293556,0.2582967298194417,-1.575732728610886,1.287176542923913,0.4428904342945535,0.4098455216431025,-1.3853197035724074,-1.1905827143502419,0.0007617184624784484,1.392971716447622,0.031947075297018374,0.7982655818129732,1.1683332724241948,1.0,0.0,0.0,0.0,1.0,0.0,0.0,1.0,0.0,0.0,0.0,0.0,1.0,0.0,1.0,0.0,0.0,0.0,32.14
1.0131789845088395,1.7468780569887774,1.5974069792081278,-0.5233232302471649,-0.8384161045909145,-0.20856242023726393,-1.5746599193848627,-1.5286804652898374,-1.2967061707976342,0.22597662662150675,0.08422344768025235,0.9186543629132492,-0.11624151852123467,-0.48263996759820277,-0.3800975127767877,0.8661716663580092,1.1872658360382566,-0.5185116627884153,1.1683332724241948,0.0,1.0,0.0,0.0,1.0,0.0,1.0,0.0,0.0,0.0,0.0,1.0,0.0,0.0,0.0,0.0,1.0,0.0,43.83
0.8129591733286459,0.5755703982300505,1.030414440445186,1.2038161435058654,-0.8384161045909145,-0.20856242023726393,-0.40431519602652477,-1.2230691635134285,-0.6688964157178177,1.4050876447352916,0.13345224976456818,1.088257310003299,0.09527151232062724,-0.6596256542862126,-0.3800975127767877,1.435115720454791,-1.2238341863782405,-1.6285855027140044,-0.38996385651771237,0.0,1.0,0.0,0.0,1.0,0.0,1.0,0.0,0.0,0.0,0.0,0.0,0.0,1.0,0.0,0.0,0.0,1.0,31.08
0.9464390474487749,-0.6721268904477249,1.1564127823925063,-1.7569942114993242,-0.8384161045909145,1.179540210293613,1.5051425119869777,0.6445554584535136,0.37745317608187645,0.284932177527196,-0.6506922405784626,-0.9469780550772892,-0.8414290528361906,1.1102312125938854,0.7624801809410108,-0.9530445066181202,-0.21920917703803341,0.9973133048341134,-1.5586867032241427,0.0,1.0,0.0,1.0,0.0,0.0,0.0,0.0,0.0,1.0,0.0,0.0,0.0,1.0,0.0,0.0,1.0,0.0,57.89
0.07881986566793604,0.4991807683110029,-1.0485582016856008,-0.02985483774629404,0.8843567130616569,-0.9026137355027024,0.3623190061124509,-1.2315583663405512,-1.0874362524376953,-0.8352232896808995,1.6595451143783593,-0.5229706873521667,0.4880814267412285,0.7562598392178658,0.7624801809410108,-0.9670925079538433,-1.6256841901143235,1.5638337472788968,0.778758990188718,0.0,1.0,0.0,0.0,1.0,0.0,0.0,0.0,1.0,0.0,0.0,0.0,1.0,0.0,0.0,0.0,0.0,1.0,25.88
-1.322718812593419,1.339466697420525,1.5974069792081278,-0.5233232302471649,1.4586143189458474,0.1384632373954553,-0.7302139296837442,0.4577929962568195,-0.45962649735787886,-0.1867122297183179,0.1404849357766133,0.24024257455305337,0.6995944575830905,-1.0135970276622321,-1.14181597525532,-1.2059085306611343,-0.16897792657102306,-0.3041525764579567,0.38918470795324117,1.0,0.0,1.0,0.0,0.0,0.0,0.0,1.0,0.0,0.0,0.0,1.0,0.0,0.0,0.0,0.0,0.0,1.0,51.75
-1.18923893847329,0.8556657079332239,-0.48156566292265895,1.4505503397563009,1.4586143189458474,-1.5966650507681408,-0.1483084751159629,-1.5286804652898374,0.1681832577219376,-0.1867122297183179,-1.3012156966926363,-0.5229706873521667,-0.720564463783698,0.4022884658418462,0.7624801809410108,1.322731709769007,0.3333345780990805,-0.6792809775362593,-0.0003895742822356069,0.0,1.0,1.0,0.0,0.0,0.0,1.0,0.0,0.0,0.0,0.0,0.0,1.0,0.0,0.0,0.0,0.0,1.0,39.92
-1.2559788755333545,-0.03554664112232955,1.5974069792081278,0.46361355475455923,0.3100991071774664,1.526565867926332,1.015898422760374,-0.33170286666556986,-0.5991397762645048,-0.5404455351524533,0.5518970674812528,-1.9645957376175833,0.8808913411618293,-1.1905827143502419,-1.14181597525532,-1.1145965219789349,-1.3745279377792716,-1.6592082293326413,-0.38996385651771237,1.0,0.0,0.0,0.0,0.0,1.0,1.0,0.0,0.0,0.0,0.0,1.0,0.0,0.0,1.0,0.0,0.0,0.0,60.52
-0.9890191272930965,-0.7485165203667725,-1.1115573726592611,-0.5233232302471649,1.4586143189458474,-0.20856242023726393,-0.10138380933421258,-1.1127095267608367,0.1681832577219376,0.4028432793385745,0.3514655161379669,-0.6077721608971917,-1.0227259364149297,1.1102312125938854,-0.3800975127767877,-0.23659643849624687,0.7351845818351633,0.8441996717409287,0.38918470795324117,1.0,0.0,0.0,0.0,0.0,1.0,1.0,0.0,0.0,0.0,0.0,0.0,0.0,1.0,0.0,0.0,1.0,0.0,61.97
0.47925948802832324,0.6264968181760819,0.6524194146032247,0.7103477510049946,-0.26415849870672403,0.8325145526608937,1.2643813575962248,-1.3419180030931432,-0.45962649735787886,-1.424778798737792,-1.1886927204999143,0.24024257455305337,0.1557038068468736,1.1102312125938854,-1.522675206494586,0.11460359489682831,-0.8219841826421577,1.602112155552193,1.1683332724241948,0.0,1.0,0.0,1.0,0.0,0.0,0.0,1.0,0.0,0.0,0.0,1.0,0.0,0.0,0.0,0.0,1.0,0.0,71.36
0.4125195509682587,0.32093829849989236,-0.04057146610703752,-0.5233232302471649,0.8843567130616569,-0.20856242023726393,-1.5827776885707352,0.211606114270268,0.795993012801754,-0.953134391492278,1.3290088718122386,1.088257310003299,1.031972077477445,0.5792741525298559,0.0007617184624784484,-0.025876418460401764,0.13240957623103908,0.8441996717409287,0.38918470795324117,1.0,0.0,0.0,0.0,1.0,0.0,0.0,1.0,0.0,0.0,0.0,0.0,0.0,1.0,1.0,0.0,0.0,0.0,31.36
1.4136186068692267,0.8302024979602086,-1.4895523985012222,0.95708194725543,-0.8384161045909145,1.179540210293613,-0.9634512979997859,1.438295922789464,-0.1805999395446271,0.04910997390443904,0.1580666508067261,1.6818676248184699,0.12548765958375055,0.5792741525298559,-1.522675206494586,0.416635623614873,-0.6712904312411266,0.270023547641486,-0.7795381387531892,1.0,0.0,1.0,0.0,0.0,0.0,0.0,0.0,1.0,0.0,0.0,0.0,0.0,1.0,1.0,0.0,0.0,0.0,49.1
-0.25487981963238665,0.5501071882570343,-0.7335623468172998,-0.27658903399672946,1.4586143189458474,0.1384632373954553,0.2849032072910822,-1.5286804652898374,-0.38986985790456596,-1.188956595115035,-0.14082250470519148,0.07063962746300421,1.3945658446349234,1.1102312125938854,-0.3800975127767877,-0.07504442313543229,0.2328720771650598,-0.08979349012749806,1.5579075546596715,1.0,0.0,0.0,1.0,0.0,0.0,0.0,0.0,0.0,1.0,1.0,0.0,0.0,0.0,0.0,0.0,1.0,0.0,65.69
-0.1881398825723221,0.982981757798303,-0.5445648338963192,0.95708194725543,0.8843567130616569,0.8325145526608937,-0.28353863009037417,-0.28501225111639616,-0.8781663340777566,-0.4225344333410749,-1.135947575409576,0.5794484687331517,-1.5364004398880233,-0.48263996759820277,1.524198643419543,1.2454677024225305,0.3835658285660909,-1.3147025548729758,-0.7795381387531892,1.0,0.0,0.0,0.0,1.0,0.0,0.0,0.0,0.0,1.0,1.0,0.0,0.0,0.0,1.0,0.0,0.0,0.0,38.9
0.6794792992085168,-0.6212004705016935,0.7784177565505451,0.46361355475455923,1.4586143189458474,1.526565867926332,1.3010103161178443,0.687001472589126,-0.8781663340777566,-1.6606010023605489,-1.5227453060720575,1.0034558364582733,0.3067845431624894,-1.5445540877262616,1.143339412180277,0.2761556102576429,-0.06851542563700234,1.7016360170627631,-0.38996385651771237,0.0,1.0,1.0,0.0,0.0,0.0,0.0,0.0,0.0,1.0,0.0,1.0,0.0,0.0,1.0,0.0,0.0,0.0,49.17
0.5459994250883877,1.2630770675014773,1.0934136114188462,3.1776897135093134,-1.412673710475105,0.8325145526608937,1.1602363187725935,-0.1449404044688755,1.2145328495216317,-0.06880112790693943,-0.671790298614598,-2.1341986847076324,0.21613610137311998,0.4022884658418462,0.3816209497017446,1.0628436850581313,-0.6712904312411266,-0.5797571160256891,-0.0003895742822356069,0.0,1.0,0.0,0.0,0.0,1.0,1.0,0.0,0.0,0.0,0.0,0.0,0.0,1.0,0.0,0.0,0.0,1.0,55.26
1.1466588586289685,0.1172326187157657,-1.0485582016856008,-0.02985483774629404,-0.8384161045909145,-0.9026137355027024,0.5094288233100901,1.0223249842604634,-1.0176796129843824,-1.4837343496434812,0.21432813890308708,-1.0317795286223141,0.5485137212674747,0.9332455259058755,1.143339412180277,1.2314197010868073,1.0868033351042359,1.1810496645459352,-1.1691124209886659,0.0,1.0,1.0,0.0,0.0,0.0,0.0,0.0,0.0,1.0,0.0,0.0,1.0,0.0,1.0,0.0,0.0,0.0,40.47
0.8796991103887104,2.026973366691951,-1.426553227527562,0.46361355475455923,-1.412673710475105,0.4854888950281745,-1.5594143528650537,-1.104220323933714,1.5633160467881964,1.5819542974523593,0.20377910988501938,0.07063962746300421,1.1528366665299379,0.9332455259058755,0.0007617184624784484,-0.2576684404998314,0.5844908304341323,-0.7252150674642146,-1.1691124209886659,0.0,1.0,0.0,0.0,1.0,0.0,1.0,0.0,0.0,0.0,0.0,0.0,0.0,1.0,0.0,0.0,0.0,1.0,17.25
-0.32161975669245113,-0.7994429403128039,-0.7335623468172998,-0.5233232302471649,-0.8384161045909145,0.4854888950281745,-0.20335091008358563,1.5444109581284948,-0.7386530551711307,-1.719556553266238,-1.318797411722749,1.5970661512734459,0.760026752109337,-0.8366113409742223,0.7624801809410108,0.14972359823613582,1.0868033351042359,0.270023547641486,0.38918470795324117,1.0,0.0,0.0,0.0,1.0,0.0,0.0,0.0,1.0,0.0,0.0,0.0,1.0,0.0,0.0,1.0,0.0,0.0,42.9
0.012079928607871505,1.6704884270697298,1.4084094662871471,-0.02985483774629404,0.8843567130616569,1.526565867926332,-0.9612733599255274,-0.40810569210967196,-0.5991397762645048,-1.0120899423979672,1.0371524023123662,0.6642499422781758,1.001755930214322,-1.1905827143502419,1.143339412180277,0.4798516296256265,1.0365720846372255,-1.3147025548729758,-1.1691124209886659,1.0,0.0,1.0,0.0,0.0,0.0,1.0,0.0,0.0,0.0,0.0,1.0,0.0,0.0,0.0,0.0,0.0,1.0,32.97
0.5459994250883877,0.1172326187157657,-0.6075640048699794,-2.743930996501048,0.3100991071774664,0.1384632373954553,-0.8452486588786681,-0.5566667415843151,1.7028293256948224,0.5797099320556421,1.0195706872822532,0.3250440480980783,-0.7507806110468211,-1.3675684010382516,0.7624801809410108,0.7327156536686407,0.13240957623103908,-0.5261673444430746,-1.5586867032241427,0.0,1.0,0.0,0.0,1.0,0.0,0.0,0.0,1.0,0.0,0.0,1.0,0.0,0.0,0.0,0.0,0.0,1.0,22.61
-1.7231584349538063,-0.7485165203667725,-0.16656980805435792,0.46361355475455923,1.4586143189458474,0.4854888950281745,0.1918458532091301,1.2557780620063312,0.1681832577219376,-0.7762677387752103,-1.2836339816625235,-0.2685662667170933,-0.3881868438893432,-0.8366113409742223,-0.3800975127767877,1.0628436850581313,-0.42013417890607485,-1.1692446034344504,1.1683332724241948,0.0,1.0,0.0,1.0,0.0,0.0,0.0,0.0,1.0,0.0,0.0,0.0,1.0,0.0,1.0,0.0,0.0,0.0,67.55
0.5459994250883877,-0.570274050555661,1.2194119533661667,1.2038161435058654,1.4586143189458474,-1.2496393931354215,-1.3241970408451407,0.1988723100295842,-0.45962649735787886,1.1692654411125345,-0.3060906259882518,0.4098455216431025,0.42764913221498213,-1.1905827143502419,0.0007617184624784484,-0.40517245452492295,1.388190837906298,0.4078258174253523,-1.5586867032241427,0.0,1.0,0.0,1.0,0.0,0.0,0.0,0.0,0.0,1.0,0.0,0.0,1.0,0.0,0.0,0.0,1.0,0.0,44.47
0.6794792992085168,-0.41749479071756673,0.9674152694715258,0.46361355475455923,-0.26415849870672403,1.179540210293613,1.5710746373258926,0.0375774563142574,-1.505976089157573,0.75657658477271,-0.32718868402438717,-0.6077721608971917,0.18591995410999693,1.287216899281895,0.3816209497017446,-0.9038765019430898,1.2877283369722774,0.43079286238932996,0.38918470795324117,1.0,0.0,0.0,0.0,1.0,0.0,0.0,0.0,0.0,1.0,0.0,0.0,0.0,1.0,0.0,1.0,0.0,0.0,59.7
1.3468786698091622,0.3464015084729076,0.9674152694715258,-1.2635258189984535,-1.412673710475105,1.526565867926332,-0.4934126627007342,0.7549150952061059,-0.25035657899794006,-0.009845577001250197,0.08070710467422978,-0.7773751079872407,1.6060788754767852,-0.8366113409742223,0.3816209497017446,-1.1497165253182424,1.2877283369722774,0.6681189936837663,-1.5586867032241427,0.0,1.0,0.0,0.0,0.0,1.0,1.0,0.0,0.0,0.0,0.0,1.0,0.0,0.0,0.0,1.0,0.0,0.0,43.55
-0.8555392531729674,0.44825434836497147,1.4714086372608075,-0.7700574264976002,1.4586143189458474,1.526565867926332,1.6696758337786843,0.25405212840588015,-0.25035657899794006,-1.0710454933036564,1.1004465764207723,-0.6925736344422158,-1.113374378204299,-1.0135970276622321,1.524198643419543,0.8029556603472556,-0.5205966798400956,1.3494746609484383,1.1683332724241948,0.0,1.0,1.0,0.0,0.0,0.0,0.0,1.0,0.0,0.0,0.0,0.0,0.0,1.0,0.0,1.0,0.0,0.0,48.98
-1.5896785608336772,-0.6721268904477249,0.21142521778760331,-2.497196800250613,0.8843567130616569,-1.5966650507681408,-0.38015988283929464,-1.1636447437235715,0.795993012801754,-0.3046233315296964,1.381754016902577,1.3426617306383717,-0.539267580204959,-0.305654280910193,-1.14181597525532,0.6975956503293331,0.7351845818351633,-0.6792809775362593,-0.0003895742822356069,0.0,1.0,0.0,0.0,1.0,0.0,0.0,0.0,0.0,1.0,0.0,0.0,1.0,0.0,0.0,0.0,1.0,0.0,52.87
-1.7231584349538063,-0.11193627104137717,-1.426553227527562,0.95708194725543,0.3100991071774664,-1.5966650507681408,0.434388956933367,0.5723972344229726,0.93550629170838,0.75657658477271,0.02092927357184627,-0.862176581532265,0.24635224863624303,0.04831709246582662,0.3816209497017446,0.4096116229470115,0.6849533313681531,-0.02089235523556494,-0.7795381387531892,1.0,0.0,0.0,1.0,0.0,0.0,0.0,0.0,0.0,1.0,1.0,0.0,0.0,0.0,0.0,1.0,0.0,0.0,52.86
-1.4561986867135481,2.1033629966109992,1.6604061501817882,-1.016791622748018,0.8843567130616569,-0.9026137355027024,-1.3323148100310132,-1.2612705762354797,0.5867230944418153,-1.1300010442093458,1.582185568245863,-0.43816921380714247,1.2737012555824305,-0.8366113409742223,-0.7609567440160538,-1.353412544686226,-0.018284175169991985,-0.4572662095511414,-0.0003895742822356069,1.0,0.0,0.0,1.0,0.0,0.0,0.0,1.0,0.0,0.0,1.0,0.0,0.0,0.0,0.0,1.0,0.0,0.0,42.99
-0.05466000845219303,1.6704884270697298,0.4634219016822441,-0.02985483774629404,-1.412673710475105,-0.9026137355027024,0.18570802772712902,1.0223249842604634,0.5169664549885024,-0.7762677387752103,0.12641956375252306,0.4946469951881267,1.4852142864242925,0.9332455259058755,-1.14181597525532,0.54306763563638,-0.5205966798400956,-0.6639696142269408,-1.5586867032241427,1.0,0.0,0.0,1.0,0.0,0.0,0.0,1.0,0.0,0.0,1.0,0.0,0.0,0.0,0.0,0.0,1.0,0.0,52.93
-0.8555392531729674,0.3464015084729076,0.5894202436295646,-0.27658903399672946,-0.26415849870672403,-1.5966650507681408,0.7872149249632364,1.6462813920539645,1.2842894889749448,-1.3068676969264135,-0.3307050270304097,-0.9469780550772892,-0.5694837274680821,1.4642025859699048,0.3816209497017446,-1.0373325146324583,-0.16897792657102306,-1.2687684649450204,-1.5586867032241427,1.0,0.0,0.0,0.0,0.0,1.0,0.0,0.0,0.0,1.0,0.0,0.0,1.0,0.0,0.0,1.0,0.0,0.0,69.83
0.8129591733286459,-0.03554664112232955,-1.1115573726592611,1.4505503397563009,1.4586143189458474,0.4854888950281745,0.3961760434486505,-0.4335733005910394,1.1447762100683188,1.0513543393011562,-0.7983786468314102,0.24024257455305337,-1.5061842926249003,0.04831709246582662,-0.3800975127767877,0.1075795942289668,1.5891158397743395,1.6174235188615116,-0.38996385651771237,1.0,0.0,0.0,1.0,0.0,0.0,0.0,1.0,0.0,0.0,0.0,0.0,0.0,1.0,1.0,0.0,0.0,0.0,61.85
0.012079928607871505,0.04084298879671807,0.2744243887612635,-0.02985483774629404,0.8843567130616569,-0.5555880778699831,-0.32313750416780057,-0.20436482425873279,1.005262931161693,-0.5994010860581426,0.910564054095554,0.24024257455305337,-0.2975384020999738,0.7562598392178658,0.0007617184624784484,1.3086837084332839,-1.424759188246282,-0.35008666638591207,1.5579075546596715,1.0,0.0,0.0,0.0,0.0,1.0,1.0,0.0,0.0,0.0,0.0,1.0,0.0,0.0,1.0,0.0,0.0,0.0,65.15
-1.18923893847329,0.5501071882570343,-0.29256815000167835,0.7103477510049946,-0.8384161045909145,1.526565867926332,0.005335156304451645,-1.5583926751847659,0.5169664549885024,0.9923987883954669,-0.8054113328434553,-0.6077721608971917,-0.3881868438893432,-0.305654280910193,0.0007617184624784484,0.7608116563400866,1.4886533388403187,-0.8247389289747847,1.5579075546596715,1.0,0.0,1.0,0.0,0.0,0.0,0.0,0.0,1.0,0.0,0.0,0.0,1.0,0.0,0.0,0.0,0.0,1.0,56.12
-0.7887993161129029,-1.1304646699620098,-0.35556732097533855,0.46361355475455923,0.3100991071774664,-1.2496393931354215,-1.3095454574364929,-1.6687523119373582,-0.9479229735310695,1.0513543393011562,-0.3307050270304097,-0.2685662667170933,1.666511170003032,1.4642025859699048,-0.7609567440160538,-1.269124536671888,-0.6712904312411266,-0.5644457527163707,-1.5586867032241427,1.0,0.0,0.0,1.0,0.0,0.0,0.0,0.0,1.0,0.0,1.0,0.0,0.0,0.0,0.0,0.0,0.0,1.0,34.51
-0.7887993161129029,-0.34110516079851916,-0.8595606887646202,1.2038161435058654,0.8843567130616569,1.526565867926332,-1.6128728328695794,1.4128283143080969,-1.6454893680641989,1.287176542923913,0.5413480384631851,-0.9469780550772892,-0.2371061075737274,1.4642025859699048,-0.3800975127767877,-0.7072044832429676,1.6895783407083602,0.13987695951227902,-0.7795381387531892,0.0,1.0,0.0,0.0,0.0,1.0,0.0,0.0,0.0,1.0,0.0,0.0,0.0,1.0,0.0,0.0,0.0,1.0,60.33
-0.05466000845219303,-1.7925081292604204,-0.10357063708069772,-0.27658903399672946,0.3100991071774664,-0.20856242023726393,-1.5471387019010514,-1.2782489818897245,0.1681832577219376,1.4640431956409807,0.8191391359389674,1.427463204183396,-0.6903483165205748,-0.305654280910193,-0.7609567440160538,0.6133076423149951,0.9361095837032049,-0.7634934757375108,-0.38996385651771237,0.0,1.0,0.0,1.0,0.0,0.0,0.0,0.0,0.0,1.0,0.0,1.0,0.0,0.0,1.0,0.0,0.0,0.0,57.78
1.0131789845088395,0.32093829849989236,-1.1115573726592611,1.6972845360067186,1.4586143189458474,0.1384632373954553,-0.6106253299699165,-0.20012022284517164,-1.0874362524376953,0.520754381149953,0.12290322074650051,0.24024257455305337,-0.47883528567871264,-1.1905827143502419,0.7624801809410108,-0.14528442981404732,0.3333345780990805,0.5303167238999,-1.1691124209886659,1.0,0.0,0.0,0.0,1.0,0.0,1.0,0.0,0.0,0.0,0.0,1.0,0.0,0.0,1.0,0.0,0.0,0.0,22.65
-0.922279190233032,0.5755703982300505,1.4084094662871471,-2.0037284077497595,-0.8384161045909145,1.179540210293613,-0.1772156531924842,1.0520371941553919,-0.25035657899794006,0.6976210338670207,-0.19708399280155245,-1.1165810021673384,-0.35797069662622016,-0.12866859422218316,-1.522675206494586,0.7959316596793942,-0.7717529321751474,0.7982655818129732,0.778758990188718,1.0,0.0,1.0,0.0,0.0,0.0,0.0,1.0,0.0,0.0,0.0,0.0,1.0,0.0,1.0,0.0,0.0,0.0,54.37
1.6138384180494203,-0.570274050555661,1.345410295313487,0.7103477510049946,-0.26415849870672403,-0.5555880778699831,-1.3360767030683687,1.3024686775555048,-0.5991397762645048,-0.4225344333410749,1.2235185816315617,0.15544110100802916,1.0924043720036918,-0.305654280910193,0.3816209497017446,-0.9249485039466743,-0.721521681708137,-1.1769002850891095,-0.7795381387531892,0.0,1.0,1.0,0.0,0.0,0.0,0.0,0.0,0.0,1.0,0.0,0.0,1.0,0.0,0.0,0.0,0.0,1.0,34.9
0.34577961390819417,1.5177091672316354,-0.7335623468172998,-0.7700574264976002,-0.26415849870672403,-1.2496393931354215,1.606317635254802,0.05031126055494121,0.028669978815311713,0.1670210757158175,1.5399894521735922,0.15544110100802916,-1.4759681453617772,1.4642025859699048,-0.3800975127767877,-0.9741165086217047,-1.3745279377792716,0.6987417203024032,-1.5586867032241427,1.0,0.0,0.0,0.0,1.0,0.0,0.0,0.0,1.0,0.0,0.0,1.0,0.0,0.0,0.0,0.0,0.0,1.0,48.59
0.8129591733286459,-1.3341703497461355,1.4084094662871471,-0.5233232302471649,-0.8384161045909145,-0.20856242023726393,-0.7472414455370376,0.20311691144314534,-1.575732728610886,-1.3658232478321026,-0.464326061259267,-2.3038016317976817,-0.6601321692574518,0.7562598392178658,-1.522675206494586,-1.5992525680613785,-0.1187466761040127,-1.222834375017065,-1.5586867032241427,1.0,0.0,0.0,0.0,0.0,1.0,1.0,0.0,0.0,0.0,0.0,1.0,0.0,0.0,0.0,0.0,0.0,1.0,60.25
1.4803585439292912,-1.5888024494762936,1.5344078082344677,0.46361355475455923,0.3100991071774664,-0.9026137355027024,-0.005554534066840622,0.5596634301822891,-1.2967061707976342,0.75657658477271,-1.2766012956504784,1.3426617306383717,1.6060788754767852,1.4642025859699048,-1.522675206494586,0.19186760224330485,1.1370345855712463,-0.013236673580905705,-0.7795381387531892,1.0,0.0,0.0,0.0,1.0,0.0,1.0,0.0,0.0,0.0,1.0,0.0,0.0,0.0,0.0,0.0,0.0,1.0,56.62
1.6805783551094848,0.14269582868878097,-0.9225598597382804,0.46361355475455923,1.4586143189458474,-1.2496393931354215,0.14214926624195995,1.5486555595420564,1.2842894889749448,1.287176542923913,1.3079108137761033,-1.0317795286223141,-1.2040228199936687,-1.5445540877262616,0.0007617184624784484,-0.587796471889322,-0.5205966798400956,-1.5826514127860491,0.38918470795324117,0.0,1.0,0.0,0.0,1.0,0.0,0.0,1.0,0.0,0.0,0.0,1.0,0.0,0.0,0.0,0.0,0.0,1.0,43.41
0.34577961390819417,0.982981757798303,-0.10357063708069772,0.46361355475455923,0.8843567130616569,-1.5966650507681408,0.21065531839590768,0.33045495384998264,-1.2269495313443213,0.10806552481012828,0.49915192239091444,2.1058749925435922,0.8204590466355832,-0.12866859422218316,0.0007617184624784484,-0.6018444732250451,-1.7763779415153544,1.2805735260565052,-0.38996385651771237,0.0,1.0,0.0,0.0,0.0,1.0,0.0,0.0,0.0,1.0,0.0,0.0,1.0,0.0,0.0,0.0,0.0,1.0,56.55
-1.5229386237736127,1.6195620071236982,-0.6705631758436396,-1.510260015248889,-0.8384161045909145,1.526565867926332,-1.1553078429049168,0.18613850578890076,-0.38986985790456596,-0.4814899842467641,-0.8827708789759516,0.833852889368225,-0.509051432941836,1.4642025859699048,0.7624801809410108,-1.5149645600470405,-1.5754529396473131,-1.1079991501971764,-1.5586867032241427,0.0,1.0,1.0,0.0,0.0,0.0,0.0,0.0,0.0,1.0,0.0,0.0,0.0,1.0,1.0,0.0,0.0,0.0,32.78
0.2122997397880651,-0.5448108405826458,-0.04057146610703752,1.4505503397563009,-1.412673710475105,-1.2496393931354215,-0.29284436549856935,-1.6645077105237966,-0.9479229735310695,-1.0710454933036564,0.4745375213487565,-1.2013824757123632,0.2765683958993663,1.1102312125938854,-0.3800975127767877,-1.1075725213110734,0.2328720771650598,-0.77114915739217,0.778758990188718,0.0,1.0,0.0,0.0,1.0,0.0,1.0,0.0,0.0,0.0,1.0,0.0,0.0,0.0,0.0,0.0,1.0,0.0,38.55
0.6794792992085168,1.0084449677713192,1.4084094662871471,-1.016791622748018,0.3100991071774664,0.1384632373954553,1.3610026103451454,-1.4395438356050516,0.6564797338951281,1.3461320938296022,0.7628776478426065,-0.35336774026211826,-1.4155358508355305,1.6411882726579148,1.524198643419543,-1.6413965720685475,1.3379595874392876,1.63273488217083,-1.1691124209886659,0.0,1.0,1.0,0.0,0.0,0.0,0.0,0.0,1.0,0.0,1.0,0.0,0.0,0.0,0.0,0.0,1.0,0.0,51.23
-0.25487981963238665,-0.13739948101439245,1.1564127823925063,-0.7700574264976002,-0.26415849870672403,0.8325145526608937,1.4029774168672173,0.2455629255787579,-0.5991397762645048,1.287176542923913,-0.9495813960903803,0.9186543629132492,-0.6903483165205748,-1.5445540877262616,-0.3800975127767877,0.23401160625047387,-0.721521681708137,0.270023547641486,-0.0003895742822356069,1.0,0.0,0.0,1.0,0.0,0.0,0.0,0.0,0.0,1.0,0.0,1.0,0.0,0.0,0.0,0.0,0.0,1.0,70.57
0.8129591733286459,-0.26471553087947153,1.1564127823925063,0.7103477510049946,-0.8384161045909145,-0.9026137355027024,0.1443272043162184,1.4637635312708317,0.1681832577219376,1.0513543393011562,-0.9777121401385608,-0.2685662667170933,0.004623070531257804,1.4642025859699048,0.7624801809410108,-0.11016442647473981,1.5891158397743395,-0.043859400199542646,1.1683332724241948,0.0,1.0,0.0,0.0,1.0,0.0,0.0,0.0,1.0,0.0,0.0,0.0,0.0,1.0,0.0,0.0,1.0,0.0,58.45
1.213398795689033,0.8047392879871925,-1.5525515694748826,-0.27658903399672946,-0.26415849870672403,1.179540210293613,-0.35145069913316046,1.2260658521114025,1.0750195706150059,-1.0120899423979672,1.4907606500892763,1.1730587835483233,-0.93207749462556,1.1102312125938854,0.0007617184624784484,-0.39814845385706144,0.5844908304341323,-0.832394610629444,0.778758990188718,1.0,0.0,0.0,0.0,0.0,1.0,1.0,0.0,0.0,0.0,1.0,0.0,0.0,0.0,0.0,0.0,1.0,0.0,76.69
-0.7887993161129029,0.5755703982300505,-1.363554056553902,0.21687935850414136,0.3100991071774664,1.179540210293613,-0.3760020010611648,1.6208137835725973,-1.0874362524376953,-1.0120899423979672,0.3514655161379669,-0.43816921380714247,0.12548765958375055,1.287216899281895,0.0007617184624784484,-1.1497165253182424,1.4886533388403187,1.1274598929633204,1.1683332724241948,1.0,0.0,1.0,0.0,0.0,0.0,0.0,0.0,0.0,1.0,0.0,0.0,1.0,0.0,1.0,0.0,0.0,0.0,61.72
1.079918921568904,-1.6906552893683575,1.030414440445186,-2.2504626040001776,-0.26415849870672403,-1.2496393931354215,0.6727741788794741,0.07577886903630844,-0.25035657899794006,-0.8941788405865888,0.9949562862400954,-0.09896331962704417,-0.9925097891518064,1.1102312125938854,0.3816209497017446,-0.18742843382121635,-1.0229091845101992,1.2040167095099128,0.38918470795324117,0.0,1.0,1.0,0.0,0.0,0.0,0.0,0.0,1.0,0.0,0.0,1.0,0.0,0.0,0.0,0.0,0.0,1.0,56.04
0.14555980272800056,1.4158563273395717,0.4004227307085839,0.21687935850414136,-0.8384161045909145,0.8325145526608937,-0.8589102704353802,0.9586559630570448,0.8657496522550671,1.0513543393011562,-1.255503237614343,0.9186543629132492,0.5182975740043516,-1.5445540877262616,1.143339412180277,1.33677971110473,0.8356470827691841,-0.5874127976803484,0.778758990188718,0.0,1.0,1.0,0.0,0.0,0.0,1.0,0.0,0.0,0.0,0.0,0.0,1.0,0.0,0.0,0.0,0.0,1.0,40.71
0.6127393621484523,1.3140034874475088,1.2194119533661667,0.21687935850414136,0.3100991071774664,1.526565867926332,0.3344017998878653,1.1369292224266165,0.5169664549885024,0.4028432793385745,1.1461590354990654,0.5794484687331517,1.3945658446349234,1.4642025859699048,0.0007617184624784484,-1.3042445400111955,1.4384220883733083,0.10925423289364207,1.5579075546596715,1.0,0.0,0.0,1.0,0.0,0.0,0.0,0.0,1.0,0.0,0.0,1.0,0.0,0.0,0.0,0.0,1.0,0.0,81.21
-0.922279190233032,-0.7230533103937563,-1.2375557146065814,-0.5233232302471649,-1.412673710475105,-0.20856242023726393,-0.11920330266905448,0.4832606047381867,-0.25035657899794006,1.5819542974523593,0.9211130831136216,-0.9469780550772892,-1.4457519980986537,-1.7215397744142713,-0.7609567440160538,-0.6931564819072447,1.388190837906298,1.502588294041623,0.38918470795324117,1.0,0.0,0.0,0.0,1.0,0.0,0.0,0.0,0.0,1.0,1.0,0.0,0.0,0.0,0.0,0.0,0.0,1.0,46.31
0.34577961390819417,0.32093829849989236,-1.3005548855802416,-2.0037284077497595,-0.8384161045909145,-0.5555880778699831,-1.3241970408451407,-0.5651559444114376,1.2842894889749448,1.6998653992637378,-0.37290114310268047,0.4098455216431025,-0.9925097891518064,0.04831709246582662,0.3816209497017446,0.7959316596793942,1.5891158397743395,-1.0467536969599025,1.5579075546596715,1.0,0.0,0.0,0.0,1.0,0.0,0.0,1.0,0.0,0.0,0.0,1.0,0.0,0.0,0.0,0.0,0.0,1.0,46.2
-1.322718812593419,0.42279113839195526,1.4714086372608075,-0.27658903399672946,0.8843567130616569,1.526565867926332,1.648094447406487,-0.11947279598750825,0.795993012801754,0.4617988302442637,-0.664757612602553,0.15544110100802916,1.183052813793061,-0.12866859422218316,-1.14181597525532,0.6203316429828566,1.3379595874392876,-0.4266434829325044,-1.1691124209886659,0.0,1.0,1.0,0.0,0.0,0.0,0.0,0.0,1.0,0.0,0.0,0.0,0.0,1.0,0.0,0.0,0.0,1.0,64.08
1.6138384180494203,0.16815903866179713,1.030414440445186,-0.02985483774629404,1.4586143189458474,-0.20856242023726393,0.26728170832662745,1.196353642216474,-0.8781663340777566,-0.3046233315296964,1.0195706872822532,-0.9469780550772892,0.4578652794781052,-1.0135970276622321,1.143339412180277,1.0487956837224084,1.2877283369722774,-0.7175593858095554,-1.1691124209886659,0.0,1.0,0.0,1.0,0.0,0.0,0.0,1.0,0.0,0.0,0.0,0.0,1.0,0.0,0.0,0.0,0.0,1.0,47.6
-0.32161975669245113,-0.6466636804747087,-0.7335623468172998,-0.27658903399672946,-0.8384161045909145,-0.5555880778699831,-0.38332779276548873,-0.700983189645397,0.09842661826862466,-0.3046233315296964,-0.7210191006989138,-1.4557868963474365,-1.4759681453617772,0.9332455259058755,1.143339412180277,-1.2340045333325804,0.4337970790331012,-0.4419548462418229,-1.1691124209886659,0.0,1.0,0.0,0.0,1.0,0.0,0.0,0.0,0.0,1.0,0.0,0.0,0.0,1.0,0.0,0.0,1.0,0.0,29.36
0.07881986566793604,-0.7739797303397877,-0.7335623468172998,-1.7569942114993242,0.3100991071774664,0.8325145526608937,0.374396662706066,1.421317517135219,-0.7386530551711307,-1.7785121041719274,0.2459752259572901,-1.9645957376175833,-0.05580922399498857,-1.0135970276622321,-0.7609567440160538,0.22698760558261238,0.7854158323021737,0.41548149908001153,0.38918470795324117,0.0,1.0,0.0,1.0,0.0,0.0,0.0,1.0,0.0,0.0,0.0,0.0,1.0,0.0,0.0,1.0,0.0,0.0,57.81
-1.6564184978937417,-0.11193627104137717,1.2824111243398268,1.4505503397563009,1.4586143189458474,-0.5555880778699831,0.7311825181436781,-0.9344362673912648,-0.25035657899794006,0.04910997390443904,-1.0656207152891248,-0.35336774026211826,-1.0227259364149297,0.2253027791538364,1.143339412180277,1.7652437518442816,1.4384220883733083,0.26236786598682676,-1.1691124209886659,0.0,1.0,0.0,1.0,0.0,0.0,1.0,0.0,0.0,0.0,0.0,0.0,1.0,0.0,0.0,0.0,1.0,0.0,51.9
1.0131789845088395,1.110297807663382,0.2744243887612635,-0.7700574264976002,-0.8384161045909145,1.526565867926332,-0.1570202274129967,0.8313179206502079,0.3076965366285635,1.5229987465466701,-0.6858556706386882,-0.09896331962704417,-1.0529420836780528,-1.1905827143502419,1.524198643419543,-0.9670925079538433,-1.726146691048344,-0.6945923408455777,-0.7795381387531892,1.0,0.0,0.0,0.0,1.0,0.0,0.0,1.0,0.0,0.0,0.0,1.0,0.0,0.0,1.0,0.0,0.0,0.0,24.55
1.213398795689033,0.47371755833798673,0.21142521778760331,-0.27658903399672946,-1.412673710475105,0.1384632373954553,0.7434581691076803,0.42383618494832964,1.2145328495216317,-0.953134391492278,0.11938687774047795,0.4946469951881267,1.515430433687416,-0.8366113409742223,0.0007617184624784484,1.463211723126237,0.6347220809011427,-1.2611127832903613,1.1683332724241948,0.0,1.0,0.0,0.0,1.0,0.0,0.0,0.0,1.0,0.0,1.0,0.0,0.0,0.0,0.0,1.0,0.0,0.0,52.56
-1.3894587496534836,-0.4684212106635982,-1.3005548855802416,-2.497196800250613,-1.412673710475105,-1.2496393931354215,1.0947001821744526,0.8313179206502079,1.005262931161693,1.2282209920182239,-0.36235211408461276,0.833852889368225,0.9111074884249528,1.4642025859699048,0.0007617184624784484,1.2454677024225305,-0.721521681708137,0.26236786598682676,1.1683332724241948,1.0,0.0,1.0,0.0,0.0,0.0,0.0,0.0,1.0,0.0,1.0,0.0,0.0,0.0,0.0,1.0,0.0,0.0,60.79
0.07881986566793604,0.7028864480951296,-0.6075640048699794,1.4505503397563009,0.8843567130616569,-0.20856242023726393,-0.19503514652732606,-0.2298324327401002,0.795993012801754,-0.5994010860581426,-0.11620810366303357,-0.43816921380714247,0.6693783103199674,-0.305654280910193,0.3816209497017446,1.61773973781919,-0.36990292843906447,-0.6256912059536446,-0.38996385651771237,1.0,0.0,1.0,0.0,0.0,0.0,0.0,1.0,0.0,0.0,0.0,0.0,0.0,1.0,0.0,1.0,0.0,0.0,34.45
0.07881986566793604,-2.3781619586397844,0.5894202436295646,-0.5233232302471649,-0.26415849870672403,0.1384632373954553,-0.04020354888458875,1.4510297270301478,0.5867230944418153,-0.7762677387752103,0.885949653053396,-0.09896331962704417,-0.93207749462556,0.2253027791538364,0.7624801809410108,-0.38410045252133845,-0.06851542563700234,-0.3730537113498898,1.5579075546596715,1.0,0.0,0.0,0.0,1.0,0.0,1.0,0.0,0.0,0.0,0.0,1.0,0.0,0.0,0.0,0.0,1.0,0.0,52.86
1.1466588586289685,1.0848345976903668,-1.6155507404485427,-0.02985483774629404,1.4586143189458474,-0.20856242023726393,-0.008326455252260473,0.43232538777545193,1.2842894889749448,-0.06880112790693943,-0.8124440188555004,-0.7773751079872407,-1.3248874090461613,0.7562598392178658,-0.7609567440160538,-0.5526764685500145,-0.6210591807741163,-0.36539802969523055,1.1683332724241948,0.0,1.0,1.0,0.0,0.0,0.0,0.0,0.0,0.0,1.0,1.0,0.0,0.0,0.0,1.0,0.0,0.0,0.0,62.16
1.1466588586289685,-1.868897759179468,-1.4895523985012222,0.95708194725543,0.3100991071774664,-1.2496393931354215,-0.7672388769461379,-0.7349400009538869,0.5867230944418153,1.6998653992637378,0.7452959328124936,0.07063962746300421,1.2737012555824305,0.9332455259058755,0.0007617184624784484,0.17079560023972035,-0.31967167797205415,-0.10510485343681654,-1.5586867032241427,0.0,1.0,1.0,0.0,0.0,0.0,0.0,1.0,0.0,0.0,0.0,0.0,1.0,0.0,0.0,0.0,1.0,0.0,27.12
-0.4550996308125802,-0.442958000690582,-0.9855590307119406,-0.7700574264976002,0.3100991071774664,0.4854888950281745,-0.8201033738395023,0.4535483948432584,1.5633160467881964,1.5819542974523593,1.5224077371434794,1.0034558364582733,-1.7176973234667623,0.4022884658418462,-1.522675206494586,-1.3463885440183645,0.28310332763207013,-0.1433832617101127,1.1683332724241948,0.0,1.0,1.0,0.0,0.0,0.0,0.0,0.0,1.0,0.0,0.0,0.0,1.0,0.0,1.0,0.0,0.0,0.0,68.99
0.2122997397880651,-1.2323175098540726,1.1564127823925063,0.95708194725543,-0.26415849870672403,-0.5555880778699831,1.0285700624651506,-0.7434292037810093,0.6564797338951281,-1.0710454933036564,0.7839757058787418,0.07063962746300421,-0.3881868438893432,-0.6596256542862126,0.0007617184624784484,-0.8195884939287517,0.6849533313681531,-1.6515525476779822,-1.5586867032241427,1.0,0.0,0.0,0.0,1.0,0.0,0.0,0.0,1.0,0.0,0.0,1.0,0.0,0.0,0.0,0.0,1.0,0.0,48.7
-1.055759064353161,-1.410559979665183,1.0934136114188462,-2.0037284077497595,-1.412673710475105,0.8325145526608937,0.3136123909972164,-0.7179615952996419,1.1447762100683188,-0.4225344333410749,0.9879236002280503,1.1730587835483233,-0.7809967583099442,1.6411882726579148,-0.3800975127767877,-1.1426925246503807,1.1872658360382566,-1.3147025548729758,-0.38996385651771237,1.0,0.0,1.0,0.0,0.0,0.0,0.0,1.0,0.0,0.0,0.0,0.0,0.0,1.0,0.0,0.0,1.0,0.0,65.45
0.07881986566793604,1.0848345976903668,0.1484260468139431,0.46361355475455923,-1.412673710475105,0.4854888950281745,-0.3734280742461321,-0.3571704751469371,-0.45962649735787886,-0.06880112790693943,-1.3328627837468394,0.9186543629132492,0.24635224863624303,-1.1905827143502419,-1.522675206494586,-0.419220455860646,-0.31967167797205415,0.27767922929614525,0.38918470795324117,1.0,0.0,0.0,1.0,0.0,0.0,0.0,1.0,0.0,0.0,0.0,1.0,0.0,0.0,0.0,0.0,1.0,0.0,56.29
-0.12139994551225756,-0.570274050555661,1.6604061501817882,1.4505503397563009,-0.8384161045909145,0.4854888950281745,0.26510377025236903,1.1793752365622292,-1.2269495313443213,-1.719556553266238,1.3852703599085996,1.427463204183396,-0.8716452000993138,0.04831709246582662,0.7624801809410108,0.472827628957765,-1.2238341863782405,-0.34243098473125283,0.778758990188718,1.0,0.0,0.0,0.0,0.0,1.0,0.0,1.0,0.0,0.0,0.0,0.0,0.0,1.0,0.0,1.0,0.0,0.0,69.99
0.8129591733286459,0.27001187855386005,-0.79656151779096,-0.5233232302471649,0.8843567130616569,1.179540210293613,-0.1791955968963555,-0.017602362062038576,0.93550629170838,-0.7173121878695211,1.3079108137761033,0.15544110100802916,-0.6601321692574518,-0.48263996759820277,-1.522675206494586,-1.5852045667256556,0.6347220809011427,1.4336871591496898,-0.38996385651771237,1.0,0.0,0.0,0.0,0.0,1.0,0.0,0.0,0.0,1.0,0.0,1.0,0.0,0.0,0.0,0.0,1.0,0.0,70.47
0.4125195509682587,-0.13739948101439245,1.345410295313487,0.95708194725543,1.4586143189458474,-1.5966650507681408,-0.6652717761967649,0.5893756400772175,0.5169664549885024,0.9334432374897776,-1.6036211952105763,-0.5229706873521667,1.2132689610561844,-0.8366113409742223,1.143339412180277,1.4280917197869294,0.4840283295001116,-1.4678161879661604,1.1683332724241948,1.0,0.0,1.0,0.0,0.0,0.0,0.0,0.0,1.0,0.0,0.0,0.0,1.0,0.0,1.0,0.0,0.0,0.0,46.36
-1.7231584349538063,0.3973279284189391,0.21142521778760331,1.6972845360067186,0.8843567130616569,1.526565867926332,-1.1363003833477523,-0.38263808362830454,1.2842894889749448,0.75657658477271,-1.4524184459516063,0.5794484687331517,0.3370006904256127,-0.12866859422218316,-1.14181597525532,-0.5105324645428455,0.3333345780990805,1.0202803497980912,1.1683332724241948,0.0,1.0,1.0,0.0,0.0,0.0,0.0,0.0,1.0,0.0,0.0,1.0,0.0,0.0,1.0,0.0,0.0,0.0,53.36
0.012079928607871505,-0.010083431149313378,-0.41856649194899875,-0.27658903399672946,0.8843567130616569,0.1384632373954553,0.5769449036121022,-0.8198320292251116,0.1681832577219376,0.9334432374897776,-0.7632152167711846,-0.35336774026211826,-1.2342389672567917,-0.6596256542862126,0.0007617184624784484,0.26210760892191987,-1.726146691048344,0.7293644469210402,1.5579075546596715,0.0,1.0,1.0,0.0,0.0,0.0,0.0,0.0,1.0,0.0,1.0,0.0,0.0,0.0,1.0,0.0,0.0,0.0,48.02
1.6805783551094848,-1.3850967696921679,0.02242770486662269,-0.27658903399672946,-0.8384161045909145,0.1384632373954553,0.42587519900672033,1.52743255247425,0.795993012801754,-0.3635788824353856,1.645479742354269,0.5794484687331517,0.7902428993724601,-0.6596256542862126,0.3816209497017446,1.1120116897331618,0.8858783332361945,-0.5261673444430746,0.38918470795324117,0.0,1.0,0.0,0.0,1.0,0.0,0.0,0.0,0.0,1.0,1.0,0.0,0.0,0.0,0.0,1.0,0.0,0.0,49.52
-0.922279190233032,0.9320553378522716,-0.41856649194899875,-1.016791622748018,0.8843567130616569,0.1384632373954553,-0.5985476733763013,0.3346995552635438,1.5633160467881964,1.1103098902068453,-0.7526661877531169,-0.6925736344422158,-1.0227259364149297,-1.1905827143502419,1.524198643419543,0.430683624950596,-0.06851542563700234,1.081525803035365,-0.38996385651771237,0.0,1.0,0.0,0.0,1.0,0.0,1.0,0.0,0.0,0.0,0.0,1.0,0.0,0.0,0.0,0.0,1.0,0.0,22.25
0.9464390474487749,-0.5957372605286773,0.9044160984978656,-0.5233232302471649,-0.26415849870672403,0.1384632373954553,1.2602234758180952,1.455274328443709,-0.041086660638001225,-1.0120899423979672,0.6398056426318168,-0.862176581532265,-0.2371061075737274,-1.3675684010382516,0.7624801809410108,0.6835476489936101,0.7854158323021737,-1.2840798282543389,-1.1691124209886659,1.0,0.0,0.0,1.0,0.0,0.0,0.0,0.0,1.0,0.0,0.0,0.0,0.0,1.0,0.0,0.0,1.0,0.0,56.71
-1.5896785608336772,-1.6651920793953412,-1.6155507404485427,-0.7700574264976002,-0.8384161045909145,1.526565867926332,-1.3841893350724417,-1.0235728970760507,0.7262363733484412,-1.4837343496434812,-0.6331105255483499,1.2578602570933475,0.4880814267412285,-0.6596256542862126,0.3816209497017446,-0.20147643515693936,-0.16897792657102306,-0.5108559811337561,0.778758990188718,1.0,0.0,0.0,0.0,1.0,0.0,0.0,0.0,1.0,0.0,0.0,0.0,0.0,1.0,0.0,0.0,0.0,1.0,27.06
0.8129591733286459,-0.5193476306096296,1.5974069792081278,-1.016791622748018,-0.26415849870672403,0.4854888950281745,0.7016813569559953,-1.2145799606863064,-0.5991397762645048,-1.1300010442093458,0.12993590675854563,-1.0317795286223141,-0.8112129055730675,-1.1905827143502419,0.0007617184624784484,-0.31386044584272343,0.7351845818351633,-1.3682923264555904,-0.7795381387531892,0.0,1.0,0.0,0.0,1.0,0.0,1.0,0.0,0.0,0.0,0.0,0.0,1.0,0.0,0.0,1.0,0.0,0.0,39.65
-1.3894587496534836,1.4413195373125878,-1.1745565436329213,1.2038161435058654,-0.8384161045909145,1.526565867926332,0.2391665077316547,1.1921090408029125,-0.11084330009131417,-0.6583566369638318,-1.0128755701987864,1.0034558364582733,-0.41840299115246626,0.4022884658418462,0.3816209497017446,-1.6554445734042706,-0.5205966798400956,-1.0850321052331988,-0.7795381387531892,1.0,0.0,0.0,0.0,0.0,1.0,0.0,0.0,0.0,1.0,0.0,0.0,1.0,0.0,1.0,0.0,0.0,0.0,65.57
-1.2559788755333545,0.7792760780141763,0.8414169275242054,-0.7700574264976002,0.8843567130616569,0.1384632373954553,0.7212827996243214,0.5978648429043402,-0.320113218451253,-0.4814899842467641,1.733388317504833,0.5794484687331517,0.7902428993724601,1.6411882726579148,-0.3800975127767877,1.0909396877295774,1.2877283369722774,-0.43429916458716367,-0.7795381387531892,0.0,1.0,0.0,0.0,1.0,0.0,1.0,0.0,0.0,0.0,0.0,0.0,0.0,1.0,1.0,0.0,0.0,0.0,53.64
0.012079928607871505,-0.442958000690582,-0.48156566292265895,0.21687935850414136,-0.26415849870672403,-1.5966650507681408,0.04513202475226521,-1.082997316865908,-1.6454893680641989,-0.06880112790693943,1.6173489983060885,0.07063962746300421,1.515430433687416,1.1102312125938854,-1.522675206494586,-1.6273485707328246,1.237497086505267,-1.4754718696208198,-0.38996385651771237,0.0,1.0,0.0,0.0,1.0,0.0,1.0,0.0,0.0,0.0,0.0,1.0,0.0,0.0,0.0,0.0,1.0,0.0,48.41
-1.18923893847329,-0.442958000690582,-0.79656151779096,-0.02985483774629404,-0.26415849870672403,-0.9026137355027024,-1.0980874698630358,-0.8028536235708666,0.37745317608187645,-0.06880112790693943,-1.670431712325005,-1.9645957376175833,0.09527151232062724,-0.6596256542862126,1.524198643419543,-1.620324570064963,-0.5205966798400956,0.7599871735396772,-1.1691124209886659,0.0,1.0,0.0,0.0,1.0,0.0,1.0,0.0,0.0,0.0,0.0,0.0,1.0,0.0,1.0,0.0,0.0,0.0,0.0
0.6794792992085168,-0.41749479071756673,-1.0485582016856008,1.4505503397563009,-0.26415849870672403,-1.2496393931354215,0.6373331865801775,1.0053465786062186,1.2842894889749448,0.4028432793385745,0.7804593628727192,1.5122646777284217,-1.7176973234667623,1.1102312125938854,0.0007617184624784484,-0.9319725046145357,0.031947075297018374,-0.6639696142269408,-0.0003895742822356069,1.0,0.0,1.0,0.0,0.0,0.0,1.0,0.0,0.0,0.0,0.0,0.0,0.0,1.0,0.0,0.0,1.0,0.0,63.38
0.4125195509682587,2.026973366691951,-1.678549911422203,-0.5233232302471649,-0.8384161045909145,0.1384632373954553,-0.40926505528620305,-0.17465261436380422,0.5169664549885024,1.5819542974523593,-0.05643027256065005,-0.9469780550772892,-0.5694837274680821,-1.1905827143502419,1.143339412180277,-0.7704204892537212,-0.31967167797205415,-1.5979627760953676,-0.7795381387531892,0.0,1.0,0.0,1.0,0.0,0.0,0.0,0.0,0.0,1.0,0.0,0.0,0.0,1.0,0.0,0.0,1.0,0.0,35.5
1.6138384180494203,0.2954750885268762,0.7784177565505451,0.46361355475455923,0.3100991071774664,0.8325145526608937,1.6581921602962306,0.5596634301822891,0.3076965366285635,-0.06880112790693943,0.06664173265013955,0.9186543629132492,-0.35797069662622016,0.04831709246582662,0.7624801809410108,1.0277236817188238,-1.2740654368452509,1.0279360314527504,-0.0003895742822356069,0.0,1.0,1.0,0.0,0.0,0.0,0.0,0.0,0.0,1.0,0.0,1.0,0.0,0.0,0.0,0.0,0.0,1.0,57.97
1.0131789845088395,0.3464015084729076,-0.29256815000167835,0.7103477510049946,0.8843567130616569,-0.9026137355027024,0.37617861203955016,-0.6330695670284173,-0.9479229735310695,0.5797099320556421,-0.991777512162651,-0.6925736344422158,-0.5694837274680821,-1.3675684010382516,1.143339412180277,-0.8055404925930286,0.8356470827691841,-0.8936400638667178,0.778758990188718,0.0,1.0,1.0,0.0,0.0,0.0,1.0,0.0,0.0,0.0,1.0,0.0,0.0,0.0,0.0,1.0,0.0,0.0,44.95
1.1466588586289685,0.9575185478252877,0.4004227307085839,1.4505503397563009,-0.26415849870672403,1.526565867926332,-1.4590312070787776,-0.4208394963503557,1.2842894889749448,-0.06880112790693943,0.02444561657786883,-0.7773751079872407,-0.2371061075737274,0.04831709246582662,-1.522675206494586,-0.6650604792357986,0.2328720771650598,1.0432473947620688,1.5579075546596715,1.0,0.0,0.0,1.0,0.0,0.0,0.0,1.0,0.0,0.0,0.0,0.0,0.0,1.0,0.0,0.0,1.0,0.0,55.03
-0.1881398825723221,0.16815903866179713,0.0854268758402829,-0.5233232302471649,1.4586143189458474,0.8325145526608937,-0.3904555900994255,1.6505259934675256,-0.9479229735310695,1.5229987465466701,-0.31663965500631946,0.6642499422781758,0.4578652794781052,-1.3675684010382516,1.524198643419543,-1.3253165420147799,-1.5754529396473131,0.7293644469210402,-1.1691124209886659,1.0,0.0,0.0,1.0,0.0,0.0,0.0,1.0,0.0,0.0,0.0,0.0,1.0,0.0,0.0,0.0,1.0,0.0,30.56
-0.7887993161129029,-0.34110516079851916,0.0854268758402829,-0.5233232302471649,0.3100991071774664,0.8325145526608937,1.1135096473612303,-0.8750118476014076,1.6330726862415095,1.5819542974523593,-0.22169839384371037,0.4946469951881267,-1.3248874090461613,0.2253027791538364,-1.522675206494586,0.4798516296256265,1.4886533388403187,-1.130966195161154,1.5579075546596715,0.0,1.0,0.0,0.0,0.0,1.0,0.0,1.0,0.0,0.0,0.0,1.0,0.0,0.0,0.0,0.0,1.0,0.0,100.0
0.34577961390819417,-0.2901787408524877,1.1564127823925063,-1.016791622748018,1.4586143189458474,-0.20856242023726393,1.643342582517196,0.0036206450057675115,-0.11084330009131417,0.284932177527196,-1.4559347889576288,-1.2013824757123632,-0.8112129055730675,-1.7215397744142713,-0.7609567440160538,1.3999957171154835,-1.17360293591123,1.7169473803720816,0.38918470795324117,1.0,0.0,0.0,1.0,0.0,0.0,0.0,1.0,0.0,0.0,0.0,1.0,0.0,0.0,0.0,0.0,0.0,1.0,62.0
0.34577961390819417,-0.16286269098740863,0.4004227307085839,2.1907529285075893,0.8843567130616569,0.8325145526608937,-1.7138499617670166,1.1539076280808616,-0.11084330009131417,1.0513543393011562,0.26707328399342545,1.427463204183396,0.004623070531257804,-1.1905827143502419,1.143339412180277,-1.1497165253182424,1.3379595874392876,-1.1003434685425173,0.38918470795324117,1.0,0.0,1.0,0.0,0.0,0.0,0.0,0.0,1.0,0.0,0.0,1.0,0.0,0.0,0.0,0.0,1.0,0.0,48.59
-0.1881398825723221,-0.11193627104137717,-0.6075640048699794,1.4505503397563009,0.8843567130616569,0.1384632373954553,0.5381380070162243,-0.9047240574963361,-1.0176796129843824,0.1670210757158175,-1.4489021029455837,-0.18376479317206912,-0.6601321692574518,0.5792741525298559,-1.522675206494586,0.7256916530007791,-0.5708279303071059,-0.21994007825670508,-0.7795381387531892,1.0,0.0,0.0,0.0,1.0,0.0,0.0,0.0,0.0,1.0,1.0,0.0,0.0,0.0,0.0,1.0,0.0,0.0,50.75
0.9464390474487749,0.6519600281490973,1.345410295313487,-0.02985483774629404,-0.26415849870672403,-0.20856242023726393,-1.3493423258843065,-0.30623525818420244,-0.8781663340777566,-0.8941788405865888,-0.6542085835844852,0.07063962746300421,1.696727317266155,-1.7215397744142713,-1.522675206494586,-1.0232845132967352,0.3835658285660909,1.0738701213807058,1.5579075546596715,1.0,0.0,0.0,0.0,1.0,0.0,0.0,0.0,0.0,1.0,1.0,0.0,0.0,0.0,0.0,1.0,0.0,0.0,39.77
1.6805783551094848,-0.03554664112232955,-1.3005548855802416,1.944018732257154,-0.26415849870672403,1.179540210293613,-0.636958581231405,0.3729009679855948,0.09842661826862466,-0.4225344333410749,-1.52626164907808,-0.35336774026211826,-0.2371061075737274,0.5792741525298559,0.3816209497017446,0.044363588218213276,-1.12337168544422,-0.9701968804133102,-0.38996385651771237,1.0,0.0,0.0,0.0,1.0,0.0,1.0,0.0,0.0,0.0,0.0,0.0,1.0,0.0,1.0,0.0,0.0,0.0,28.17
1.4803585439292912,0.6519600281490973,-0.16656980805435792,-0.02985483774629404,-0.8384161045909145,0.4854888950281745,1.726104229339017,-0.08127138326545702,-1.2269495313443213,-1.0120899423979672,0.13345224976456818,-1.1165810021673384,1.2737012555824305,0.4022884658418462,0.0007617184624784484,-0.8125644932608902,1.6393470902413498,-1.3989150530742274,-0.0003895742822356069,1.0,0.0,0.0,1.0,0.0,0.0,0.0,0.0,1.0,0.0,0.0,0.0,1.0,0.0,0.0,1.0,0.0,0.0,68.34
1.4803585439292912,-0.16286269098740863,1.2824111243398268,0.7103477510049946,0.3100991071774664,0.8325145526608937,0.8937358962315135,-0.15342960729599794,-1.0874362524376953,-0.3046233315296964,-0.9988101981746961,0.7490514158232008,1.3643496973718003,0.4022884658418462,0.3816209497017446,-1.493892558043456,1.1370345855712463,0.2547121843321676,-0.7795381387531892,1.0,0.0,0.0,1.0,0.0,0.0,1.0,0.0,0.0,0.0,0.0,1.0,0.0,0.0,1.0,0.0,0.0,0.0,60.2
1.6805783551094848,-0.010083431149313378,0.715418585576885,-0.02985483774629404,0.3100991071774664,-1.5966650507681408,-0.3516486935035476,-0.48450851755377417,-1.2269495313443213,-1.3658232478321026,0.06664173265013955,0.24024257455305337,1.1528366665299379,0.7562598392178658,-0.7609567440160538,-1.536036562050625,0.9863408341702151,1.3341632976391198,-0.0003895742822356069,1.0,0.0,1.0,0.0,0.0,0.0,1.0,0.0,0.0,0.0,0.0,0.0,1.0,0.0,0.0,1.0,0.0,0.0,47.13
-0.9890191272930965,-2.123529858909626,-1.363554056553902,0.46361355475455923,-0.26415849870672403,-1.2496393931354215,-1.3818134026277962,0.27527513547368665,-0.38986985790456596,-1.0120899423979672,1.7052575734566524,-0.862176581532265,-1.5968327344142697,1.1102312125938854,0.3816209497017446,1.603691736483467,0.7854158323021737,-0.8859843822120586,1.1683332724241948,1.0,0.0,0.0,0.0,1.0,0.0,0.0,0.0,0.0,1.0,0.0,0.0,0.0,1.0,1.0,0.0,0.0,0.0,44.4
0.8129591733286459,0.8556657079332239,0.0854268758402829,0.21687935850414136,0.8843567130616569,0.8325145526608937,-0.5045003474424136,0.40261317788052353,-1.2269495313443213,-0.009845577001250197,-1.255503237614343,0.9186543629132492,1.545646580950539,0.2253027791538364,-1.14181597525532,-0.2927884438391389,1.4886533388403187,-1.5749957311313898,1.1683332724241948,1.0,0.0,1.0,0.0,0.0,0.0,0.0,0.0,1.0,0.0,1.0,0.0,0.0,0.0,0.0,0.0,1.0,0.0,68.31
-1.6564184978937417,0.27001187855386005,-1.363554056553902,-0.5233232302471649,-0.26415849870672403,1.179540210293613,1.1333090843999434,0.5044836118059932,-1.1571928918910084,-1.719556553266238,1.237583953655652,0.07063962746300421,-1.294671261783038,0.5792741525298559,1.143339412180277,-0.7844684905894441,1.5891158397743395,-1.5903070944407083,1.1683332724241948,0.0,1.0,0.0,0.0,0.0,1.0,0.0,1.0,0.0,0.0,0.0,1.0,0.0,0.0,0.0,0.0,0.0,1.0,84.89
-1.5896785608336772,0.9320553378522716,-1.6155507404485427,0.95708194725543,0.8843567130616569,-0.5555880778699831,1.3550627792335315,-1.4777452483271025,-1.2967061707976342,0.9923987883954669,0.10532150571638771,0.07063962746300421,-1.6270488816773927,0.2253027791538364,0.3816209497017446,-0.8476844966001977,-1.2238341863782405,1.4872769307323046,0.38918470795324117,0.0,1.0,1.0,0.0,0.0,0.0,0.0,0.0,0.0,1.0,0.0,1.0,0.0,0.0,0.0,0.0,0.0,1.0,52.1
1.4803585439292912,-2.3781619586397844,-1.741549082395863,0.7103477510049946,0.8843567130616569,1.526565867926332,-0.7706047812427193,0.4280807863618908,-0.8084096946244436,-1.6016454514548597,0.31278574307171875,1.766669098363494,-0.2975384020999738,1.287216899281895,-0.3800975127767877,0.7959316596793942,1.5891158397743395,0.3772030908067153,-1.5586867032241427,1.0,0.0,0.0,1.0,0.0,0.0,0.0,0.0,1.0,0.0,0.0,0.0,0.0,1.0,0.0,0.0,0.0,1.0,57.19
0.6794792992085168,2.052436576664967,0.4634219016822441,0.95708194725543,-0.26415849870672403,1.526565867926332,0.21897108195216722,1.5231879510606887,0.1681832577219376,-1.7785121041719274,1.269231040709855,-1.6253898434374858,-1.0831582309411758,-1.1905827143502419,-0.3800975127767877,1.3297557104368685,0.3333345780990805,-1.6056184577500268,0.38918470795324117,0.0,1.0,0.0,1.0,0.0,0.0,0.0,0.0,1.0,0.0,0.0,0.0,0.0,1.0,0.0,0.0,1.0,0.0,63.54
1.4803585439292912,-0.23925232090645623,-0.22956897902801815,0.21687935850414136,-1.412673710475105,1.179540210293613,-0.9464237821464926,0.12246948458548212,-1.6454893680641989,1.4050876447352916,1.4309828189868927,-1.6253898434374858,-1.113374378204299,0.5792741525298559,0.7624801809410108,0.5922356403114105,-1.5252216891803028,0.18581104944023444,0.778758990188718,0.0,1.0,0.0,0.0,0.0,1.0,0.0,0.0,0.0,1.0,0.0,0.0,0.0,1.0,0.0,0.0,0.0,1.0,48.96
-0.6553194419927738,1.0339081777443344,0.5264210726559043,-1.016791622748018,0.3100991071774664,-0.5555880778699831,0.1449211874273798,0.7124690810704933,1.2145328495216317,-0.6583566369638318,-1.438353073927516,-1.4557868963474365,-0.7507806110468211,1.4642025859699048,-0.7609567440160538,-0.6510124779000755,-1.0731404349772096,-0.06682644516352036,1.5579075546596715,1.0,0.0,0.0,1.0,0.0,0.0,0.0,0.0,0.0,1.0,0.0,0.0,0.0,1.0,0.0,1.0,0.0,0.0,69.89
1.4803585439292912,-1.155927879935025,-1.741549082395863,1.6972845360067186,1.4586143189458474,1.526565867926332,-0.6096353581179808,0.17340470154821697,-1.2269495313443213,1.6409098483580484,0.45343946331262114,0.3250440480980783,-0.8716452000993138,0.4022884658418462,-0.7609567440160538,-1.6062765687292402,0.28310332763207013,-0.5491343894070522,1.1683332724241948,1.0,0.0,0.0,1.0,0.0,0.0,1.0,0.0,0.0,0.0,0.0,1.0,0.0,0.0,1.0,0.0,0.0,0.0,66.13
-1.6564184978937417,0.5501071882570343,-0.8595606887646202,-0.27658903399672946,0.8843567130616569,1.526565867926332,-0.5898359210792675,1.1878644393893514,-0.8781663340777566,-1.0120899423979672,-1.575490451162396,-0.35336774026211826,0.6391621630568444,1.287216899281895,0.3816209497017446,0.430683624950596,-0.26944042750504377,0.5303167238999,1.1683332724241948,1.0,0.0,0.0,0.0,1.0,0.0,1.0,0.0,0.0,0.0,1.0,0.0,0.0,0.0,0.0,0.0,1.0,0.0,39.94
-1.6564184978937417,-1.155927879935025,0.5264210726559043,0.21687935850414136,0.8843567130616569,1.526565867926332,1.696009085040173,1.4425405242030256,-0.320113218451253,0.520754381149953,-0.03181587151849213,-0.2685662667170933,-1.113374378204299,0.04831709246582662,1.524198643419543,-1.5009165587113176,0.8356470827691841,-1.3759480081102498,0.778758990188718,0.0,1.0,0.0,0.0,1.0,0.0,1.0,0.0,0.0,0.0,1.0,0.0,0.0,0.0,0.0,0.0,0.0,1.0,62.39
0.07881986566793604,-0.7230533103937563,-0.9855590307119406,0.7103477510049946,-1.412673710475105,1.179540210293613,0.07443519156956076,-1.0914865196930306,1.4935594073348835,-0.3635788824353856,1.6665778003904044,-0.9469780550772892,0.12548765958375055,-0.8366113409742223,-1.522675206494586,-1.353412544686226,-1.5252216891803028,1.6174235188615116,-1.1691124209886659,0.0,1.0,1.0,0.0,0.0,0.0,0.0,1.0,0.0,0.0,0.0,0.0,0.0,1.0,0.0,1.0,0.0,0.0,25.82
-0.25487981963238665,1.8741941068538563,0.715418585576885,0.21687935850414136,1.4586143189458474,0.4854888950281745,1.6280970159973867,-0.23407703415366135,0.1681832577219376,1.6998653992637378,1.469662592053141,1.6818676248184699,1.666511170003032,-0.305654280910193,0.0007617184624784484,1.5545237318084366,-0.16897792657102306,-0.832394610629444,-1.5586867032241427,1.0,0.0,0.0,0.0,1.0,0.0,0.0,0.0,0.0,1.0,0.0,0.0,1.0,0.0,0.0,1.0,0.0,0.0,46.13
0.6794792992085168,-0.2901787408524877,-1.3005548855802416,0.95708194725543,-0.8384161045909145,-1.2496393931354215,0.8416633768196978,-0.38263808362830454,0.6564797338951281,-0.3635788824353856,0.53431535245114,2.0210735189985685,-0.2371061075737274,0.2253027791538364,-1.522675206494586,-0.01885241779254026,-0.36990292843906447,0.821232626776951,-1.1691124209886659,1.0,0.0,0.0,0.0,0.0,1.0,0.0,0.0,1.0,0.0,0.0,1.0,0.0,0.0,0.0,0.0,1.0,0.0,74.08
0.34577961390819417,0.14269582868878097,-1.4895523985012222,0.95708194725543,-1.412673710475105,1.179540210293613,-1.4328959501876761,-0.34019206949269215,-0.1805999395446271,-1.6606010023605489,0.0033475585417334706,0.9186543629132492,0.4880814267412285,1.4642025859699048,-1.522675206494586,1.6809557438299436,-0.7717529321751474,-1.0850321052331988,0.38918470795324117,1.0,0.0,0.0,0.0,1.0,0.0,0.0,0.0,0.0,1.0,1.0,0.0,0.0,0.0,0.0,0.0,1.0,0.0,43.79
0.4125195509682587,0.8047392879871925,-1.2375557146065814,-0.27658903399672946,1.4586143189458474,-0.5555880778699831,1.5587989863618903,-1.2909827861304084,1.4238027678815706,-1.5426899005491703,0.02444561657786883,-1.5405883698924607,1.6060788754767852,0.5792741525298559,-0.7609567440160538,1.0628436850581313,0.8858783332361945,0.9743462598701357,-1.1691124209886659,0.0,1.0,0.0,0.0,0.0,1.0,0.0,0.0,1.0,0.0,0.0,0.0,0.0,1.0,0.0,0.0,0.0,1.0,56.66
-1.7231584349538063,0.42279113839195526,-1.741549082395863,1.6972845360067186,-1.412673710475105,0.8325145526608937,-1.7191958097674693,1.0477925927418308,-0.7386530551711307,0.4028432793385745,-1.6669153693189824,-0.5229706873521667,-1.2644551145199148,0.7562598392178658,-0.7609567440160538,1.491307725797683,0.9863408341702151,-0.6256912059536446,-0.38996385651771237,0.0,1.0,1.0,0.0,0.0,0.0,0.0,1.0,0.0,0.0,0.0,0.0,1.0,0.0,1.0,0.0,0.0,0.0,43.62
-0.5218395678726447,0.06630619876973425,0.4634219016822441,-0.27658903399672946,0.8843567130616569,0.4854888950281745,-1.1163029519386518,-1.592349486493256,-1.6454893680641989,1.3461320938296022,0.3971779752162602,0.833852889368225,-0.2975384020999738,0.04831709246582662,-0.3800975127767877,1.61773973781919,-0.7717529321751474,-1.4754718696208198,-0.7795381387531892,0.0,1.0,1.0,0.0,0.0,0.0,0.0,0.0,0.0,1.0,0.0,0.0,1.0,0.0,0.0,0.0,0.0,1.0,41.91
-1.6564184978937417,0.2954750885268762,0.4004227307085839,0.21687935850414136,0.3100991071774664,0.4854888950281745,-0.33600713824296413,0.08002347044986996,-0.9479229735310695,-0.3046233315296964,1.6032836262819983,-0.09896331962704417,1.2132689610561844,-0.8366113409742223,-0.7609567440160538,0.2831796109255044,0.9361095837032049,1.6710132904441262,0.38918470795324117,0.0,1.0,0.0,0.0,0.0,1.0,0.0,0.0,1.0,0.0,0.0,0.0,0.0,1.0,0.0,0.0,0.0,1.0,56.1
1.1466588586289685,2.3579950963411576,-1.678549911422203,-0.5233232302471649,-1.412673710475105,0.8325145526608937,0.8527510615613771,0.5341958217009216,0.7262363733484412,0.520754381149953,-0.696404699656756,0.9186543629132492,1.4852142864242925,0.5792741525298559,0.3816209497017446,0.6484276456543026,1.0868033351042359,-1.4754718696208198,1.1683332724241948,1.0,0.0,1.0,0.0,0.0,0.0,0.0,0.0,1.0,0.0,0.0,1.0,0.0,0.0,0.0,0.0,1.0,0.0,63.44
-0.05466000845219303,-0.13739948101439245,0.715418585576885,-0.7700574264976002,-0.8384161045909145,-1.5966650507681408,-0.06812075510917438,-1.010839092835367,-1.575732728610886,0.4028432793385745,1.7017412304506299,1.2578602570933475,0.3370006904256127,-1.3675684010382516,-0.3800975127767877,0.7678356570079482,1.388190837906298,0.33126900087875993,0.38918470795324117,1.0,0.0,1.0,0.0,0.0,0.0,1.0,0.0,0.0,0.0,1.0,0.0,0.0,0.0,0.0,0.0,0.0,1.0,51.02
0.34577961390819417,0.1172326187157657,-0.35556732097533855,0.95708194725543,-0.26415849870672403,-0.20856242023726393,0.9109614064551941,1.361893097345362,-1.43621944970426,0.4028432793385745,-1.2097907785360498,1.936272045453544,-1.2644551145199148,1.4642025859699048,1.143339412180277,-0.6088684738929065,0.4840283295001116,-0.9472298354493325,-1.1691124209886659,1.0,0.0,0.0,0.0,1.0,0.0,0.0,1.0,0.0,0.0,0.0,0.0,1.0,0.0,0.0,0.0,0.0,1.0,56.35
-1.3894587496534836,0.982981757798303,-1.2375557146065814,2.930955517258878,1.4586143189458474,-1.2496393931354215,-1.4952641768596229,1.1326846210130554,-1.575732728610886,-1.6016454514548597,-0.0704956445847403,-0.6925736344422158,1.3945658446349234,1.6411882726579148,-1.522675206494586,-0.7423244865822751,-0.721521681708137,1.7399144253360592,-0.0003895742822356069,1.0,0.0,0.0,1.0,0.0,0.0,0.0,0.0,0.0,1.0,1.0,0.0,0.0,0.0,1.0,0.0,0.0,0.0,47.93
0.34577961390819417,1.0339081777443344,0.3374235597349237,-0.27658903399672946,-1.412673710475105,-1.2496393931354215,-0.7143743800527736,-0.11522819457394691,1.4935594073348835,-1.424778798737792,-1.1253985463915084,0.07063962746300421,-1.1435905254674221,0.04831709246582662,1.143339412180277,0.5922356403114105,1.1872658360382566,-0.9855082437226287,0.38918470795324117,0.0,1.0,0.0,0.0,1.0,0.0,1.0,0.0,0.0,0.0,1.0,0.0,0.0,0.0,0.0,1.0,0.0,0.0,39.92
-1.5229386237736127,1.110297807663382,1.0934136114188462,1.2038161435058654,-1.412673710475105,-1.5966650507681408,-0.7648629445014924,-0.3189690624248861,-0.45962649735787886,-0.06880112790693943,0.24949156896331268,-0.43816921380714247,-0.509051432941836,1.1102312125938854,-1.522675206494586,0.6554516463221641,-1.2740654368452509,-0.08979349012749806,1.5579075546596715,0.0,1.0,1.0,0.0,0.0,0.0,0.0,1.0,0.0,0.0,0.0,0.0,1.0,0.0,0.0,1.0,0.0,0.0,54.2
-1.055759064353161,0.5755703982300505,-0.9225598597382804,-0.27658903399672946,-0.8384161045909145,-0.20856242023726393,0.4177574298208479,-0.9132132603234587,-1.6454893680641989,-0.06880112790693943,0.13696859277059076,-2.049397211162608,-0.4486191384155896,1.1102312125938854,-1.522675206494586,-0.6229164752286296,0.5342595799671219,0.5532837688638778,0.38918470795324117,1.0,0.0,1.0,0.0,0.0,0.0,1.0,0.0,0.0,0.0,0.0,0.0,0.0,1.0,1.0,0.0,0.0,0.0,49.93
-0.6553194419927738,-1.2577807198270887,-1.5525515694748826,-0.02985483774629404,0.3100991071774664,-1.2496393931354215,-0.22790221201159,0.7634042980332282,1.2842894889749448,1.4640431956409807,-1.3082483827046814,0.6642499422781758,-0.20688996031060436,-1.3675684010382516,0.7624801809410108,1.687979744497805,-0.26944042750504377,-1.4218820980382052,-0.0003895742822356069,1.0,0.0,0.0,1.0,0.0,0.0,0.0,0.0,0.0,1.0,0.0,0.0,1.0,0.0,0.0,1.0,0.0,0.0,51.35
0.7462192362685813,1.568635587177667,0.0854268758402829,1.6972845360067186,-1.412673710475105,-0.5555880778699831,0.4585442701205971,-1.2697597790626023,0.795993012801754,-0.7173121878695211,1.2094532096074715,0.5794484687331517,1.001755930214322,0.5792741525298559,-1.522675206494586,-1.1356685239825193,-0.9224466835761784,1.2576064810925274,-1.5586867032241427,0.0,1.0,0.0,1.0,0.0,0.0,0.0,0.0,1.0,0.0,0.0,0.0,1.0,0.0,0.0,0.0,0.0,1.0,46.75
-0.1881398825723221,-1.2577807198270887,0.1484260468139431,-1.016791622748018,-1.412673710475105,-0.9026137355027024,1.391889732125538,0.5936202414907791,-0.5991397762645048,0.4617988302442637,0.8613352520112381,-0.6077721608971917,1.031972077477445,-0.6596256542862126,1.524198643419543,-1.0935245199753503,-0.721521681708137,-1.023786651995925,-0.0003895742822356069,1.0,0.0,1.0,0.0,0.0,0.0,0.0,0.0,0.0,1.0,0.0,1.0,0.0,0.0,1.0,0.0,0.0,0.0,45.17
-1.4561986867135481,0.21908545860782858,0.5894202436295646,-1.2635258189984535,0.3100991071774664,-0.9026137355027024,-1.2309416923928014,1.1454184252537392,-0.8084096946244436,0.22597662662150675,-1.4981309050298997,-1.6253898434374858,0.760026752109337,1.4642025859699048,1.143339412180277,0.14972359823613582,0.9863408341702151,1.4949326123869637,-0.0003895742822356069,0.0,1.0,1.0,0.0,0.0,0.0,0.0,1.0,0.0,0.0,1.0,0.0,0.0,0.0,1.0,0.0,0.0,0.0,32.7
1.6805783551094848,-0.8503693602588354,-1.1115573726592611,-0.02985483774629404,-0.8384161045909145,-1.2496393931354215,-0.6413144573799219,-0.938680868804826,0.1681832577219376,0.520754381149953,-1.2344051795782076,-0.43816921380714247,-1.657265028940516,-1.3675684010382516,-1.522675206494586,0.1075795942289668,-0.9726779340431888,0.2470565026775083,0.38918470795324117,1.0,0.0,0.0,1.0,0.0,0.0,0.0,0.0,0.0,1.0,0.0,0.0,0.0,1.0,0.0,0.0,1.0,0.0,52.22
0.47925948802832324,-0.16286269098740863,0.4004227307085839,0.7103477510049946,1.4586143189458474,0.1384632373954553,-1.2653927128401623,1.2260658521114025,0.09842661826862466,0.10806552481012828,-0.16192056274132685,0.7490514158232008,0.21613610137311998,-1.5445540877262616,-1.14181597525532,1.6598837418263592,0.08217832576402873,-0.06682644516352036,0.778758990188718,1.0,0.0,1.0,0.0,0.0,0.0,0.0,1.0,0.0,0.0,1.0,0.0,0.0,0.0,0.0,1.0,0.0,0.0,51.75
-1.3894587496534836,0.24454866858084476,-1.3005548855802416,0.46361355475455923,1.4586143189458474,-1.2496393931354215,-0.8020858861342732,-1.6008386893203783,-1.0874362524376953,0.10806552481012828,0.04906001762002675,1.3426617306383717,0.8506751938987063,1.1102312125938854,-1.14181597525532,-0.40517245452492295,-0.5708279303071059,1.5255553390056007,-0.38996385651771237,1.0,0.0,1.0,0.0,0.0,0.0,1.0,0.0,0.0,0.0,0.0,0.0,1.0,0.0,0.0,0.0,1.0,0.0,37.83
-0.32161975669245113,0.24454866858084476,-1.6155507404485427,0.21687935850414136,-1.412673710475105,0.8325145526608937,-1.6696972171706863,1.3831161044131681,-1.575732728610886,-1.0120899423979672,-1.0656207152891248,-0.7773751079872407,-0.20688996031060436,-0.305654280910193,-1.14181597525532,-0.4402924578642305,-0.21920917703803341,-1.5979627760953676,0.778758990188718,1.0,0.0,1.0,0.0,0.0,0.0,0.0,1.0,0.0,0.0,0.0,0.0,0.0,1.0,0.0,0.0,0.0,1.0,45.08
-1.055759064353161,0.3464015084729076,-0.9225598597382804,-0.02985483774629404,0.3100991071774664,0.8325145526608937,0.9745175993494635,-1.3122057931982145,0.7262363733484412,0.4028432793385745,-1.174627348475824,1.088257310003299,1.545646580950539,-0.8366113409742223,0.3816209497017446,-0.39814845385706144,-1.0731404349772096,-0.23525144156602354,-0.0003895742822356069,1.0,0.0,0.0,0.0,0.0,1.0,0.0,0.0,1.0,0.0,0.0,0.0,0.0,1.0,1.0,0.0,0.0,0.0,50.92
1.4136186068692267,1.568635587177667,-0.9855590307119406,0.7103477510049946,-1.412673710475105,-0.20856242023726393,-0.6300287782678554,0.47901600332462557,0.8657496522550671,-1.2479121460207243,0.414759690246373,0.5794484687331517,1.1226205192668148,-0.305654280910193,-0.3800975127767877,-0.8406604959323362,-1.17360293591123,0.5532837688638778,0.38918470795324117,1.0,0.0,1.0,0.0,0.0,0.0,0.0,0.0,1.0,0.0,0.0,0.0,0.0,1.0,0.0,0.0,0.0,1.0,35.29
-0.7220593790528383,0.37186471844592384,1.030414440445186,-2.9906651927514836,-0.26415849870672403,1.526565867926332,0.8634427575622823,-0.8665226447742851,-0.041086660638001225,1.5229987465466701,0.6257402706077266,0.4098455216431025,0.4578652794781052,-1.0135970276622321,1.143339412180277,0.9434356737044858,1.0868033351042359,-0.3118082581126159,-0.38996385651771237,1.0,0.0,1.0,0.0,0.0,0.0,0.0,0.0,1.0,0.0,0.0,0.0,0.0,1.0,0.0,1.0,0.0,0.0,42.88
0.4125195509682587,-0.34110516079851916,0.21142521778760331,-0.7700574264976002,1.4586143189458474,0.4854888950281745,-0.3894656182474898,1.124195418185933,-0.25035657899794006,-0.1867122297183179,1.5997672832759757,-1.3709854228024116,-1.5364004398880233,-1.5445540877262616,-1.522675206494586,-1.0303085139645969,0.6849533313681531,-0.7099037041548961,1.1683332724241948,0.0,1.0,0.0,1.0,0.0,0.0,1.0,0.0,0.0,0.0,0.0,1.0,0.0,0.0,0.0,0.0,1.0,0.0,73.64
-1.18923893847329,0.9065921278792554,0.3374235597349237,-0.02985483774629404,0.8843567130616569,-0.5555880778699831,-1.7108800462112097,0.0248436520735736,1.5633160467881964,-1.0120899423979672,-0.8651891639458389,-1.2861839492573874,0.5182975740043516,0.7562598392178658,-0.3800975127767877,-1.0513805159681813,-1.2740654368452509,0.009730371383072004,1.5579075546596715,0.0,1.0,0.0,1.0,0.0,0.0,0.0,1.0,0.0,0.0,0.0,0.0,0.0,1.0,0.0,1.0,0.0,0.0,42.44
-1.3894587496534836,1.1357610176363981,1.030414440445186,0.7103477510049946,-0.26415849870672403,-1.5966650507681408,-0.39837536491491077,-1.2570259748219184,0.93550629170838,0.284932177527196,1.2797800697279227,-0.862176581532265,1.4247819918980464,-0.305654280910193,0.0007617184624784484,-1.6835405760757167,-1.17360293591123,-1.3759480081102498,-1.1691124209886659,0.0,1.0,0.0,0.0,1.0,0.0,1.0,0.0,0.0,0.0,0.0,0.0,1.0,0.0,0.0,0.0,0.0,1.0,18.57
-0.7220593790528383,-1.3341703497461355,-0.6075640048699794,1.4505503397563009,-1.412673710475105,-1.2496393931354215,0.990357148980434,0.2243399185109518,1.4935594073348835,0.4028432793385745,1.589218254257908,-0.35336774026211826,-0.41840299115246626,1.4642025859699048,1.524198643419543,1.0487956837224084,0.6849533313681531,-0.31946393976727516,-0.38996385651771237,0.0,1.0,1.0,0.0,0.0,0.0,0.0,0.0,0.0,1.0,0.0,1.0,0.0,0.0,0.0,0.0,1.0,0.0,53.35
0.14555980272800056,0.5246439782840182,0.5894202436295646,-1.016791622748018,-0.8384161045909145,1.526565867926332,1.7001669668183028,-0.33170286666556986,0.3076965366285635,-0.8941788405865888,0.9000150250774863,1.8514705719085183,1.1528366665299379,-0.12866859422218316,0.0007617184624784484,1.407019717783345,0.08217832576402873,1.2576064810925274,1.1683332724241948,0.0,1.0,0.0,1.0,0.0,0.0,0.0,0.0,0.0,1.0,0.0,0.0,1.0,0.0,0.0,1.0,0.0,0.0,72.8
-1.5896785608336772,0.6264968181760819,-0.79656151779096,1.4505503397563009,1.4586143189458474,1.526565867926332,1.3243736518235258,0.5299512202873604,-0.320113218451253,1.6998653992637378,-1.6141702242286442,-0.6925736344422158,-0.6601321692574518,-1.1905827143502419,-0.7609567440160538,-1.6905645767435782,-1.7763779415153544,-0.41133211962318594,1.1683332724241948,1.0,0.0,0.0,0.0,0.0,1.0,0.0,0.0,0.0,1.0,0.0,0.0,1.0,0.0,0.0,0.0,0.0,1.0,75.25
-0.4550996308125802,-0.3920315807445506,-1.678549911422203,-0.5233232302471649,0.8843567130616569,-0.5555880778699831,-1.007010059484955,1.2812456704876984,0.3076965366285635,-0.5994010860581426,-0.46080971825324446,0.7490514158232008,0.24635224863624303,-0.12866859422218316,-0.3800975127767877,1.6598837418263592,0.13240957623103908,0.31595763756944145,1.5579075546596715,1.0,0.0,0.0,1.0,0.0,0.0,0.0,0.0,0.0,1.0,1.0,0.0,0.0,0.0,0.0,1.0,0.0,0.0,62.31
0.6127393621484523,1.3140034874475088,0.715418585576885,-0.27658903399672946,-0.26415849870672403,-1.5966650507681408,-0.6173571385630789,-0.3232136638384474,0.1681832577219376,-0.1867122297183179,0.9175967401075991,-0.5229706873521667,0.5182975740043516,-0.48263996759820277,0.7624801809410108,1.4280917197869294,-0.47036542937308523,-0.9701968804133102,-0.7795381387531892,0.0,1.0,1.0,0.0,0.0,0.0,0.0,0.0,1.0,0.0,0.0,0.0,0.0,1.0,1.0,0.0,0.0,0.0,28.84
-0.5218395678726447,-0.23925232090645623,-0.7335623468172998,0.46361355475455923,1.4586143189458474,0.8325145526608937,0.554175551017582,-0.7306953995403257,0.37745317608187645,0.10806552481012828,-0.5698163514399438,0.4946469951881267,0.6089460157937213,0.4022884658418462,-1.522675206494586,0.9012916696973168,-0.018284175169991985,-0.15103894336477194,-1.5586867032241427,1.0,0.0,0.0,0.0,1.0,0.0,0.0,1.0,0.0,0.0,0.0,0.0,0.0,1.0,0.0,0.0,1.0,0.0,41.04
-0.05466000845219303,0.04084298879671807,1.6604061501817882,-0.27658903399672946,0.3100991071774664,1.179540210293613,1.311108029007588,-1.6645077105237966,0.028669978815311713,-1.4837343496434812,0.07015807565616211,-0.09896331962704417,1.3039174028455536,-0.6596256542862126,0.3816209497017446,0.4377076256184575,-0.21920917703803341,1.7169473803720816,1.5579075546596715,0.0,1.0,0.0,0.0,0.0,1.0,0.0,0.0,1.0,0.0,0.0,0.0,1.0,0.0,0.0,0.0,1.0,0.0,60.02
-1.5896785608336772,-0.26471553087947153,0.3374235597349237,0.95708194725543,-0.8384161045909145,-0.5555880778699831,-1.1069972165304567,0.2370737227516352,1.2145328495216317,0.5797099320556421,1.2586820116917874,0.15544110100802916,-0.93207749462556,-0.6596256542862126,1.143339412180277,0.8029556603472556,0.2328720771650598,0.7523314918850179,-1.5586867032241427,0.0,1.0,0.0,1.0,0.0,0.0,0.0,1.0,0.0,0.0,0.0,0.0,0.0,1.0,0.0,0.0,1.0,0.0,31.97
-0.5218395678726447,-0.061009851095344826,0.8414169275242054,-0.5233232302471649,-0.26415849870672403,1.526565867926332,-1.6643513691702336,-0.3486812723198146,-0.25035657899794006,-0.953134391492278,1.0371524023123662,0.3250440480980783,-0.8414290528361906,-1.1905827143502419,-1.522675206494586,-0.6650604792357986,-1.0731404349772096,0.8595110350502472,-0.7795381387531892,1.0,0.0,0.0,0.0,1.0,0.0,0.0,1.0,0.0,0.0,0.0,1.0,0.0,0.0,1.0,0.0,0.0,0.0,29.61
-0.4550996308125802,-1.2068542998810565,-0.79656151779096,-0.5233232302471649,0.3100991071774664,-0.9026137355027024,0.18946992076448455,-0.44206250341816183,-0.320113218451253,0.75657658477271,-1.480549189999787,-0.2685662667170933,0.6995944575830905,0.7562598392178658,1.143339412180277,0.2972276122612274,-0.26944042750504377,1.2652621627471867,-0.7795381387531892,1.0,0.0,0.0,0.0,1.0,0.0,1.0,0.0,0.0,0.0,1.0,0.0,0.0,0.0,0.0,0.0,1.0,0.0,22.78
0.34577961390819417,-1.5633392395032784,0.5894202436295646,0.95708194725543,-1.412673710475105,-1.2496393931354215,-1.729095528286826,-1.0957311211065917,-1.7152460075175118,-1.6606010023605489,-0.6295941825423274,0.3250440480980783,-1.1435905254674221,0.2253027791538364,0.7624801809410108,-0.6861324812393831,-1.5252216891803028,-1.1845559667437688,1.5579075546596715,1.0,0.0,0.0,1.0,0.0,0.0,0.0,0.0,0.0,1.0,0.0,0.0,0.0,1.0,1.0,0.0,0.0,0.0,45.55
-1.322718812593419,1.5431723772046506,-1.678549911422203,-0.7700574264976002,0.3100991071774664,-0.20856242023726393,1.2018151365538912,-0.2553000412214676,0.795993012801754,0.6976210338670207,1.4872443070832537,1.2578602570933475,-0.14645766578435798,0.9332455259058755,-1.522675206494586,0.6133076423149951,0.7854158323021737,-1.000819607031947,-1.5586867032241427,0.0,1.0,1.0,0.0,0.0,0.0,0.0,1.0,0.0,0.0,0.0,0.0,0.0,1.0,0.0,0.0,1.0,0.0,63.76
1.6805783551094848,-0.9522222001508983,-1.678549911422203,0.21687935850414136,-0.26415849870672403,-0.9026137355027024,1.7098686909672722,1.6293029863997195,-0.8781663340777566,0.9334432374897776,0.829688164957035,-0.7773751079872407,-1.687481176203639,-0.8366113409742223,1.524198643419543,0.8310516630187017,-0.721521681708137,0.33126900087875993,0.778758990188718,1.0,0.0,1.0,0.0,0.0,0.0,0.0,0.0,0.0,1.0,0.0,1.0,0.0,0.0,0.0,1.0,0.0,0.0,57.52
0.9464390474487749,-1.1050014599889935,-0.16656980805435792,-1.7569942114993242,-0.26415849870672403,1.526565867926332,0.42231130033975195,-0.7052277910589583,-0.320113218451253,0.22597662662150675,-1.4524184459516063,1.1730587835483233,-1.2644551145199148,-0.305654280910193,-0.7609567440160538,1.1471316930724693,-0.26944042750504377,0.8288883084316102,-1.1691124209886659,0.0,1.0,0.0,0.0,1.0,0.0,0.0,0.0,0.0,1.0,1.0,0.0,0.0,0.0,0.0,1.0,0.0,0.0,44.14
0.4125195509682587,-2.276309118747721,-0.9855590307119406,1.6972845360067186,-1.412673710475105,0.4854888950281745,0.05107185586387917,0.32196575102285996,1.4238027678815706,-1.0120899423979672,-1.135947575409576,-0.2685662667170933,0.6089460157937213,-1.3675684010382516,-1.14181597525532,0.1356755969004128,0.4840283295001116,-0.34243098473125283,0.778758990188718,0.0,1.0,0.0,0.0,1.0,0.0,0.0,0.0,0.0,1.0,0.0,1.0,0.0,0.0,0.0,1.0,0.0,0.0,48.45
0.8796991103887104,-0.7485165203667725,1.1564127823925063,1.2038161435058654,0.3100991071774664,0.1384632373954553,0.7676134822949103,0.9204545503349938,-1.1571928918910084,-1.719556553266238,1.118028291450885,-0.35336774026211826,0.8506751938987063,-0.48263996759820277,0.7624801809410108,-1.269124536671888,1.538884589307329,-0.5491343894070522,-1.5586867032241427,0.0,1.0,1.0,0.0,0.0,0.0,0.0,0.0,1.0,0.0,0.0,0.0,1.0,0.0,0.0,1.0,0.0,0.0,50.76
0.8129591733286459,-1.4360231896381992,0.1484260468139431,2.6842213210084602,0.3100991071774664,-1.5966650507681408,1.2132988100363449,0.8270733192366467,-0.5991397762645048,-0.12775667881262867,1.726355631492788,0.6642499422781758,-1.3551035563092844,-0.6596256542862126,-0.7609567440160538,1.7441717498406972,0.3333345780990805,0.721708765266381,1.1683332724241948,1.0,0.0,0.0,1.0,0.0,0.0,0.0,0.0,0.0,1.0,0.0,0.0,1.0,0.0,1.0,0.0,0.0,0.0,79.37
-0.5885795049327093,1.594098797150683,0.3374235597349237,1.2038161435058654,-1.412673710475105,0.8325145526608937,-1.33389876499411,-0.5991127557199275,1.4935594073348835,-1.6016454514548597,-1.0972678023433278,-0.35336774026211826,-0.9622936418886833,-1.1905827143502419,-1.522675206494586,-0.1171884271426013,-1.7763779415153544,-1.3453252814916128,-1.1691124209886659,1.0,0.0,1.0,0.0,0.0,0.0,0.0,1.0,0.0,0.0,0.0,0.0,0.0,1.0,0.0,0.0,0.0,1.0,30.48
0.8796991103887104,0.9320553378522716,0.6524194146032247,-1.2635258189984535,0.3100991071774664,-1.2496393931354215,-0.5785502419672011,0.360167163744911,-0.320113218451253,-0.3046233315296964,0.4780538643547791,0.3250440480980783,-1.4155358508355305,0.4022884658418462,-0.7609567440160538,-1.4868685573755944,0.3835658285660909,-1.6821752742966192,-0.7795381387531892,0.0,1.0,1.0,0.0,0.0,0.0,0.0,0.0,1.0,0.0,1.0,0.0,0.0,0.0,0.0,0.0,0.0,1.0,62.33
-1.7231584349538063,-0.7994429403128039,-1.6155507404485427,0.7103477510049946,1.4586143189458474,-0.20856242023726393,0.9388786126797797,1.2430442577656473,0.37745317608187645,1.1692654411125345,-0.815960361861523,0.24024257455305337,-0.2371061075737274,1.4642025859699048,0.3816209497017446,-0.3700524511856154,1.0365720846372255,-0.9166071088306955,1.1683332724241948,1.0,0.0,0.0,0.0,1.0,0.0,0.0,0.0,0.0,1.0,0.0,0.0,1.0,0.0,0.0,1.0,0.0,0.0,67.66
-1.055759064353161,2.2052158365030623,-1.3005548855802416,-1.016791622748018,-1.412673710475105,1.179540210293613,0.3052966274409568,-1.6645077105237966,0.93550629170838,-1.1300010442093458,-0.02126684250042445,-2.1341986847076324,-1.294671261783038,-0.6596256542862126,-0.7609567440160538,0.9293876723687627,-1.3745279377792716,0.38485877246137457,-0.7795381387531892,1.0,0.0,1.0,0.0,0.0,0.0,1.0,0.0,0.0,0.0,0.0,1.0,0.0,0.0,0.0,0.0,0.0,1.0,29.6
0.07881986566793604,0.9065921278792554,-0.35556732097533855,1.4505503397563009,-0.8384161045909145,0.8325145526608937,1.658588149037005,-0.23407703415366135,-0.25035657899794006,-1.719556553266238,0.9844072572220277,0.4098455216431025,-0.2371061075737274,-0.12866859422218316,0.0007617184624784484,0.17781960090758184,-1.5754529396473131,-1.5367173228580937,-1.5586867032241427,1.0,0.0,0.0,0.0,1.0,0.0,0.0,0.0,0.0,1.0,0.0,0.0,1.0,0.0,0.0,0.0,0.0,1.0,43.06
-0.12139994551225756,-0.41749479071756673,-0.9225598597382804,-1.016791622748018,-0.26415849870672403,-1.2496393931354215,-1.3572621006997918,-0.955659274459071,-0.9479229735310695,-0.8352232896808995,-1.7126278283972758,-1.4557868963474365,0.7902428993724601,0.2253027791538364,1.524198643419543,-1.620324570064963,-1.3745279377792716,-0.8170832473201255,1.5579075546596715,0.0,1.0,1.0,0.0,0.0,0.0,0.0,0.0,0.0,1.0,0.0,0.0,1.0,0.0,0.0,0.0,1.0,0.0,24.81
1.5470984809893558,-2.3781619586397844,1.6604061501817882,-1.2635258189984535,-0.8384161045909145,1.179540210293613,-0.2696790241632749,-0.3953718878689883,-1.366462810250947,0.22597662662150675,-0.6858556706386882,-1.3709854228024116,0.6391621630568444,-1.3675684010382516,0.7624801809410108,-0.36302845051775395,0.4337970790331012,0.9513792149061581,1.1683332724241948,0.0,1.0,0.0,1.0,0.0,0.0,0.0,0.0,1.0,0.0,0.0,1.0,0.0,0.0,1.0,0.0,0.0,0.0,45.53
-0.25487981963238665,2.2561422564490945,-0.10357063708069772,-1.510260015248889,1.4586143189458474,-0.20856242023726393,-0.15840618800570663,-0.30199065677064113,-0.6688964157178177,-1.2479121460207243,0.4499231203065986,0.3250440480980783,-0.7809967583099442,0.2253027791538364,-1.14181597525532,1.1049876890653003,-0.6210591807741163,1.3571303426030976,-0.38996385651771237,1.0,0.0,0.0,0.0,1.0,0.0,0.0,1.0,0.0,0.0,0.0,0.0,0.0,1.0,0.0,1.0,0.0,0.0,39.77
0.27903967684812964,-1.5124128195572468,1.5974069792081278,-0.5233232302471649,1.4586143189458474,1.526565867926332,0.6474308994699212,0.8185841164095241,0.028669978815311713,0.9923987883954669,1.2762637267219001,0.4946469951881267,0.5787298685305977,1.4642025859699048,-1.522675206494586,-1.5290125613827636,0.28310332763207013,-0.9089514271760363,1.1683332724241948,0.0,1.0,0.0,0.0,1.0,0.0,0.0,0.0,0.0,1.0,1.0,0.0,0.0,0.0,0.0,0.0,0.0,1.0,74.74
0.2122997397880651,-1.7670449192874051,0.02242770486662269,-0.7700574264976002,0.8843567130616569,0.1384632373954553,1.2606194645588693,-1.3970978214694392,-1.43621944970426,-0.5404455351524533,-0.464326061259267,1.1730587835483233,1.4852142864242925,0.7562598392178658,0.7624801809410108,1.1471316930724693,-0.721521681708137,0.27767922929614525,-0.0003895742822356069,1.0,0.0,0.0,0.0,1.0,0.0,0.0,0.0,1.0,0.0,0.0,0.0,0.0,1.0,0.0,0.0,0.0,1.0,38.49
1.0131789845088395,0.9575185478252877,0.6524194146032247,-1.2635258189984535,0.8843567130616569,-0.9026137355027024,1.3665464527159852,0.0248436520735736,-1.1571928918910084,0.5797099320556421,-1.318797411722749,-1.1165810021673384,-0.539267580204959,-0.48263996759820277,-0.3800975127767877,-1.0654285173039042,1.1872658360382566,0.6528076303744478,-0.7795381387531892,1.0,0.0,1.0,0.0,0.0,0.0,0.0,0.0,1.0,0.0,0.0,1.0,0.0,0.0,0.0,1.0,0.0,0.0,58.27
0.5459994250883877,2.408921516287188,1.5344078082344677,1.944018732257154,0.8843567130616569,-0.9026137355027024,-1.4455675898924527,0.1988723100295842,1.4238027678815706,0.6976210338670207,-0.4748750902773347,-0.7773751079872407,-0.5996998747312053,0.2253027791538364,0.7624801809410108,-1.0865005193074888,0.031947075297018374,1.1044928479993428,-1.5586867032241427,1.0,0.0,0.0,0.0,0.0,1.0,0.0,1.0,0.0,0.0,0.0,0.0,1.0,0.0,0.0,0.0,1.0,0.0,38.72
-1.322718812593419,1.3140034874475088,0.6524194146032247,0.46361355475455923,-1.412673710475105,1.526565867926332,1.3703083457533407,-0.03882536912984466,1.005262931161693,-0.5994010860581426,1.6349307133362012,0.4946469951881267,0.24635224863624303,1.6411882726579148,0.3816209497017446,0.627355643650718,0.13240957623103908,1.4872769307323046,-0.0003895742822356069,1.0,0.0,0.0,0.0,1.0,0.0,0.0,0.0,1.0,0.0,1.0,0.0,0.0,0.0,0.0,1.0,0.0,0.0,51.62
-0.7220593790528383,0.4991807683110029,-1.741549082395863,0.46361355475455923,0.3100991071774664,0.8325145526608937,1.273489098634033,0.7676488994467893,-0.8084096946244436,-0.953134391492278,1.2340676106496296,1.2578602570933475,-0.901861347362437,-0.8366113409742223,0.7624801809410108,0.21996360491475087,0.8356470827691841,0.5762508138278555,0.38918470795324117,0.0,1.0,0.0,0.0,0.0,1.0,0.0,1.0,0.0,0.0,0.0,0.0,0.0,1.0,0.0,0.0,1.0,0.0,73.02
-0.05466000845219303,0.5246439782840182,-0.7335623468172998,1.4505503397563009,1.4586143189458474,1.526565867926332,0.4522084502682089,-0.41235029352323327,1.2842894889749448,0.22597662662150675,-0.18653496378348478,0.15544110100802916,0.5182975740043516,-0.12866859422218316,-0.3800975127767877,0.4096116229470115,-0.42013417890607485,-0.7099037041548961,-0.38996385651771237,0.0,1.0,0.0,0.0,1.0,0.0,1.0,0.0,0.0,0.0,0.0,1.0,0.0,0.0,0.0,0.0,0.0,1.0,40.26
1.4136186068692267,0.7792760780141763,0.7784177565505451,0.21687935850414136,-0.8384161045909145,1.526565867926332,-0.1970150902311974,1.49347574116576,1.1447762100683188,0.9923987883954669,-0.5663000084339213,-0.9469780550772892,1.1528366665299379,-1.5445540877262616,-0.7609567440160538,-0.9249485039466743,-1.0731404349772096,0.5532837688638778,0.778758990188718,0.0,1.0,0.0,1.0,0.0,0.0,0.0,0.0,0.0,1.0,0.0,0.0,1.0,0.0,1.0,0.0,0.0,0.0,49.63
1.6805783551094848,0.6774232381221134,0.0854268758402829,-0.7700574264976002,-0.8384161045909145,-1.2496393931354215,-0.8678200171028011,-0.08127138326545702,0.3076965366285635,-0.5994010860581426,0.1158705347344554,1.5122646777284217,-0.14645766578435798,0.4022884658418462,0.0007617184624784484,-1.1426925246503807,1.1872658360382566,0.6068735404464924,-0.7795381387531892,1.0,0.0,1.0,0.0,0.0,0.0,0.0,0.0,1.0,0.0,0.0,0.0,1.0,0.0,0.0,0.0,1.0,0.0,48.04
1.4803585439292912,0.1936222486348133,1.5344078082344677,-1.7569942114993242,-0.8384161045909145,-1.2496393931354215,-0.2439397560129477,0.2243399185109518,0.028669978815311713,-0.5994010860581426,0.5694787825113656,-0.2685662667170933,0.6089460157937213,-0.6596256542862126,-0.7609567440160538,0.571163638307826,1.1872658360382566,-1.3376695998369534,0.778758990188718,1.0,0.0,0.0,1.0,0.0,0.0,1.0,0.0,0.0,0.0,0.0,0.0,0.0,1.0,0.0,0.0,1.0,0.0,61.83
-1.6564184978937417,0.015379778823701893,-0.9855590307119406,-0.7700574264976002,-0.8384161045909145,-0.20856242023726393,-1.1265986591987829,1.0859940054638817,1.3540461284282577,-0.5994010860581426,-1.0691370582951474,-0.2685662667170933,0.5182975740043516,-0.48263996759820277,-0.7609567440160538,-0.7212524845786906,-1.5252216891803028,-1.4984389145847974,-1.5586867032241427,1.0,0.0,1.0,0.0,0.0,0.0,0.0,0.0,1.0,0.0,0.0,1.0,0.0,0.0,0.0,1.0,0.0,0.0,35.0
-1.7231584349538063,-0.16286269098740863,-0.48156566292265895,1.4505503397563009,0.8843567130616569,0.1384632373954553,1.6191872693299656,-0.7816306165030603,0.23793989717525055,1.6998653992637378,1.6736104864024495,-1.4557868963474365,-1.6270488816773927,0.9332455259058755,-0.3800975127767877,1.33677971110473,0.7854158323021737,-1.5903070944407083,0.778758990188718,0.0,1.0,1.0,0.0,0.0,0.0,0.0,0.0,1.0,0.0,0.0,0.0,1.0,0.0,0.0,0.0,0.0,1.0,72.56
1.4136186068692267,-0.8503693602588354,-0.6075640048699794,-1.2635258189984535,-0.8384161045909145,-1.2496393931354215,0.5803108079086834,-1.4607668426728575,-0.45962649735787886,0.75657658477271,-0.7421171587350492,0.7490514158232008,-1.113374378204299,0.04831709246582662,1.143339412180277,1.2243957004189459,-1.2238341863782405,0.3083019559147822,-1.5586867032241427,1.0,0.0,0.0,1.0,0.0,0.0,1.0,0.0,0.0,0.0,0.0,0.0,1.0,0.0,1.0,0.0,0.0,0.0,37.43
-0.9890191272930965,-0.3665683707715353,1.5344078082344677,0.21687935850414136,0.3100991071774664,-0.20856242023726393,-1.528725225455048,0.687001472589126,1.4935594073348835,0.04910997390443904,0.06664173265013955,0.833852889368225,1.3643496973718003,-1.1905827143502419,-1.14181597525532,-0.20147643515693936,-0.872215433109168,1.0891814846900243,-1.5586867032241427,0.0,1.0,0.0,1.0,0.0,0.0,0.0,0.0,1.0,0.0,1.0,0.0,0.0,0.0,0.0,1.0,0.0,0.0,36.17
-1.4561986867135481,-1.8179713392334365,-0.6075640048699794,0.95708194725543,0.8843567130616569,0.4854888950281745,-1.2028264917978286,-0.07702678185189589,-1.2269495313443213,1.4050876447352916,-0.09159370262087566,-0.6925736344422158,1.515430433687416,1.1102312125938854,-0.3800975127767877,1.435115720454791,-1.726146691048344,1.6710132904441262,-1.1691124209886659,0.0,1.0,1.0,0.0,0.0,0.0,0.0,0.0,1.0,0.0,0.0,0.0,1.0,0.0,0.0,1.0,0.0,0.0,21.21
0.6794792992085168,-0.1883259009604239,-0.22956897902801815,0.21687935850414136,-0.8384161045909145,1.526565867926332,0.77315732466575,1.3279362860368722,-0.1805999395446271,-1.5426899005491703,-1.325830097734794,1.766669098363494,0.9715397829511989,0.9332455259058755,-0.7609567440160538,-1.578180566057794,0.9361095837032049,0.5762508138278555,-1.1691124209886659,0.0,1.0,0.0,0.0,1.0,0.0,1.0,0.0,0.0,0.0,0.0,0.0,0.0,1.0,1.0,0.0,0.0,0.0,50.55
0.34577961390819417,-1.1050014599889935,-0.41856649194899875,0.46361355475455923,-1.412673710475105,1.526565867926332,-1.2291597430593173,1.6208137835725973,1.1447762100683188,0.4617988302442637,1.5751528822338179,-0.6077721608971917,1.4549981391611695,1.4642025859699048,0.7624801809410108,-1.3253165420147799,-1.0731404349772096,0.3236133192241007,-0.38996385651771237,0.0,1.0,0.0,0.0,1.0,0.0,0.0,0.0,1.0,0.0,0.0,1.0,0.0,0.0,0.0,0.0,0.0,1.0,23.9
-1.18923893847329,-1.2068542998810565,0.1484260468139431,0.7103477510049946,-0.26415849870672403,0.8325145526608937,-1.3824073857389576,-0.3614150765604984,0.6564797338951281,-1.3068676969264135,-0.9003525940060645,0.6642499422781758,-0.6903483165205748,0.04831709246582662,-1.14181597525532,0.8802196676937322,1.388190837906298,1.0585587580713873,-1.5586867032241427,0.0,1.0,0.0,1.0,0.0,0.0,0.0,1.0,0.0,0.0,0.0,1.0,0.0,0.0,1.0,0.0,0.0,0.0,50.69
0.9464390474487749,0.09176940874274951,-0.7335623468172998,0.46361355475455923,-0.26415849870672403,0.4854888950281745,0.8761143972670588,-0.30623525818420244,0.37745317608187645,1.287176542923913,-0.5416856073917633,0.24024257455305337,-0.901861347362437,-0.6596256542862126,-1.522675206494586,-1.0232845132967352,1.6393470902413498,-0.6792809775362593,-0.38996385651771237,0.0,1.0,1.0,0.0,0.0,0.0,0.0,0.0,1.0,0.0,1.0,0.0,0.0,0.0,0.0,1.0,0.0,0.0,67.71
0.5459994250883877,1.339466697420525,1.6604061501817882,1.4505503397563009,-0.26415849870672403,0.8325145526608937,1.5241499715441422,-0.33170286666556986,0.6564797338951281,-0.7762677387752103,0.10532150571638771,-2.049397211162608,-0.41840299115246626,0.4022884658418462,-1.522675206494586,0.2831796109255044,-1.0731404349772096,1.6710132904441262,-1.1691124209886659,1.0,0.0,1.0,0.0,0.0,0.0,0.0,0.0,0.0,1.0,0.0,1.0,0.0,0.0,0.0,1.0,0.0,0.0,53.99
-0.5218395678726447,0.8556657079332239,-0.35556732097533855,-1.016791622748018,0.8843567130616569,1.179540210293613,-0.7333818396099384,-0.6118465599606111,0.44720981553518935,-0.5994010860581426,-1.0304572852288991,0.5794484687331517,-1.5666165871511464,1.4642025859699048,0.3816209497017446,-0.06099642179970928,0.3333345780990805,-1.123310513506495,-0.38996385651771237,1.0,0.0,0.0,1.0,0.0,0.0,0.0,0.0,1.0,0.0,0.0,0.0,0.0,1.0,0.0,0.0,1.0,0.0,59.35
1.4136186068692267,-1.6906552893683575,0.21142521778760331,0.21687935850414136,-0.8384161045909145,-0.20856242023726393,-1.2867761048419726,0.9374329559892387,-1.43621944970426,-1.3658232478321026,0.9562765131738472,0.4098455216431025,1.0621882247405687,1.1102312125938854,-0.7609567440160538,1.575595733812021,-0.9726779340431888,-1.4754718696208198,-0.38996385651771237,0.0,1.0,0.0,0.0,0.0,1.0,0.0,0.0,0.0,1.0,0.0,0.0,1.0,0.0,1.0,0.0,0.0,0.0,59.48
-0.7220593790528383,-1.1050014599889935,-1.1745565436329213,-1.7569942114993242,1.4586143189458474,-0.20856242023726393,0.3062865992928925,0.8610301305451367,-0.6688964157178177,0.75657658477271,-1.5543923931262607,-1.794992790527534,1.666511170003032,0.4022884658418462,0.7624801809410108,-0.01885241779254026,-0.6210591807741163,1.6557019271348077,1.5579075546596715,0.0,1.0,0.0,1.0,0.0,0.0,0.0,0.0,0.0,1.0,1.0,0.0,0.0,0.0,1.0,0.0,0.0,0.0,48.16
-1.5896785608336772,0.88112891790624,-1.1745565436329213,-2.0037284077497595,1.4586143189458474,1.526565867926332,1.5869141869568633,-0.0897605860925795,-0.5991397762645048,1.2282209920182239,1.5751528822338179,1.5122646777284217,1.1226205192668148,0.2253027791538364,1.143339412180277,0.6414036449864411,-0.31967167797205415,0.8977894433235434,1.5579075546596715,1.0,0.0,0.0,1.0,0.0,0.0,0.0,0.0,1.0,0.0,0.0,1.0,0.0,0.0,1.0,0.0,0.0,0.0,66.23
-0.4550996308125802,-1.0795382500159774,0.4634219016822441,-0.02985483774629404,1.4586143189458474,-0.5555880778699831,1.7286781561540498,-1.5626372765983272,0.44720981553518935,0.1670210757158175,-1.230888836572185,0.4098455216431025,0.18591995410999693,-0.6596256542862126,0.0007617184624784484,1.168203695076054,1.538884589307329,-0.7405264307735331,-1.5586867032241427,0.0,1.0,0.0,1.0,0.0,0.0,1.0,0.0,0.0,0.0,1.0,0.0,0.0,0.0,0.0,1.0,0.0,0.0,61.04
-0.1881398825723221,-0.31564195082550295,-1.3005548855802416,0.46361355475455923,0.8843567130616569,1.179540210293613,-0.707444577089224,-0.6627817769233459,0.8657496522550671,-1.2479121460207243,1.023087030288276,1.2578602570933475,-0.720564463783698,-1.7215397744142713,0.0007617184624784484,1.2314197010868073,0.7351845818351633,-1.062065060269221,-0.0003895742822356069,0.0,1.0,1.0,0.0,0.0,0.0,0.0,1.0,0.0,0.0,1.0,0.0,0.0,0.0,0.0,0.0,0.0,1.0,45.43
0.4125195509682587,0.47371755833798673,1.5974069792081278,1.6972845360067186,0.3100991071774664,-0.20856242023726393,0.008107077489871495,-0.7222061967132032,0.44720981553518935,1.1692654411125345,0.12641956375252306,-1.794992790527534,-1.0529420836780528,-1.7215397744142713,-1.14181597525532,0.7116436516650562,1.1872658360382566,-1.291735509908998,0.778758990188718,1.0,0.0,0.0,0.0,1.0,0.0,0.0,1.0,0.0,0.0,0.0,1.0,0.0,0.0,0.0,1.0,0.0,0.0,52.55
-0.1881398825723221,-1.0795382500159774,1.4714086372608075,2.4374871247580248,-1.412673710475105,-1.2496393931354215,-0.7333818396099384,1.0393033899147084,-0.38986985790456596,0.5797099320556421,0.07719076166820724,-0.43816921380714247,-0.47883528567871264,1.6411882726579148,1.143339412180277,1.7090517465013897,-1.6759154405813337,1.0968371663446834,-0.38996385651771237,0.0,1.0,0.0,1.0,0.0,0.0,0.0,0.0,1.0,0.0,1.0,0.0,0.0,0.0,0.0,0.0,1.0,0.0,46.17
1.6805783551094848,0.015379778823701893,-0.5445648338963192,1.2038161435058654,-1.412673710475105,1.526565867926332,-0.9430578778499112,-1.4183208285372453,1.5633160467881964,1.5229987465466701,0.6257402706077266,1.1730587835483233,0.5787298685305977,0.5792741525298559,-1.522675206494586,1.4140437184512065,-1.5754529396473131,0.4614155890079669,-0.0003895742822356069,0.0,1.0,1.0,0.0,0.0,0.0,1.0,0.0,0.0,0.0,0.0,1.0,0.0,0.0,0.0,1.0,0.0,0.0,39.21
-1.055759064353161,-1.4360231896381992,0.21142521778760331,0.7103477510049946,-0.26415849870672403,0.8325145526608937,0.020382728453873688,1.0223249842604634,-1.6454893680641989,-0.4225344333410749,-1.6247192532467118,-1.6253898434374858,-0.20688996031060436,0.7562598392178658,1.524198643419543,-1.3253165420147799,-0.42013417890607485,0.8977894433235434,-1.1691124209886659,0.0,1.0,0.0,0.0,0.0,1.0,1.0,0.0,0.0,0.0,0.0,0.0,0.0,1.0,0.0,1.0,0.0,0.0,41.32
1.4803585439292912,-0.6975901004207402,1.345410295313487,0.21687935850414136,-0.26415849870672403,0.4854888950281745,-1.0066140707441806,0.5554188287687276,-0.38986985790456596,0.520754381149953,-1.4418694169335387,-0.43816921380714247,1.4852142864242925,0.04831709246582662,-1.522675206494586,-1.0935245199753503,-1.2740654368452509,1.6863246537534446,-0.7795381387531892,1.0,0.0,0.0,0.0,1.0,0.0,0.0,1.0,0.0,0.0,0.0,1.0,0.0,0.0,0.0,1.0,0.0,0.0,27.77
-1.2559788755333545,0.24454866858084476,-0.9225598597382804,-1.510260015248889,1.4586143189458474,0.8325145526608937,-0.5870639998938477,0.7718935008603508,1.4935594073348835,-0.4225344333410749,-1.6212029102406893,0.4098455216431025,1.2132689610561844,-0.305654280910193,-1.522675206494586,0.12865159623255132,-1.0731404349772096,0.3083019559147822,0.778758990188718,1.0,0.0,0.0,0.0,1.0,0.0,1.0,0.0,0.0,0.0,0.0,0.0,1.0,0.0,0.0,0.0,1.0,0.0,38.14
0.6127393621484523,-1.7161184993413727,1.345410295313487,-0.27658903399672946,1.4586143189458474,-0.9026137355027024,1.1263792814363938,-0.24681083839434514,-0.5293831368111919,1.4640431956409807,0.9000150250774863,-1.9645957376175833,-1.3853197035724074,1.1102312125938854,-1.522675206494586,-0.04694842046398627,0.5844908304341323,1.5408667023149192,0.778758990188718,1.0,0.0,0.0,0.0,0.0,1.0,0.0,0.0,1.0,0.0,0.0,1.0,0.0,0.0,1.0,0.0,0.0,0.0,88.09
0.7462192362685813,0.37186471844592384,-0.04057146610703752,1.2038161435058654,-0.26415849870672403,-0.5555880778699831,-0.4748011918843438,0.5936202414907791,-1.7152460075175118,0.04910997390443904,-0.5592673224218762,-1.3709854228024116,-1.294671261783038,-1.1905827143502419,0.7624801809410108,-0.8406604959323362,0.4840283295001116,1.050903076416728,-0.38996385651771237,0.0,1.0,0.0,1.0,0.0,0.0,0.0,0.0,1.0,0.0,0.0,0.0,1.0,0.0,0.0,0.0,0.0,1.0,42.08
0.8796991103887104,-0.11193627104137717,1.0934136114188462,0.95708194725543,-0.8384161045909145,-0.20856242023726393,-0.12633110000299122,0.3516779609177887,0.23793989717525055,1.4640431956409807,0.590576840547501,1.427463204183396,0.6089460157937213,1.6411882726579148,-0.3800975127767877,1.2454677024225305,-0.42013417890607485,-0.005580991926246468,-1.5586867032241427,0.0,1.0,1.0,0.0,0.0,0.0,1.0,0.0,0.0,0.0,1.0,0.0,0.0,0.0,0.0,0.0,0.0,1.0,48.64
-0.4550996308125802,0.47371755833798673,1.4714086372608075,-1.2635258189984535,0.3100991071774664,0.1384632373954553,-0.10672965733466515,0.8949869418536266,0.23793989717525055,0.10806552481012828,-1.1078168313613954,0.07063962746300421,-0.93207749462556,1.4642025859699048,0.7624801809410108,-1.3253165420147799,-1.4749904387132924,0.8059212634676325,-1.5586867032241427,1.0,0.0,0.0,1.0,0.0,0.0,0.0,0.0,1.0,0.0,0.0,1.0,0.0,0.0,0.0,0.0,1.0,0.0,49.4
0.5459994250883877,0.14269582868878097,1.5344078082344677,0.46361355475455923,0.3100991071774664,-1.5966650507681408,0.9687757626082366,-0.20012022284517164,-0.45962649735787886,0.4028432793385745,-0.4291626311990414,1.1730587835483233,1.001755930214322,-0.6596256542862126,0.0007617184624784484,-0.18742843382121635,-1.5252216891803028,-1.6898309559512783,-0.38996385651771237,0.0,1.0,0.0,1.0,0.0,0.0,0.0,0.0,0.0,1.0,0.0,0.0,1.0,0.0,1.0,0.0,0.0,0.0,58.11
1.4136186068692267,1.3140034874475088,-0.29256815000167835,0.46361355475455923,0.3100991071774664,-0.5555880778699831,-0.9286042888116507,-0.11098359316038578,1.2842894889749448,0.75657658477271,0.1932300808669517,0.15544110100802916,0.3067845431624894,-1.7215397744142713,0.7624801809410108,1.2454677024225305,1.0868033351042359,1.3418189792937791,-0.38996385651771237,0.0,1.0,1.0,0.0,0.0,0.0,0.0,1.0,0.0,0.0,0.0,1.0,0.0,0.0,1.0,0.0,0.0,0.0,31.36
-0.12139994551225756,0.04084298879671807,-0.8595606887646202,0.21687935850414136,0.3100991071774664,1.526565867926332,0.009295043712194287,0.47052680049750334,1.005262931161693,1.5229987465466701,0.15103396479468098,2.445080886723691,-0.9622936418886833,-0.305654280910193,0.7624801809410108,-0.3208844465105849,1.5891158397743395,1.3111962526751422,0.38918470795324117,0.0,1.0,0.0,0.0,1.0,0.0,0.0,0.0,1.0,0.0,0.0,1.0,0.0,0.0,0.0,0.0,1.0,0.0,52.96
0.5459994250883877,-0.5193476306096296,-0.41856649194899875,-0.02985483774629404,-0.26415849870672403,-0.20856242023726393,-1.1830270547591155,-1.3504072059202656,-1.366462810250947,1.4640431956409807,-1.3574771847889973,0.4098455216431025,-0.08602537125811162,0.4022884658418462,-0.3800975127767877,-1.4306765520327025,0.9361095837032049,0.6374962670651293,0.778758990188718,0.0,1.0,0.0,1.0,0.0,0.0,1.0,0.0,0.0,0.0,0.0,1.0,0.0,0.0,0.0,1.0,0.0,0.0,52.74
-0.12139994551225756,0.04084298879671807,0.0854268758402829,0.7103477510049946,-1.412673710475105,0.4854888950281745,-1.5623842684208606,-0.23407703415366135,1.2842894889749448,1.1692654411125345,-1.3891242718432002,1.2578602570933475,-0.32775454936309684,-1.5445540877262616,-1.14181597525532,1.4842837251298215,1.538884589307329,-0.5874127976803484,1.5579075546596715,0.0,1.0,0.0,0.0,0.0,1.0,0.0,1.0,0.0,0.0,0.0,0.0,0.0,1.0,1.0,0.0,0.0,0.0,66.79
0.14555980272800056,0.47371755833798673,-1.5525515694748826,0.7103477510049946,-0.26415849870672403,-0.20856242023726393,-0.9038549925132592,1.5868569722641075,0.93550629170838,1.6409098483580484,-0.9214506520421998,-0.2685662667170933,1.2737012555824305,-1.5445540877262616,1.143339412180277,0.8591476656901477,0.6347220809011427,-1.5673400494767307,1.5579075546596715,1.0,0.0,0.0,0.0,1.0,0.0,0.0,0.0,1.0,0.0,0.0,0.0,1.0,0.0,0.0,0.0,0.0,1.0,33.43
-0.5885795049327093,-0.03554664112232955,-0.9855590307119406,-0.7700574264976002,0.3100991071774664,-1.5966650507681408,0.6009022224289451,-1.5881048850796946,1.7028293256948224,1.0513543393011562,-0.9319996810602675,0.24024257455305337,-1.6270488816773927,0.7562598392178658,-1.14181597525532,-0.10314042580687831,0.7351845818351633,-1.5826514127860491,-0.0003895742822356069,0.0,1.0,0.0,0.0,0.0,1.0,0.0,1.0,0.0,0.0,0.0,0.0,0.0,1.0,0.0,0.0,1.0,0.0,76.68
1.2801387327490976,-0.03554664112232955,-0.35556732097533855,0.46361355475455923,-0.26415849870672403,0.4854888950281745,-1.1923327901673106,-0.6415587698555398,1.4238027678815706,0.1670210757158175,-0.42564628819301886,0.6642499422781758,1.3643496973718003,1.1102312125938854,1.524198643419543,-0.039924419796124766,1.1370345855712463,0.6528076303744478,-0.7795381387531892,1.0,0.0,0.0,0.0,0.0,1.0,1.0,0.0,0.0,0.0,0.0,0.0,0.0,1.0,0.0,0.0,0.0,1.0,42.17
-0.5885795049327093,-0.7994429403128039,-1.3005548855802416,-0.27658903399672946,0.3100991071774664,0.8325145526608937,-1.5485246624937614,-0.6500479726826623,-1.2269495313443213,-1.188956595115035,-1.3785752428251326,0.833852889368225,0.5182975740043516,0.4022884658418462,0.0007617184624784484,-0.7774444899215827,-1.5252216891803028,1.63273488217083,-0.7795381387531892,0.0,1.0,1.0,0.0,0.0,0.0,0.0,0.0,0.0,1.0,0.0,0.0,1.0,0.0,0.0,1.0,0.0,0.0,21.44
-1.6564184978937417,-0.7739797303397877,-0.6705631758436396,-1.510260015248889,0.8843567130616569,0.4854888950281745,-1.6673212847260406,0.4365699891890134,-0.11084330009131417,-0.009845577001250197,-0.1654369057473494,-0.01416184608201998,0.8204590466355832,-0.6596256542862126,1.524198643419543,0.6133076423149951,0.7351845818351633,-0.48788893616977835,0.38918470795324117,1.0,0.0,0.0,1.0,0.0,0.0,0.0,0.0,0.0,1.0,0.0,1.0,0.0,0.0,0.0,0.0,1.0,0.0,41.02
0.5459994250883877,-1.5124128195572468,-1.0485582016856008,-0.5233232302471649,1.4586143189458474,-0.5555880778699831,-0.9163286378476484,-1.3546518073338267,-0.38986985790456596,-0.7762677387752103,-0.08456101660883053,-0.01416184608201998,-1.7479134707298853,-0.305654280910193,1.524198643419543,1.8073877558514508,0.08217832576402873,0.8977894433235434,-1.5586867032241427,0.0,1.0,1.0,0.0,0.0,0.0,0.0,0.0,1.0,0.0,0.0,0.0,0.0,1.0,0.0,0.0,0.0,1.0,24.67
-0.7220593790528383,1.6959516370427459,1.6604061501817882,-1.510260015248889,-1.412673710475105,0.8325145526608937,1.6397786838502275,0.4195915835347685,-0.8084096946244436,-0.4814899842467641,-1.536810678096148,0.4946469951881267,0.42764913221498213,0.2253027791538364,1.143339412180277,0.5500916363042415,-1.2740654368452509,1.4107201141857122,0.778758990188718,1.0,0.0,0.0,0.0,1.0,0.0,0.0,0.0,0.0,1.0,0.0,0.0,0.0,1.0,0.0,0.0,0.0,1.0,46.14
0.9464390474487749,-1.3596335597191516,0.1484260468139431,0.95708194725543,0.8843567130616569,-0.20856242023726393,0.28985306655076054,-1.392853220055878,-1.43621944970426,1.6998653992637378,-1.0445226572529893,0.4946469951881267,0.3067845431624894,-1.3675684010382516,1.143339412180277,1.5896437351477442,0.7854158323021737,0.9896576231794542,-0.7795381387531892,0.0,1.0,0.0,1.0,0.0,0.0,0.0,0.0,1.0,0.0,0.0,0.0,0.0,1.0,0.0,1.0,0.0,0.0,40.74
0.6127393621484523,-0.7994429403128039,-0.9225598597382804,0.21687935850414136,-0.8384161045909145,1.526565867926332,0.19620172935764701,-1.392853220055878,1.0750195706150059,-0.5404455351524533,0.09828881970434258,-1.0317795286223141,0.12548765958375055,0.7562598392178658,-0.3800975127767877,-0.5245804658785685,-0.8219841826421577,0.5762508138278555,-0.0003895742822356069,1.0,0.0,0.0,0.0,0.0,1.0,0.0,1.0,0.0,0.0,0.0,1.0,0.0,0.0,0.0,0.0,1.0,0.0,53.13
0.4125195509682587,-0.8249061502858193,0.3374235597349237,-0.27658903399672946,-0.26415849870672403,1.179540210293613,-1.0501728322293498,0.759159696619667,1.005262931161693,0.6976210338670207,-0.23928010887382317,0.24024257455305337,0.9715397829511989,-0.6596256542862126,-0.3800975127767877,1.7160757471692512,-1.3242966873122612,-0.10510485343681654,0.778758990188718,0.0,1.0,0.0,1.0,0.0,0.0,0.0,0.0,1.0,0.0,0.0,0.0,0.0,1.0,1.0,0.0,0.0,0.0,46.57
-1.5229386237736127,0.8302024979602086,-0.6705631758436396,1.4505503397563009,-0.8384161045909145,1.526565867926332,0.21520918891481172,-0.6160911613741724,0.5867230944418153,-0.7762677387752103,-0.6225614965302823,0.3250440480980783,0.18591995410999693,-1.7215397744142713,-1.14181597525532,-1.4447245533684254,-0.5205966798400956,1.7092916987174225,0.778758990188718,1.0,0.0,1.0,0.0,0.0,0.0,0.0,0.0,1.0,0.0,1.0,0.0,0.0,0.0,1.0,0.0,0.0,0.0,46.55
0.4125195509682587,-0.3920315807445506,0.3374235597349237,-0.02985483774629404,-0.26415849870672403,-0.20856242023726393,0.09502660608982251,1.6038353779183523,-0.6688964157178177,0.520754381149953,-1.280117638656501,-1.0317795286223141,1.2434851083193075,0.5792741525298559,-0.3800975127767877,-1.2340045333325804,0.5844908304341323,-0.1357275800554535,1.5579075546596715,0.0,1.0,0.0,0.0,1.0,0.0,0.0,0.0,1.0,0.0,0.0,0.0,1.0,0.0,0.0,0.0,0.0,1.0,52.83
-0.8555392531729674,1.1866874375824297,-1.1115573726592611,-1.510260015248889,1.4586143189458474,-1.5966650507681408,-1.6449479208722948,-1.5881048850796946,1.3540461284282577,0.9334432374897776,-1.6176865672346668,0.9186543629132492,-0.93207749462556,1.4642025859699048,-0.3800975127767877,-0.9249485039466743,-1.12337168544422,-0.8400502922841032,-1.5586867032241427,1.0,0.0,0.0,0.0,1.0,0.0,0.0,0.0,0.0,1.0,1.0,0.0,0.0,0.0,0.0,1.0,0.0,0.0,30.06
-0.38835969375251567,-0.7739797303397877,0.7784177565505451,-0.5233232302471649,0.8843567130616569,1.179540210293613,0.22471291869339405,-0.20436482425873279,-1.2967061707976342,0.5797099320556421,-1.4031896438672906,0.4098455216431025,1.0621882247405687,0.9332455259058755,0.3816209497017446,1.210347699083223,1.1370345855712463,-0.34243098473125283,-0.7795381387531892,1.0,0.0,1.0,0.0,0.0,0.0,0.0,0.0,1.0,0.0,0.0,1.0,0.0,0.0,0.0,0.0,0.0,1.0,52.76
1.4136186068692267,0.1936222486348133,-1.0485582016856008,1.6972845360067186,1.4586143189458474,-0.20856242023726393,0.43854683871149674,-1.3291841988524593,-0.6688964157178177,0.9334432374897776,0.09477247669832004,2.3602794131786666,-1.113374378204299,-0.12866859422218316,-0.7609567440160538,-0.16635643181763182,-1.2238341863782405,-0.10510485343681654,1.5579075546596715,0.0,1.0,0.0,0.0,1.0,0.0,1.0,0.0,0.0,0.0,0.0,0.0,0.0,1.0,0.0,1.0,0.0,0.0,51.79
-0.4550996308125802,-0.926758990177883,1.2824111243398268,-0.7700574264976002,0.3100991071774664,0.1384632373954553,1.4079272761268957,-0.5227099302758252,-1.2967061707976342,0.4617988302442637,-0.8229930478735681,-0.01416184608201998,1.0924043720036918,-1.7215397744142713,-1.14181597525532,-0.23659643849624687,-0.6712904312411266,-0.7558377940828516,1.1683332724241948,0.0,1.0,1.0,0.0,0.0,0.0,0.0,0.0,1.0,0.0,0.0,0.0,1.0,0.0,1.0,0.0,0.0,0.0,61.29
-1.2559788755333545,2.1033629966109992,-0.8595606887646202,0.21687935850414136,1.4586143189458474,-0.5555880778699831,-1.5726799756809915,1.6759936019488932,0.09842661826862466,-0.6583566369638318,1.269231040709855,1.1730587835483233,1.515430433687416,-1.0135970276622321,1.143339412180277,0.9715316763759317,0.13240957623103908,-1.5903070944407083,-1.1691124209886659,1.0,0.0,1.0,0.0,0.0,0.0,0.0,1.0,0.0,0.0,0.0,0.0,0.0,1.0,0.0,0.0,0.0,1.0,28.25
-1.322718812593419,-1.3087071397731203,0.1484260468139431,0.7103477510049946,1.4586143189458474,0.1384632373954553,-0.7708027756131063,1.3024686775555048,-0.8084096946244436,-1.0710454933036564,1.4415318480049606,0.4946469951881267,-0.5694837274680821,-1.3675684010382516,-1.14181597525532,-1.0935245199753503,-1.3745279377792716,0.9437235332514988,1.1683332724241948,0.0,1.0,0.0,1.0,0.0,0.0,1.0,0.0,0.0,0.0,0.0,1.0,0.0,0.0,0.0,0.0,0.0,1.0,55.77
-1.5896785608336772,0.21908545860782858,1.2824111243398268,0.46361355475455923,0.3100991071774664,0.8325145526608937,1.511676326209753,-1.5499034723576435,-0.8084096946244436,0.8155321356783991,-0.9566140821024254,1.936272045453544,0.09527151232062724,1.1102312125938854,1.143339412180277,1.533451729804852,-0.5708279303071059,1.5714894289335561,1.1683332724241948,1.0,0.0,1.0,0.0,0.0,0.0,0.0,1.0,0.0,0.0,0.0,0.0,1.0,0.0,0.0,1.0,0.0,0.0,57.07
-0.6553194419927738,0.5501071882570343,0.02242770486662269,2.4374871247580248,-0.26415849870672403,-0.9026137355027024,0.6751501113241196,0.1988723100295842,1.2842894889749448,-1.7785121041719274,0.9140803971015765,-1.0317795286223141,0.5485137212674747,1.287216899281895,0.7624801809410108,0.42365962428273446,-0.9726779340431888,0.5762508138278555,-1.1691124209886659,1.0,0.0,1.0,0.0,0.0,0.0,0.0,1.0,0.0,0.0,1.0,0.0,0.0,0.0,0.0,0.0,1.0,0.0,35.77
0.4125195509682587,0.3464015084729076,-0.16656980805435792,-1.2635258189984535,0.3100991071774664,-0.20856242023726393,-1.552484549901504,0.4832606047381867,0.5169664549885024,1.2282209920182239,-1.3574771847889973,-0.5229706873521667,-1.4759681453617772,1.4642025859699048,-0.7609567440160538,1.1822516964117769,0.28310332763207013,-1.3606366448009313,1.1683332724241948,1.0,0.0,1.0,0.0,0.0,0.0,0.0,1.0,0.0,0.0,0.0,0.0,1.0,0.0,0.0,1.0,0.0,0.0,58.73
1.4136186068692267,-0.26471553087947153,-0.6705631758436396,-1.016791622748018,0.8843567130616569,-1.2496393931354215,0.14749511424241252,-1.0023498900082446,0.5169664549885024,-1.6016454514548597,0.19674642387297428,-0.9469780550772892,-0.02559307673186525,1.287216899281895,0.3816209497017446,-0.447316458532092,-0.36990292843906447,-0.9855082437226287,-0.7795381387531892,0.0,1.0,0.0,0.0,1.0,0.0,1.0,0.0,0.0,0.0,0.0,0.0,0.0,1.0,0.0,0.0,1.0,0.0,30.32
-0.9890191272930965,-0.21378911093344008,0.21142521778760331,-1.2635258189984535,1.4586143189458474,-1.2496393931354215,-0.452625822400985,-1.2230691635134285,1.2842894889749448,-0.4225344333410749,-0.2674108529220037,-0.09896331962704417,-0.509051432941836,0.9332455259058755,0.3816209497017446,1.1330836917367464,1.1872658360382566,-0.8859843822120586,0.778758990188718,1.0,0.0,0.0,0.0,1.0,0.0,1.0,0.0,0.0,0.0,0.0,0.0,1.0,0.0,1.0,0.0,0.0,0.0,46.67
1.6138384180494203,-0.03554664112232955,-0.41856649194899875,-0.27658903399672946,0.3100991071774664,0.4854888950281745,-1.33528472558682,1.357648495931801,-0.38986985790456596,0.284932177527196,0.2283935109271773,-1.1165810021673384,1.2737012555824305,-1.5445540877262616,0.0007617184624784484,1.7652437518442816,1.538884589307329,1.502588294041623,1.5579075546596715,1.0,0.0,0.0,0.0,1.0,0.0,0.0,0.0,0.0,1.0,0.0,1.0,0.0,0.0,0.0,0.0,0.0,1.0,35.42
-0.32161975669245113,-0.23925232090645623,0.5894202436295646,0.95708194725543,1.4586143189458474,1.526565867926332,-0.15919816548725516,1.5741231680234236,1.4935594073348835,0.284932177527196,1.118028291450885,-1.5405883698924607,1.3039174028455536,0.7562598392178658,1.143339412180277,-1.6133005693971016,1.0365720846372255,0.4231371807346707,-0.38996385651771237,0.0,1.0,0.0,0.0,0.0,1.0,1.0,0.0,0.0,0.0,0.0,1.0,0.0,0.0,0.0,0.0,0.0,1.0,53.38
-0.32161975669245113,0.9065921278792554,-0.7335623468172998,-1.016791622748018,0.8843567130616569,1.526565867926332,1.478809260725489,1.6547705948810871,0.7262363733484412,0.8155321356783991,-0.6436595545664175,-2.2190001582526566,0.6995944575830905,0.4022884658418462,0.0007617184624784484,1.435115720454791,-1.12337168544422,-0.7252150674642146,0.38918470795324117,0.0,1.0,0.0,0.0,1.0,0.0,0.0,0.0,1.0,0.0,0.0,0.0,1.0,0.0,0.0,1.0,0.0,0.0,46.87
1.2801387327490976,2.1542894165570297,-0.35556732097533855,0.95708194725543,-0.8384161045909145,1.526565867926332,0.13046759838911914,0.9671451658841674,-1.2967061707976342,-1.719556553266238,-0.44322800322313166,-2.2190001582526566,0.5182975740043516,0.4022884658418462,0.7624801809410108,0.40258762227914996,0.13240957623103908,-1.4142264163835458,1.5579075546596715,0.0,1.0,0.0,1.0,0.0,0.0,0.0,1.0,0.0,0.0,0.0,1.0,0.0,0.0,0.0,1.0,0.0,0.0,56.75
0.2122997397880651,-0.6466636804747087,-0.29256815000167835,-0.02985483774629404,0.8843567130616569,0.1384632373954553,-0.7858503477625284,0.5384404231144827,0.44720981553518935,-0.1867122297183179,0.10180516271036515,0.6642499422781758,0.7902428993724601,0.9332455259058755,0.3816209497017446,1.1611796944081925,-1.0229091845101992,-0.962541198758651,-0.0003895742822356069,0.0,1.0,0.0,0.0,0.0,1.0,0.0,0.0,0.0,1.0,0.0,1.0,0.0,0.0,1.0,0.0,0.0,0.0,58.8
0.7462192362685813,-1.4869496095842307,1.345410295313487,-1.016791622748018,-1.412673710475105,-0.5555880778699831,0.8862121101568026,-0.5396883359300702,1.5633160467881964,-0.3046233315296964,-0.11620810366303357,-0.43816921380714247,-0.47883528567871264,-0.48263996759820277,0.7624801809410108,-0.8266124945966132,-0.9224466835761784,-0.18931735163806812,-1.5586867032241427,1.0,0.0,0.0,1.0,0.0,0.0,1.0,0.0,0.0,0.0,0.0,1.0,0.0,0.0,1.0,0.0,0.0,0.0,42.63
0.7462192362685813,-0.1883259009604239,-1.3005548855802416,-1.7569942114993242,-1.412673710475105,-0.20856242023726393,1.4829671425036188,-1.1339325338286428,-1.575732728610886,-0.4814899842467641,0.37607991718012485,-1.2861839492573874,-0.32775454936309684,0.04831709246582662,1.524198643419543,0.9293876723687627,-0.8219841826421577,-0.23525144156602354,-0.7795381387531892,1.0,0.0,0.0,0.0,1.0,0.0,0.0,1.0,0.0,0.0,1.0,0.0,0.0,0.0,0.0,0.0,1.0,0.0,25.78
1.213398795689033,2.536237566152267,0.7784177565505451,-1.510260015248889,-1.412673710475105,-1.5966650507681408,0.3852863530773582,-1.448033038432174,0.93550629170838,-0.953134391492278,-0.4291626311990414,-0.6925736344422158,0.18591995410999693,-0.48263996759820277,-0.7609567440160538,-0.06802042246757078,0.4840283295001116,1.0279360314527504,1.5579075546596715,1.0,0.0,0.0,0.0,0.0,1.0,1.0,0.0,0.0,0.0,0.0,0.0,0.0,1.0,1.0,0.0,0.0,0.0,64.67
1.6138384180494203,-0.9012957802048669,-1.426553227527562,-0.7700574264976002,1.4586143189458474,0.4854888950281745,-1.4499234660409697,0.6403108570399524,0.23793989717525055,0.284932177527196,-0.5663000084339213,-0.5229706873521667,1.515430433687416,-0.12866859422218316,0.7624801809410108,0.058411589553936286,0.4337970790331012,-1.6515525476779822,-0.7795381387531892,1.0,0.0,0.0,0.0,1.0,0.0,0.0,0.0,0.0,1.0,0.0,1.0,0.0,0.0,1.0,0.0,0.0,0.0,27.01
-1.2559788755333545,1.594098797150683,-1.4895523985012222,-0.27658903399672946,-0.26415849870672403,0.8325145526608937,-1.0331453163760564,0.9501667602299225,-0.11084330009131417,-0.24566778062400715,0.6925507877221553,-1.0317795286223141,0.760026752109337,-1.7215397744142713,-0.7609567440160538,1.0136756803831009,-1.6256841901143235,-1.3682923264555904,-1.1691124209886659,0.0,1.0,1.0,0.0,0.0,0.0,1.0,0.0,0.0,0.0,0.0,0.0,1.0,0.0,1.0,0.0,0.0,0.0,22.65
0.012079928607871505,1.6195620071236982,0.9674152694715258,1.2038161435058654,-0.26415849870672403,1.179540210293613,0.5159626375328654,1.0902386068774432,-0.25035657899794006,-1.4837343496434812,0.5272826664390949,1.5970661512734459,0.1557038068468736,0.2253027791538364,-1.14181597525532,-0.8195884939287517,-0.8219841826421577,0.8365439900862695,-0.38996385651771237,1.0,0.0,0.0,0.0,0.0,1.0,1.0,0.0,0.0,0.0,0.0,1.0,0.0,0.0,1.0,0.0,0.0,0.0,73.81
0.012079928607871505,-0.6466636804747087,0.02242770486662269,0.7103477510049946,-0.26415849870672403,0.8325145526608937,1.3382332577506253,1.3873607058267292,-1.366462810250947,0.22597662662150675,0.7558449618305613,1.427463204183396,0.9413236356880759,-0.305654280910193,0.7624801809410108,-0.053972421131847775,-1.2740654368452509,-1.6515525476779822,-0.0003895742822356069,1.0,0.0,0.0,1.0,0.0,0.0,0.0,1.0,0.0,0.0,1.0,0.0,0.0,0.0,0.0,0.0,1.0,0.0,63.08
0.47925948802832324,0.4991807683110029,-0.04057146610703752,-0.7700574264976002,1.4586143189458474,-0.20856242023726393,-0.47876107929208644,1.272756467660576,1.5633160467881964,0.4617988302442637,-1.6915297703611405,1.5970661512734459,-0.4486191384155896,-1.0135970276622321,-0.3800975127767877,-0.7353004859144137,1.4384220883733083,-0.21994007825670508,0.778758990188718,0.0,1.0,1.0,0.0,0.0,0.0,0.0,0.0,1.0,0.0,0.0,0.0,1.0,0.0,1.0,0.0,0.0,0.0,63.71
-0.38835969375251567,1.568635587177667,-1.1115573726592611,0.46361355475455923,0.8843567130616569,-0.9026137355027024,-1.2865781104715857,1.6802382033624543,-0.11084330009131417,0.4028432793385745,1.1461590354990654,0.15544110100802916,0.7902428993724601,-0.305654280910193,-1.522675206494586,1.449163721790514,-0.9224466835761784,0.7140530836117217,0.778758990188718,1.0,0.0,0.0,0.0,1.0,0.0,1.0,0.0,0.0,0.0,0.0,0.0,0.0,1.0,0.0,0.0,1.0,0.0,34.3
0.2122997397880651,-0.4684212106635982,-1.741549082395863,1.6972845360067186,-0.26415849870672403,1.526565867926332,0.27718142684598407,-0.8877456518420912,1.005262931161693,0.22597662662150675,0.05257636062604931,0.24024257455305337,-0.32775454936309684,0.9332455259058755,0.3816209497017446,-1.3604365453540874,0.13240957623103908,-1.6974866376059377,1.5579075546596715,1.0,0.0,1.0,0.0,0.0,0.0,0.0,0.0,0.0,1.0,0.0,0.0,1.0,0.0,0.0,1.0,0.0,0.0,59.0
0.4125195509682587,-0.2901787408524877,0.9044160984978656,1.6972845360067186,-0.8384161045909145,1.179540210293613,-1.6928625585059807,0.8780085361993816,-0.1805999395446271,0.284932177527196,-0.25686182390393597,-0.6925736344422158,-0.7809967583099442,1.287216899281895,0.3816209497017446,0.9645076757080703,0.3835658285660909,-1.2304900566717243,1.1683332724241948,1.0,0.0,1.0,0.0,0.0,0.0,1.0,0.0,0.0,0.0,0.0,0.0,1.0,0.0,0.0,0.0,0.0,1.0,48.59
0.07881986566793604,-0.6721268904477249,-0.6075640048699794,-0.27658903399672946,-1.412673710475105,0.1384632373954553,0.9994648900182421,0.27527513547368665,0.8657496522550671,-1.2479121460207243,-1.3012156966926363,-0.862176581532265,0.36721683768873575,-0.48263996759820277,0.3816209497017446,-0.39814845385706144,-0.9224466835761784,0.9207564882875211,-1.1691124209886659,1.0,0.0,1.0,0.0,0.0,0.0,1.0,0.0,0.0,0.0,0.0,0.0,1.0,0.0,0.0,1.0,0.0,0.0,31.5
1.3468786698091622,-1.1304646699620098,-1.2375557146065814,0.95708194725543,0.8843567130616569,-0.20856242023726393,-0.34333292994728803,-0.8283212320522341,-1.0874362524376953,-0.06880112790693943,1.4731789350591635,-0.01416184608201998,0.6391621630568444,0.04831709246582662,-1.14181597525532,-0.26469244116769286,0.5342595799671219,-1.023786651995925,1.1683332724241948,1.0,0.0,0.0,0.0,0.0,1.0,0.0,0.0,1.0,0.0,0.0,0.0,1.0,0.0,1.0,0.0,0.0,0.0,69.98
0.4125195509682587,-0.7485165203667725,-0.10357063708069772,1.4505503397563009,-1.412673710475105,-0.9026137355027024,-1.6691032340595249,1.6208137835725973,-0.6688964157178177,1.287176542923913,-0.903868937012087,0.6642499422781758,-0.14645766578435798,1.6411882726579148,-1.522675206494586,-1.1567405259861039,-0.26944042750504377,-1.5673400494767307,1.1683332724241948,1.0,0.0,0.0,0.0,0.0,1.0,0.0,1.0,0.0,0.0,0.0,1.0,0.0,0.0,0.0,0.0,0.0,1.0,79.87
-1.4561986867135481,-1.3341703497461355,0.3374235597349237,-1.510260015248889,-0.26415849870672403,0.1384632373954553,-0.11722335896518314,1.3321808874504333,-1.0176796129843824,0.5797099320556421,-0.5663000084339213,1.1730587835483233,0.21613610137311998,1.4642025859699048,-0.7609567440160538,1.6739317431620822,0.13240957623103908,-0.8783287005573993,-0.0003895742822356069,0.0,1.0,0.0,0.0,0.0,1.0,0.0,0.0,0.0,1.0,0.0,0.0,0.0,1.0,1.0,0.0,0.0,0.0,78.01
1.4136186068692267,-0.061009851095344826,0.9674152694715258,-0.5233232302471649,0.8843567130616569,-0.9026137355027024,0.07364321408801223,-1.2782489818897245,0.44720981553518935,0.4028432793385745,0.17916470884286148,-0.6077721608971917,0.6693783103199674,-1.1905827143502419,-1.14181597525532,1.0066516797152394,0.08217832576402873,-0.6716252958816,-0.7795381387531892,0.0,1.0,1.0,0.0,0.0,0.0,0.0,1.0,0.0,0.0,0.0,1.0,0.0,0.0,1.0,0.0,0.0,0.0,44.65
-0.5218395678726447,-0.8758325702318516,-1.5525515694748826,2.1907529285075893,0.3100991071774664,1.526565867926332,1.1542964876609794,-1.6263062978017457,1.3540461284282577,-0.12775667881262867,-0.5065221773315377,-1.2861839492573874,0.9111074884249528,1.6411882726579148,0.3816209497017446,-0.34195644851416945,0.5342595799671219,1.1351155746179797,1.5579075546596715,1.0,0.0,0.0,1.0,0.0,0.0,0.0,1.0,0.0,0.0,1.0,0.0,0.0,0.0,0.0,1.0,0.0,0.0,56.46
-1.5229386237736127,0.14269582868878097,0.4634219016822441,-0.27658903399672946,-0.8384161045909145,0.1384632373954553,1.4580198518348402,0.6233324513857075,-1.366462810250947,1.2282209920182239,1.6384470563422238,0.7490514158232008,1.3643496973718003,-0.12866859422218316,0.3816209497017446,-0.9811405092895663,1.6895783407083602,0.6681189936837663,0.778758990188718,1.0,0.0,0.0,0.0,0.0,1.0,0.0,1.0,0.0,0.0,1.0,0.0,0.0,0.0,1.0,0.0,0.0,0.0,77.22
0.5459994250883877,-1.6651920793953412,-0.6705631758436396,-2.9906651927514836,-0.26415849870672403,-0.5555880778699831,-1.5906974633862205,0.3346995552635438,-0.11084330009131417,1.6409098483580484,-0.28147622494609387,-1.8797942640725591,-0.509051432941836,0.4022884658418462,0.0007617184624784484,-0.9670925079538433,-1.424759188246282,-1.192211648398428,-1.5586867032241427,0.0,1.0,0.0,0.0,0.0,1.0,1.0,0.0,0.0,0.0,0.0,0.0,1.0,0.0,0.0,1.0,0.0,0.0,34.63
1.4803585439292912,0.24454866858084476,-0.8595606887646202,-0.02985483774629404,-0.26415849870672403,-1.2496393931354215,0.4539903996016931,1.4637635312708317,0.5169664549885024,0.6976210338670207,-0.9425487100783352,-0.01416184608201998,1.545646580950539,1.6411882726579148,0.0007617184624784484,0.9364116730366242,1.4384220883733083,-0.9931639253772879,1.1683332724241948,1.0,0.0,1.0,0.0,0.0,0.0,0.0,0.0,1.0,0.0,0.0,1.0,0.0,0.0,1.0,0.0,0.0,0.0,68.68
-0.6553194419927738,0.753812868041161,1.4084094662871471,0.95708194725543,-0.8384161045909145,0.8325145526608937,-1.092543627492196,-0.921702463150581,-0.9479229735310695,0.4617988302442637,-1.192209063505937,0.07063962746300421,0.4578652794781052,0.5792741525298559,1.524198643419543,0.31127561359695044,-1.17360293591123,-0.6486582509176223,-0.0003895742822356069,1.0,0.0,0.0,0.0,1.0,0.0,1.0,0.0,0.0,0.0,0.0,1.0,0.0,0.0,0.0,0.0,1.0,0.0,21.54
1.1466588586289685,-2.123529858909626,-0.9855590307119406,-0.02985483774629404,-0.8384161045909145,-0.5555880778699831,1.637600745775969,-1.4268100313643677,0.09842661826862466,1.1103098902068453,-0.9847448261506059,-0.43816921380714247,1.001755930214322,-1.5445540877262616,0.0007617184624784484,0.571163638307826,0.9361095837032049,-0.25821848653000123,0.38918470795324117,1.0,0.0,0.0,0.0,1.0,0.0,0.0,0.0,0.0,1.0,0.0,0.0,0.0,1.0,0.0,0.0,0.0,1.0,41.28
0.07881986566793604,0.2954750885268762,-0.6075640048699794,0.7103477510049946,0.3100991071774664,1.179540210293613,-0.7258580535352274,-0.8368104348793565,0.8657496522550671,-1.6016454514548597,-1.4067059868733132,-1.6253898434374858,0.6693783103199674,-1.1905827143502419,0.3816209497017446,1.6809557438299436,0.3333345780990805,-1.253457101635702,1.5579075546596715,0.0,1.0,1.0,0.0,0.0,0.0,0.0,0.0,1.0,0.0,0.0,0.0,0.0,1.0,0.0,1.0,0.0,0.0,35.14
0.2122997397880651,1.1612242276094136,1.2824111243398268,0.95708194725543,-0.26415849870672403,0.4854888950281745,0.9994648900182421,-1.6517739062831132,-0.5293831368111919,-1.5426899005491703,1.5083423651193892,-0.35336774026211826,-1.0227259364149297,-0.6596256542862126,-0.3800975127767877,-0.22254843716052386,-1.6256841901143235,-0.2735298498393197,1.1683332724241948,1.0,0.0,0.0,1.0,0.0,0.0,0.0,1.0,0.0,0.0,0.0,0.0,0.0,1.0,0.0,1.0,0.0,0.0,58.68
0.14555980272800056,-1.3087071397731203,-1.426553227527562,-0.27658903399672946,1.4586143189458474,-1.2496393931354215,0.42924110330330156,-1.592349486493256,1.3540461284282577,-1.6016454514548597,-0.5663000084339213,1.6818676248184699,-1.5061842926249003,1.4642025859699048,-1.522675206494586,0.05138758888607478,1.1872658360382566,0.0939428695843236,-0.7795381387531892,0.0,1.0,0.0,1.0,0.0,0.0,0.0,0.0,1.0,0.0,0.0,1.0,0.0,0.0,0.0,0.0,0.0,1.0,80.07
1.2801387327490976,1.6195620071236982,1.2194119533661667,-0.5233232302471649,-0.26415849870672403,-0.5555880778699831,1.2039930746281495,1.3916053072402907,0.93550629170838,0.284932177527196,-0.08807735961485309,0.5794484687331517,0.7902428993724601,1.1102312125938854,-0.3800975127767877,0.35341961760411944,-1.2238341863782405,-1.1769002850891095,-0.0003895742822356069,1.0,0.0,0.0,0.0,1.0,0.0,0.0,0.0,0.0,1.0,0.0,0.0,0.0,1.0,0.0,1.0,0.0,0.0,56.12
-1.3894587496534836,0.3464015084729076,-1.0485582016856008,0.21687935850414136,-1.412673710475105,-0.20856242023726393,1.7090767134857237,-0.518465328862264,-0.8781663340777566,1.6409098483580484,1.2938454417520129,1.1730587835483233,0.03483921779438112,0.9332455259058755,-1.14181597525532,-0.2927884438391389,1.1370345855712463,1.7169473803720816,-0.38996385651771237,0.0,1.0,0.0,0.0,1.0,0.0,1.0,0.0,0.0,0.0,0.0,0.0,0.0,1.0,0.0,0.0,0.0,1.0,56.18
0.5459994250883877,-0.7994429403128039,1.4084094662871471,0.21687935850414136,0.8843567130616569,-0.9026137355027024,-1.4277480965576108,-0.3189690624248861,1.005262931161693,0.8155321356783991,0.5237663234330724,-1.2861839492573874,0.6995944575830905,0.4022884658418462,-0.7609567440160538,-1.536036562050625,0.8858783332361945,-0.9548855171039917,-1.5586867032241427,0.0,1.0,1.0,0.0,0.0,0.0,1.0,0.0,0.0,0.0,0.0,0.0,0.0,1.0,0.0,0.0,1.0,0.0,33.14
0.9464390474487749,-0.13739948101439245,0.5264210726559043,-0.02985483774629404,0.8843567130616569,1.179540210293613,0.046319990974588,-1.6517739062831132,0.3076965366285635,-0.8941788405865888,1.6278980273241561,0.24024257455305337,-0.08602537125811162,1.287216899281895,0.7624801809410108,1.533451729804852,0.3835658285660909,-1.6438968660233229,-0.0003895742822356069,1.0,0.0,1.0,0.0,0.0,0.0,0.0,1.0,0.0,0.0,0.0,0.0,1.0,0.0,1.0,0.0,0.0,0.0,48.25
0.6794792992085168,0.47371755833798673,-0.7335623468172998,-0.02985483774629404,-1.412673710475105,-0.20856242023726393,1.2681432506335804,-0.7986090221573053,1.6330726862415095,-0.3635788824353856,0.7628776478426065,0.07063962746300421,-0.6601321692574518,0.2253027791538364,0.7624801809410108,0.40258762227914996,-1.0229091845101992,0.6757746753384255,0.778758990188718,0.0,1.0,0.0,0.0,1.0,0.0,1.0,0.0,0.0,0.0,1.0,0.0,0.0,0.0,0.0,0.0,1.0,0.0,38.38
-0.1881398825723221,-0.010083431149313378,-0.35556732097533855,-0.7700574264976002,0.8843567130616569,-1.2496393931354215,-0.2512655477172716,1.0180803828469023,1.0750195706150059,-1.0120899423979672,1.6806431724144946,0.07063962746300421,-0.7507806110468211,-1.7215397744142713,-1.522675206494586,1.6528597411584975,-1.5252216891803028,-0.6792809775362593,-1.5586867032241427,1.0,0.0,0.0,1.0,0.0,0.0,1.0,0.0,0.0,0.0,1.0,0.0,0.0,0.0,1.0,0.0,0.0,0.0,47.27
0.14555980272800056,0.47371755833798673,-0.16656980805435792,0.7103477510049946,-0.8384161045909145,-0.9026137355027024,0.7404882535518733,0.3729009679855948,-0.8781663340777566,-1.188956595115035,0.21784448190910963,0.5794484687331517,0.7902428993724601,0.7562598392178658,1.143339412180277,-1.1216205226467963,-1.12337168544422,1.242295117783209,-0.38996385651771237,0.0,1.0,1.0,0.0,0.0,0.0,0.0,0.0,0.0,1.0,0.0,1.0,0.0,0.0,0.0,0.0,0.0,1.0,42.12
1.4803585439292912,-1.0286118300699458,0.02242770486662269,0.46361355475455923,0.8843567130616569,1.179540210293613,1.3475389931588204,0.8440517248908918,0.5867230944418153,-0.12775667881262867,1.357139615860419,0.15544110100802916,-0.7809967583099442,-1.3675684010382516,0.7624801809410108,0.38151562027556546,1.0868033351042359,-1.2764241465996797,0.38918470795324117,1.0,0.0,0.0,1.0,0.0,0.0,0.0,0.0,1.0,0.0,0.0,1.0,0.0,0.0,0.0,0.0,1.0,0.0,71.47
1.2801387327490976,0.09176940874274951,0.2744243887612635,-1.2635258189984535,0.8843567130616569,0.4854888950281745,0.8917559525276422,-0.1958756214316103,0.7262363733484412,0.1670210757158175,1.5399894521735922,-1.2013824757123632,0.7298106048462135,-0.8366113409742223,-1.522675206494586,1.5123797278012676,-0.26944042750504377,1.050903076416728,1.5579075546596715,1.0,0.0,1.0,0.0,0.0,0.0,1.0,0.0,0.0,0.0,0.0,0.0,1.0,0.0,1.0,0.0,0.0,0.0,52.3
0.27903967684812964,-1.5378760295302623,-0.10357063708069772,-0.5233232302471649,-1.412673710475105,-1.2496393931354215,-0.6607179056778608,-0.6627817769233459,0.3076965366285635,-0.5404455351524533,-0.9284833380542449,0.5794484687331517,-0.41840299115246626,0.5792741525298559,1.143339412180277,-0.447316458532092,0.2328720771650598,-0.832394610629444,1.1683332724241948,0.0,1.0,1.0,0.0,0.0,0.0,0.0,0.0,0.0,1.0,1.0,0.0,0.0,0.0,0.0,0.0,0.0,1.0,49.22
0.5459994250883877,-0.1883259009604239,-0.22956897902801815,-0.02985483774629404,0.3100991071774664,1.179540210293613,1.0543093306154776,-0.07702678185189589,-0.041086660638001225,-1.0120899423979672,-1.0480390002590119,0.833852889368225,0.9413236356880759,-0.8366113409742223,-1.14181597525532,0.388539620943427,-0.06851542563700234,-1.031442333650584,-1.1691124209886659,1.0,0.0,1.0,0.0,0.0,0.0,0.0,0.0,0.0,1.0,0.0,0.0,0.0,1.0,1.0,0.0,0.0,0.0,54.44
0.4125195509682587,-1.0031486200969306,1.6604061501817882,-0.5233232302471649,0.8843567130616569,-0.5555880778699831,-1.108779165863941,-0.6203357627877336,-1.6454893680641989,1.4640431956409807,0.13345224976456818,1.3426617306383717,-1.2644551145199148,-1.7215397744142713,1.143339412180277,0.8521236650222862,-1.3242966873122612,-0.6486582509176223,-0.7795381387531892,1.0,0.0,0.0,0.0,0.0,1.0,0.0,1.0,0.0,0.0,0.0,0.0,0.0,1.0,0.0,1.0,0.0,0.0,42.71
1.6805783551094848,-0.8249061502858193,-1.1745565436329213,0.7103477510049946,1.4586143189458474,1.179540210293613,0.08987875245975707,1.1326846210130554,0.7262363733484412,-0.4225344333410749,1.2411002966616747,1.3426617306383717,-1.0227259364149297,1.6411882726579148,-0.7609567440160538,-0.2576684404998314,-0.31967167797205415,-0.8783287005573993,-0.0003895742822356069,0.0,1.0,0.0,0.0,1.0,0.0,0.0,0.0,0.0,1.0,0.0,1.0,0.0,0.0,0.0,1.0,0.0,0.0,64.43
-0.38835969375251567,1.1612242276094136,1.1564127823925063,-0.02985483774629404,0.8843567130616569,-1.2496393931354215,-0.42451062180601223,-0.7052277910589583,-0.5293831368111919,1.6409098483580484,-0.8757381929639065,0.4946469951881267,0.6391621630568444,-0.8366113409742223,0.7624801809410108,-1.423652551364841,0.3835658285660909,-1.5290616412034344,0.778758990188718,1.0,0.0,0.0,1.0,0.0,0.0,0.0,1.0,0.0,0.0,1.0,0.0,0.0,0.0,0.0,0.0,0.0,1.0,54.01
0.34577961390819417,1.0339081777443344,-0.35556732097533855,0.21687935850414136,0.3100991071774664,1.526565867926332,0.6266414905792723,0.5257066188737993,-1.43621944970426,0.4617988302442637,-0.36235211408461276,-1.2013824757123632,0.18591995410999693,-0.48263996759820277,0.3816209497017446,0.430683624950596,0.9361095837032049,-0.6027241609896669,-0.7795381387531892,1.0,0.0,1.0,0.0,0.0,0.0,1.0,0.0,0.0,0.0,0.0,1.0,0.0,0.0,1.0,0.0,0.0,0.0,46.72
-0.25487981963238665,0.5246439782840182,-0.48156566292265895,-0.5233232302471649,-1.412673710475105,-0.5555880778699831,1.2534916672249325,-1.248536771994796,-0.45962649735787886,-0.3046233315296964,-0.7596988737651621,-1.5405883698924607,-1.0529420836780528,0.7562598392178658,0.0007617184624784484,-0.9109005026109512,-0.9224466835761784,1.0279360314527504,0.778758990188718,0.0,1.0,0.0,0.0,0.0,1.0,0.0,1.0,0.0,0.0,0.0,1.0,0.0,0.0,0.0,1.0,0.0,0.0,64.33
0.4125195509682587,-1.2068542998810565,-0.48156566292265895,-2.0037284077497595,0.3100991071774664,-0.20856242023726393,1.4649496547983898,0.6148432485585852,1.1447762100683188,0.6976210338670207,-0.1478551907172366,-0.2685662667170933,1.3945658446349234,0.5792741525298559,-1.14181597525532,0.6835476489936101,0.13240957623103908,-0.6027241609896669,-0.0003895742822356069,0.0,1.0,0.0,1.0,0.0,0.0,0.0,0.0,0.0,1.0,0.0,0.0,0.0,1.0,0.0,0.0,1.0,0.0,70.05
-1.5896785608336772,-0.41749479071756673,0.9044160984978656,-2.0037284077497595,-1.412673710475105,-1.2496393931354215,1.3615965934563068,1.3873607058267292,-0.5293831368111919,0.284932177527196,0.5167336374210272,0.9186543629132492,-0.7809967583099442,0.9332455259058755,-1.14181597525532,-1.676516575407855,0.28310332763207013,-1.2764241465996797,0.38918470795324117,1.0,0.0,1.0,0.0,0.0,0.0,0.0,0.0,1.0,0.0,0.0,0.0,0.0,1.0,1.0,0.0,0.0,0.0,81.44
-0.5885795049327093,1.1612242276094136,-0.9855590307119406,0.46361355475455923,-0.8384161045909145,1.526565867926332,-1.2925179415831995,0.3516779609177887,0.44720981553518935,0.4617988302442637,0.3338838011078541,0.833852889368225,-0.2975384020999738,1.6411882726579148,-1.522675206494586,1.7090517465013897,0.8858783332361945,-0.8783287005573993,0.38918470795324117,1.0,0.0,0.0,1.0,0.0,0.0,0.0,0.0,1.0,0.0,1.0,0.0,0.0,0.0,1.0,0.0,0.0,0.0,68.9
-0.12139994551225756,0.06630619876973425,0.5264210726559043,0.21687935850414136,-1.412673710475105,-1.5966650507681408,-0.8040658298381446,0.18613850578890076,-0.320113218451253,-0.8941788405865888,0.28817134202956085,0.24024257455305337,-1.0529420836780528,0.9332455259058755,1.524198643419543,-0.9460205059502588,-0.31967167797205415,0.9820019415247949,-0.38996385651771237,0.0,1.0,0.0,0.0,1.0,0.0,1.0,0.0,0.0,0.0,0.0,1.0,0.0,0.0,0.0,1.0,0.0,0.0,28.0
1.0131789845088395,2.281605466422109,0.2744243887612635,0.46361355475455923,-0.8384161045909145,0.4854888950281745,0.4486445516012405,1.5486555595420564,-1.0874362524376953,1.5819542974523593,-0.049397586548604926,-0.01416184608201998,-0.3881868438893432,1.4642025859699048,1.143339412180277,0.514971632964934,-0.8219841826421577,-1.6592082293326413,1.1683332724241948,0.0,1.0,0.0,0.0,0.0,1.0,1.0,0.0,0.0,0.0,0.0,0.0,1.0,0.0,0.0,1.0,0.0,0.0,71.19
0.27903967684812964,0.32093829849989236,-0.29256815000167835,0.21687935850414136,-0.8384161045909145,1.526565867926332,-0.17840361941480698,0.41534698212120696,0.795993012801754,0.4028432793385745,-0.04236490053655981,1.936272045453544,-0.02559307673186525,-1.7215397744142713,1.143339412180277,-0.9038765019430898,0.28310332763207013,-1.4754718696208198,1.5579075546596715,1.0,0.0,1.0,0.0,0.0,0.0,0.0,0.0,1.0,0.0,1.0,0.0,0.0,0.0,0.0,0.0,0.0,1.0,53.04
-1.5896785608336772,0.1172326187157657,0.9674152694715258,0.21687935850414136,-1.412673710475105,-1.5966650507681408,-0.2445337391241091,-0.8325658334657952,1.6330726862415095,1.6409098483580484,-0.7175027576928913,0.5794484687331517,-0.720564463783698,-1.1905827143502419,-1.522675206494586,-0.53160446654643,-1.5754529396473131,1.7169473803720816,-1.1691124209886659,0.0,1.0,1.0,0.0,0.0,0.0,0.0,1.0,0.0,0.0,0.0,1.0,0.0,0.0,1.0,0.0,0.0,0.0,37.07
0.8796991103887104,-0.3920315807445506,-1.1115573726592611,0.95708194725543,1.4586143189458474,0.8325145526608937,-0.633988665675598,-0.7222061967132032,-0.25035657899794006,0.04910997390443904,0.7241978747763582,-0.09896331962704417,0.9111074884249528,-0.12866859422218316,0.0007617184624784484,0.12865159623255132,0.6849533313681531,1.242295117783209,1.5579075546596715,1.0,0.0,0.0,1.0,0.0,0.0,1.0,0.0,0.0,0.0,1.0,0.0,0.0,0.0,0.0,0.0,1.0,0.0,46.78
1.2801387327490976,0.04084298879671807,-0.7335623468172998,0.46361355475455923,-0.26415849870672403,-0.9026137355027024,-0.401741269211492,0.6785122697620034,-0.8781663340777566,-1.4837343496434812,0.6960671307281778,-0.6925736344422158,-0.3881868438893432,1.6411882726579148,0.3816209497017446,-0.9600685072859817,0.2328720771650598,0.6451519487197885,-0.38996385651771237,1.0,0.0,0.0,1.0,0.0,0.0,0.0,0.0,0.0,1.0,1.0,0.0,0.0,0.0,0.0,1.0,0.0,0.0,56.87
-0.1881398825723221,-0.23925232090645623,-1.5525515694748826,0.95708194725543,-1.412673710475105,1.526565867926332,-1.2370795178748024,0.7803827036874731,-0.5991397762645048,0.1670210757158175,0.653871014655907,-1.0317795286223141,0.7902428993724601,1.287216899281895,-1.14181597525532,-0.1312364284783243,0.13240957623103908,1.0662144397260465,0.38918470795324117,1.0,0.0,0.0,0.0,1.0,0.0,1.0,0.0,0.0,0.0,1.0,0.0,0.0,0.0,1.0,0.0,0.0,0.0,31.64
1.5470984809893558,0.6264968181760819,1.1564127823925063,0.21687935850414136,0.8843567130616569,0.1384632373954553,-0.18434345052642095,-0.684004783991152,-1.1571928918910084,1.4640431956409807,0.7136488457582906,-1.1165810021673384,-1.0227259364149297,-1.5445540877262616,0.0007617184624784484,0.1356755969004128,1.0365720846372255,0.9360678515968396,0.778758990188718,1.0,0.0,0.0,1.0,0.0,0.0,0.0,1.0,0.0,0.0,0.0,0.0,1.0,0.0,0.0,1.0,0.0,0.0,55.21
0.34577961390819417,0.88112891790624,-0.22956897902801815,-0.27658903399672946,1.4586143189458474,0.4854888950281745,1.1919154180345346,-0.5439329373436315,-0.11084330009131417,-1.3658232478321026,0.16861567982479378,-1.0317795286223141,-0.4486191384155896,-1.1905827143502419,0.3816209497017446,0.058411589553936286,1.0365720846372255,-0.7328707491188738,-0.38996385651771237,1.0,0.0,1.0,0.0,0.0,0.0,1.0,0.0,0.0,0.0,0.0,0.0,1.0,0.0,0.0,0.0,0.0,1.0,48.28
1.3468786698091622,-0.8758325702318516,0.0854268758402829,0.21687935850414136,1.4586143189458474,1.526565867926332,-0.16850390089545036,1.6505259934675256,1.2842894889749448,-0.06880112790693943,-0.5698163514399438,0.24024257455305337,-1.7176973234667623,0.7562598392178658,1.524198643419543,-1.6062765687292402,0.031947075297018374,0.6068735404464924,1.1683332724241948,0.0,1.0,1.0,0.0,0.0,0.0,0.0,0.0,0.0,1.0,0.0,0.0,0.0,1.0,1.0,0.0,0.0,0.0,58.42
-0.32161975669245113,-1.4360231896381992,-1.2375557146065814,-0.7700574264976002,0.8843567130616569,-1.5966650507681408,1.4029774168672173,-1.3673856115745107,-0.8084096946244436,-0.24566778062400715,-0.0775283305967854,-0.01416184608201998,0.8808913411618293,-1.1905827143502419,-1.522675206494586,-0.31386044584272343,-1.4749904387132924,-0.7788048390468293,1.1683332724241948,0.0,1.0,0.0,1.0,0.0,0.0,0.0,0.0,0.0,1.0,0.0,0.0,0.0,1.0,1.0,0.0,0.0,0.0,61.62
-0.25487981963238665,-1.9452873890985156,-0.48156566292265895,-0.5233232302471649,-0.26415849870672403,0.1384632373954553,-0.6161691723407562,-0.34019206949269215,1.4238027678815706,-1.424778798737792,0.9386947981437345,-0.35336774026211826,0.42764913221498213,0.9332455259058755,-0.7609567440160538,-0.8195884939287517,-1.5754529396473131,1.3954087508763937,-1.5586867032241427,0.0,1.0,1.0,0.0,0.0,0.0,0.0,0.0,0.0,1.0,0.0,1.0,0.0,0.0,0.0,0.0,0.0,1.0,32.8
-1.6564184978937417,0.42279113839195526,-0.5445648338963192,0.21687935850414136,1.4586143189458474,0.4854888950281745,1.7263022237094041,-1.50321285680847,-1.2269495313443213,-0.24566778062400715,1.2551656686857648,0.7490514158232008,1.0924043720036918,0.7562598392178658,1.524198643419543,-0.2576684404998314,0.7351845818351633,-0.9472298354493325,1.1683332724241948,0.0,1.0,1.0,0.0,0.0,0.0,0.0,1.0,0.0,0.0,1.0,0.0,0.0,0.0,0.0,0.0,1.0,0.0,59.5
0.012079928607871505,-1.2068542998810565,-0.6075640048699794,0.21687935850414136,-0.8384161045909145,0.1384632373954553,0.07106928727297951,1.0732602012231982,0.795993012801754,-0.3635788824353856,0.14751762178865843,1.8514705719085183,-0.17667381304748106,1.287216899281895,-1.522675206494586,-0.7212524845786906,-1.424759188246282,-0.43429916458716367,-0.7795381387531892,1.0,0.0,0.0,1.0,0.0,0.0,0.0,1.0,0.0,0.0,0.0,1.0,0.0,0.0,0.0,1.0,0.0,0.0,67.98
1.0131789845088395,-2.276309118747721,-0.6075640048699794,-0.02985483774629404,-0.26415849870672403,-0.5555880778699831,-1.3483523540323707,-1.4013424228830003,-0.45962649735787886,1.4640431956409807,1.5716365392277951,-0.862176581532265,1.031972077477445,-0.6596256542862126,-1.522675206494586,-1.269124536671888,0.9863408341702151,0.7829542185036549,-0.0003895742822356069,1.0,0.0,0.0,0.0,1.0,0.0,0.0,0.0,0.0,1.0,0.0,0.0,0.0,1.0,0.0,0.0,0.0,1.0,29.75
-1.6564184978937417,0.32093829849989236,-1.0485582016856008,-1.510260015248889,0.8843567130616569,-1.5966650507681408,0.2779734043275326,0.5723972344229726,0.1681832577219376,0.8744876865840884,-0.08807735961485309,-0.6925736344422158,0.4880814267412285,0.7562598392178658,-1.522675206494586,0.2831796109255044,-1.2740654368452509,0.7370201285756994,1.1683332724241948,1.0,0.0,0.0,1.0,0.0,0.0,0.0,0.0,0.0,1.0,0.0,0.0,1.0,0.0,1.0,0.0,0.0,0.0,63.42
-0.05466000845219303,2.45984793623322,0.5264210726559043,0.7103477510049946,-0.26415849870672403,1.179540210293613,1.106975833138455,-1.524435863876276,1.4238027678815706,0.5797099320556421,1.7052575734566524,-2.3038016317976817,-1.7479134707298853,0.04831709246582662,0.7624801809410108,-1.3253165420147799,-0.721521681708137,0.13987695951227902,0.38918470795324117,1.0,0.0,0.0,0.0,1.0,0.0,0.0,1.0,0.0,0.0,0.0,0.0,0.0,1.0,0.0,0.0,0.0,1.0,34.45
-0.6553194419927738,-0.086473061068361,0.8414169275242054,0.7103477510049946,-1.412673710475105,-0.5555880778699831,0.19501376313532423,0.5681526330094114,1.0750195706150059,-0.953134391492278,1.7298719744988105,-0.01416184608201998,-0.8716452000993138,1.4642025859699048,0.0007617184624784484,0.7256916530007791,-1.2740654368452509,-1.322358236527635,-0.38996385651771237,0.0,1.0,0.0,0.0,1.0,0.0,0.0,1.0,0.0,0.0,0.0,1.0,0.0,0.0,1.0,0.0,0.0,0.0,46.17
0.8796991103887104,0.7792760780141763,-0.7335623468172998,1.6972845360067186,-0.26415849870672403,0.4854888950281745,0.437358872489174,1.1454184252537392,0.3076965366285635,-0.3635788824353856,-0.2533454808979134,-0.18376479317206912,-0.02559307673186525,-0.48263996759820277,0.3816209497017446,-1.620324570064963,1.1872658360382566,0.34658036418807836,-0.38996385651771237,1.0,0.0,0.0,0.0,1.0,0.0,0.0,1.0,0.0,0.0,0.0,0.0,0.0,1.0,0.0,0.0,0.0,1.0,41.15
0.4125195509682587,-0.010083431149313378,0.5264210726559043,0.46361355475455923,-0.8384161045909145,0.4854888950281745,0.08413691571853024,-0.3614150765604984,-1.2967061707976342,-0.5404455351524533,0.4077270042343279,0.9186543629132492,0.3974329849518588,-1.7215397744142713,1.143339412180277,-0.7493484872501366,-1.0731404349772096,0.7829542185036549,-0.38996385651771237,1.0,0.0,0.0,1.0,0.0,0.0,0.0,0.0,1.0,0.0,0.0,1.0,0.0,0.0,0.0,0.0,1.0,0.0,40.06
-1.18923893847329,-0.1883259009604239,1.5974069792081278,-0.02985483774629404,-1.412673710475105,-1.2496393931354215,0.00850306623064576,0.05880046338206349,0.028669978815311713,-0.7762677387752103,-1.3012156966926363,-0.09896331962704417,-1.5061842926249003,-1.3675684010382516,-1.14181597525532,0.6133076423149951,0.08217832576402873,-1.1462775584704725,0.38918470795324117,0.0,1.0,0.0,1.0,0.0,0.0,0.0,1.0,0.0,0.0,0.0,1.0,0.0,0.0,1.0,0.0,0.0,0.0,70.51
1.079918921568904,0.8556657079332239,1.2194119533661667,-1.016791622748018,0.3100991071774664,-1.5966650507681408,-1.616832720277322,-0.35292587373337597,1.005262931161693,-1.1300010442093458,0.9492438271618021,-0.6077721608971917,0.6995944575830905,-1.0135970276622321,-1.14181597525532,-0.6931564819072447,-1.7763779415153544,0.591562177137174,0.778758990188718,0.0,1.0,0.0,0.0,1.0,0.0,0.0,0.0,0.0,1.0,0.0,1.0,0.0,0.0,0.0,0.0,0.0,1.0,29.24
1.4136186068692267,-0.3920315807445506,0.6524194146032247,1.4505503397563009,0.8843567130616569,0.8325145526608937,-0.175433703859,-0.6967385882318358,1.4238027678815706,-0.4814899842467641,1.4028520749387123,0.15544110100802916,0.1557038068468736,1.287216899281895,-0.7609567440160538,1.3578517131083145,0.4840283295001116,-1.3070468732183165,-0.0003895742822356069,0.0,1.0,0.0,0.0,1.0,0.0,0.0,0.0,1.0,0.0,0.0,1.0,0.0,0.0,0.0,0.0,1.0,0.0,53.83
0.8129591733286459,0.1936222486348133,-0.04057146610703752,0.21687935850414136,0.8843567130616569,0.8325145526608937,-0.5522169907057125,1.0138357814333407,1.4238027678815706,1.1692654411125345,-0.6471758975724401,0.5794484687331517,0.06505536505750417,0.2253027791538364,-0.7609567440160538,0.2761556102576429,0.3333345780990805,0.3236133192241007,1.1683332724241948,0.0,1.0,0.0,0.0,0.0,1.0,0.0,1.0,0.0,0.0,0.0,0.0,0.0,1.0,0.0,0.0,1.0,0.0,69.12
0.14555980272800056,0.24454866858084476,0.7784177565505451,0.21687935850414136,-0.26415849870672403,0.4854888950281745,1.409907219830767,-0.7901198193301828,-1.0176796129843824,0.8155321356783991,1.5470221381856373,-1.6253898434374858,-0.720564463783698,0.2253027791538364,-0.7609567440160538,-0.7493484872501366,-0.721521681708137,0.03269741634704971,0.778758990188718,1.0,0.0,0.0,0.0,1.0,0.0,0.0,0.0,0.0,1.0,0.0,1.0,0.0,0.0,0.0,1.0,0.0,0.0,56.87
1.0131789845088395,-0.7739797303397877,0.4004227307085839,-0.27658903399672946,1.4586143189458474,0.8325145526608937,-1.5647602008655062,0.7379366895518609,-0.8084096946244436,0.4617988302442637,1.5188913941374569,1.0034558364582733,0.3067845431624894,1.4642025859699048,-0.3800975127767877,1.730123748504974,-1.6759154405813337,-0.2275957599113643,1.1683332724241948,1.0,0.0,0.0,0.0,0.0,1.0,1.0,0.0,0.0,0.0,0.0,1.0,0.0,0.0,1.0,0.0,0.0,0.0,60.2
-0.05466000845219303,0.9320553378522716,1.1564127823925063,-0.27658903399672946,-1.412673710475105,-0.9026137355027024,-0.6419084404910833,-1.0150836942489283,-0.320113218451253,-0.3635788824353856,-0.5557509794158536,1.3426617306383717,-1.657265028940516,-0.305654280910193,-0.7609567440160538,0.4096116229470115,-1.12337168544422,1.1580826195819574,-0.38996385651771237,0.0,1.0,0.0,0.0,1.0,0.0,0.0,0.0,1.0,0.0,1.0,0.0,0.0,0.0,0.0,1.0,0.0,0.0,38.92
0.5459994250883877,-0.26471553087947153,1.2194119533661667,0.7103477510049946,0.3100991071774664,-1.2496393931354215,0.24134444580591316,-0.8665226447742851,-1.2269495313443213,-1.2479121460207243,1.6243816843181336,0.5794484687331517,-1.5364004398880233,0.04831709246582662,-1.14181597525532,-0.15230843048190884,-1.726146691048344,0.12456559620296054,1.1683332724241948,1.0,0.0,0.0,1.0,0.0,0.0,0.0,0.0,0.0,1.0,0.0,1.0,0.0,0.0,0.0,0.0,1.0,0.0,71.37
1.5470984809893558,-0.8503693602588354,-0.6705631758436396,-1.016791622748018,-1.412673710475105,0.4854888950281745,-0.8798976736964161,-0.5736451472385601,-1.575732728610886,-0.06880112790693943,-0.2533454808979134,-0.9469780550772892,0.7902428993724601,1.1102312125938854,1.524198643419543,0.6835476489936101,1.237497086505267,-1.6285855027140044,0.38918470795324117,1.0,0.0,1.0,0.0,0.0,0.0,1.0,0.0,0.0,0.0,0.0,0.0,0.0,1.0,0.0,1.0,0.0,0.0,33.82
-0.12139994551225756,0.44825434836497147,-0.9225598597382804,1.6972845360067186,0.8843567130616569,0.8325145526608937,0.669804263323667,0.28376433830080894,0.1681832577219376,-1.2479121460207243,-0.583881723464034,-0.35336774026211826,-0.6299160219943284,0.9332455259058755,0.3816209497017446,-0.23659643849624687,-0.21920917703803341,0.6068735404464924,-0.7795381387531892,1.0,0.0,0.0,0.0,0.0,1.0,0.0,0.0,0.0,1.0,0.0,1.0,0.0,0.0,0.0,1.0,0.0,0.0,65.57
-0.1881398825723221,-1.0031486200969306,0.4004227307085839,1.4505503397563009,-1.412673710475105,-1.5966650507681408,0.8153301255582093,-0.17040801295024288,0.23793989717525055,0.1670210757158175,0.5518970674812528,1.1730587835483233,-0.539267580204959,-1.1905827143502419,-0.7609567440160538,1.126059691068885,0.08217832576402873,1.0432473947620688,1.1683332724241948,0.0,1.0,0.0,1.0,0.0,0.0,0.0,1.0,0.0,0.0,0.0,0.0,1.0,0.0,0.0,0.0,0.0,1.0,67.14
-0.922279190233032,-0.061009851095344826,0.9674152694715258,-0.27658903399672946,0.3100991071774664,1.526565867926332,-1.5307051691589195,0.814339514995963,-0.1805999395446271,0.8744876865840884,1.0441850883244113,-1.0317795286223141,-1.0227259364149297,-0.12866859422218316,1.524198643419543,1.1120116897331618,0.4840283295001116,0.04035309800170895,0.778758990188718,1.0,0.0,1.0,0.0,0.0,0.0,0.0,1.0,0.0,0.0,0.0,0.0,1.0,0.0,0.0,1.0,0.0,0.0,34.21
-1.322718812593419,-0.086473061068361,0.7784177565505451,-0.7700574264976002,1.4586143189458474,1.179540210293613,0.14373322120505702,-0.9896160857675609,-0.5293831368111919,-1.0710454933036564,1.1953878375833813,0.6642499422781758,-0.20688996031060436,0.7562598392178658,-0.3800975127767877,0.8170036616829787,0.28310332763207013,1.6786689720987855,-0.0003895742822356069,0.0,1.0,0.0,0.0,1.0,0.0,1.0,0.0,0.0,0.0,0.0,1.0,0.0,0.0,0.0,0.0,1.0,0.0,44.98
0.6127393621484523,1.0084449677713192,-1.363554056553902,-2.0037284077497595,-0.26415849870672403,-0.5555880778699831,0.8996757273431275,-1.6772415147644806,0.6564797338951281,1.3461320938296022,1.237583953655652,-0.09896331962704417,-1.5666165871511464,1.4642025859699048,-0.3800975127767877,0.9645076757080703,-1.5252216891803028,0.5379724055545593,-0.38996385651771237,1.0,0.0,0.0,1.0,0.0,0.0,0.0,1.0,0.0,0.0,0.0,0.0,1.0,0.0,0.0,1.0,0.0,0.0,51.45
1.213398795689033,0.3973279284189391,0.7784177565505451,-1.2635258189984535,-0.8384161045909145,-0.5555880778699831,0.2957928976623745,0.9204545503349938,-0.8781663340777566,-0.12775667881262867,0.28465499902353825,0.15544110100802916,-0.6903483165205748,-1.3675684010382516,1.143339412180277,1.449163721790514,0.2328720771650598,-1.3070468732183165,-1.5586867032241427,1.0,0.0,0.0,1.0,0.0,0.0,0.0,0.0,0.0,1.0,0.0,0.0,1.0,0.0,1.0,0.0,0.0,0.0,51.05
-0.4550996308125802,-0.11193627104137717,-0.9855590307119406,0.7103477510049946,-1.412673710475105,-0.9026137355027024,-1.4481415167074854,1.0732602012231982,-0.9479229735310695,0.4028432793385745,-0.8511237919217486,-0.862176581532265,0.09527151232062724,-1.0135970276622321,0.7624801809410108,-0.8406604959323362,-0.5708279303071059,0.13222127785761978,-0.7795381387531892,1.0,0.0,0.0,0.0,1.0,0.0,1.0,0.0,0.0,0.0,0.0,0.0,0.0,1.0,0.0,0.0,0.0,1.0,9.4
-1.7231584349538063,0.753812868041161,-0.6705631758436396,0.21687935850414136,-0.8384161045909145,0.1384632373954553,0.2922289989954061,-1.5117020596355923,1.4935594073348835,0.5797099320556421,1.7509700325349458,0.3250440480980783,-0.11624151852123467,0.04831709246582662,0.7624801809410108,-0.8898285006073667,-1.2740654368452509,-0.9472298354493325,-1.1691124209886659,0.0,1.0,0.0,0.0,1.0,0.0,0.0,0.0,0.0,1.0,1.0,0.0,0.0,0.0,0.0,0.0,1.0,0.0,25.72
-1.2559788755333545,1.339466697420525,0.5264210726559043,0.46361355475455923,0.8843567130616569,-1.5966650507681408,-1.170355415054339,0.360167163744911,1.7028293256948224,0.8155321356783991,-1.3961569578552453,0.24024257455305337,1.726943464529278,-1.0135970276622321,0.7624801809410108,-0.6018444732250451,0.2328720771650598,-1.0850321052331988,1.1683332724241948,1.0,0.0,0.0,1.0,0.0,0.0,0.0,0.0,0.0,1.0,0.0,0.0,1.0,0.0,0.0,1.0,0.0,0.0,46.8
1.2801387327490976,0.47371755833798673,-0.9855590307119406,-1.7569942114993242,-0.26415849870672403,0.1384632373954553,0.6319873385797249,-0.42932869917747823,-1.43621944970426,-1.3068676969264135,-0.6893720136447109,-1.5405883698924607,-0.3881868438893432,-0.6596256542862126,0.0007617184624784484,0.19186760224330485,1.0365720846372255,-1.6056184577500268,1.1683332724241948,0.0,1.0,0.0,0.0,1.0,0.0,0.0,0.0,0.0,1.0,0.0,0.0,1.0,0.0,1.0,0.0,0.0,0.0,50.57
-0.7220593790528383,-0.086473061068361,0.4634219016822441,-0.5233232302471649,-0.26415849870672403,-1.2496393931354215,-0.12969700429957248,0.9798789701248509,0.93550629170838,-1.0710454933036564,-1.0832024303192376,-0.01416184608201998,-0.3881868438893432,-0.8366113409742223,0.7624801809410108,-1.5852045667256556,0.4840283295001116,1.2805735260565052,-0.0003895742822356069,0.0,1.0,0.0,1.0,0.0,0.0,0.0,1.0,0.0,0.0,1.0,0.0,0.0,0.0,0.0,0.0,1.0,0.0,51.46
-0.8555392531729674,-1.410559979665183,0.1484260468139431,1.2038161435058654,-1.412673710475105,1.179540210293613,0.2453043332136558,1.2557780620063312,-1.0176796129843824,0.34388772843288523,-0.815960361861523,0.5794484687331517,0.004623070531257804,0.4022884658418462,-0.3800975127767877,0.18484360157544336,0.5844908304341323,1.6786689720987855,-0.0003895742822356069,0.0,1.0,1.0,0.0,0.0,0.0,0.0,1.0,0.0,0.0,1.0,0.0,0.0,0.0,0.0,1.0,0.0,0.0,55.11
-0.9890191272930965,-1.181391089908041,-1.678549911422203,-0.02985483774629404,1.4586143189458474,-1.2496393931354215,0.1469011311312511,1.1751306351486677,-1.0176796129843824,-1.0120899423979672,1.0793485183846367,-0.43816921380714247,-1.0831582309411758,-1.5445540877262616,1.143339412180277,0.7467636550043636,1.3379595874392876,1.0279360314527504,-0.38996385651771237,1.0,0.0,0.0,0.0,0.0,1.0,0.0,0.0,0.0,1.0,0.0,0.0,1.0,0.0,0.0,0.0,0.0,1.0,58.35
1.6138384180494203,-0.3920315807445506,-0.79656151779096,-1.2635258189984535,-0.26415849870672403,0.4854888950281745,1.3328874097501726,0.9246991517485549,1.4935594073348835,0.34388772843288523,0.6151912415896589,-2.4734045788877306,1.3039174028455536,1.4642025859699048,1.524198643419543,1.6809557438299436,0.13240957623103908,-0.7252150674642146,-1.5586867032241427,1.0,0.0,0.0,0.0,0.0,1.0,0.0,0.0,1.0,0.0,0.0,1.0,0.0,0.0,0.0,1.0,0.0,0.0,53.96
-0.25487981963238665,-0.6975901004207402,-1.2375557146065814,-0.02985483774629404,-1.412673710475105,-1.5966650507681408,-0.9317721987378448,-0.8028536235708666,1.1447762100683188,-1.3068676969264135,-1.0761697443071925,-0.09896331962704417,0.24635224863624303,0.04831709246582662,-0.7609567440160538,-0.16635643181763182,-1.3242966873122612,0.6221849037558109,-1.5586867032241427,1.0,0.0,0.0,0.0,0.0,1.0,0.0,0.0,0.0,1.0,0.0,0.0,1.0,0.0,0.0,0.0,1.0,0.0,39.96
-0.7887993161129029,-0.26471553087947153,-1.2375557146065814,-0.7700574264976002,-1.412673710475105,0.4854888950281745,-0.6650737818263778,1.0435479913282695,1.4935594073348835,-1.3658232478321026,-0.29202525396416157,1.5122646777284217,-1.0831582309411758,1.6411882726579148,0.7624801809410108,0.5360436349685185,1.6895783407083602,1.4796212490776453,0.38918470795324117,1.0,0.0,0.0,0.0,1.0,0.0,0.0,0.0,0.0,1.0,0.0,1.0,0.0,0.0,0.0,0.0,1.0,0.0,55.19
0.07881986566793604,-0.03554664112232955,0.5894202436295646,0.21687935850414136,-0.8384161045909145,-0.20856242023726393,0.10294638090530779,0.09700187610411452,0.37745317608187645,0.4617988302442637,-1.487581876011832,-0.35336774026211826,1.001755930214322,-1.0135970276622321,1.524198643419543,-0.03290041912826327,1.4384220883733083,-1.6209298210593452,-0.38996385651771237,0.0,1.0,0.0,0.0,0.0,1.0,1.0,0.0,0.0,0.0,0.0,1.0,0.0,0.0,0.0,0.0,1.0,0.0,54.79
0.47925948802832324,0.44825434836497147,-1.1115573726592611,-0.02985483774629404,-0.26415849870672403,0.8325145526608937,-1.4035927833703807,-1.5371696681169598,0.37745317608187645,0.520754381149953,1.2164858956195166,1.427463204183396,-1.6270488816773927,-0.305654280910193,-1.522675206494586,-1.4728205560398715,1.1370345855712463,-1.0850321052331988,-0.38996385651771237,0.0,1.0,0.0,0.0,1.0,0.0,0.0,0.0,0.0,1.0,0.0,1.0,0.0,0.0,1.0,0.0,0.0,0.0,49.64
-1.6564184978937417,-0.16286269098740863,1.5974069792081278,0.46361355475455923,-1.412673710475105,-0.5555880778699831,-0.8373288840631827,-0.16191881012312043,-0.8781663340777566,1.3461320938296022,0.9879236002280503,-0.862176581532265,1.666511170003032,-0.8366113409742223,-1.14181597525532,0.2972276122612274,-0.018284175169991985,0.29299059260546373,-0.7795381387531892,0.0,1.0,1.0,0.0,0.0,0.0,0.0,1.0,0.0,0.0,1.0,0.0,0.0,0.0,0.0,1.0,0.0,0.0,35.07
0.34577961390819417,0.3973279284189391,-0.41856649194899875,-1.2635258189984535,-0.8384161045909145,1.526565867926332,-0.759715090871427,1.4849865383386378,-0.8084096946244436,-1.6606010023605489,0.4745375213487565,-1.2013824757123632,1.2434851083193075,1.1102312125938854,0.7624801809410108,-1.4447245533684254,-0.47036542937308523,-1.6592082293326413,1.5579075546596715,1.0,0.0,1.0,0.0,0.0,0.0,1.0,0.0,0.0,0.0,0.0,0.0,1.0,0.0,0.0,1.0,0.0,0.0,41.31
-0.25487981963238665,-0.010083431149313378,0.2744243887612635,-0.5233232302471649,0.3100991071774664,0.4854888950281745,1.2885366707834551,1.2982240761419435,1.6330726862415095,1.4050876447352916,1.2903290987459903,-0.01416184608201998,0.2765683958993663,1.4642025859699048,-1.14181597525532,-0.9811405092895663,0.9361095837032049,1.1504269379272982,-0.7795381387531892,0.0,1.0,0.0,0.0,1.0,0.0,0.0,0.0,1.0,0.0,0.0,0.0,1.0,0.0,0.0,1.0,0.0,0.0,61.56
-0.32161975669245113,-2.09806664893661,0.4634219016822441,0.95708194725543,-0.8384161045909145,0.1384632373954553,0.7493980002192943,-1.3673856115745107,1.3540461284282577,1.4640431956409807,-1.7020787993792081,-0.862176581532265,-1.3551035563092844,-0.48263996759820277,0.7624801809410108,-0.22254843716052386,1.6895783407083602,-0.005580991926246468,1.1683332724241948,1.0,0.0,0.0,0.0,0.0,1.0,1.0,0.0,0.0,0.0,0.0,0.0,0.0,1.0,0.0,0.0,0.0,1.0,65.49
1.6138384180494203,-1.0540750400429622,1.030414440445186,-1.2635258189984535,-0.8384161045909145,-0.20856242023726393,-0.5298436268519665,0.8100949135824018,1.1447762100683188,0.9334432374897776,-0.7983786468314102,0.3250440480980783,-0.9925097891518064,-0.6596256542862126,-1.522675206494586,1.3157077091011455,0.8356470827691841,1.3954087508763937,-1.1691124209886659,0.0,1.0,0.0,0.0,1.0,0.0,0.0,0.0,1.0,0.0,1.0,0.0,0.0,0.0,1.0,0.0,0.0,0.0,47.05
-0.12139994551225756,-0.23925232090645623,-0.35556732097533855,-1.016791622748018,-1.412673710475105,-0.5555880778699831,0.7185108784389016,1.0223249842604634,-0.041086660638001225,0.520754381149953,1.023087030288276,-0.35336774026211826,-0.7809967583099442,-1.0135970276622321,-0.7609567440160538,0.26210760892191987,1.1872658360382566,0.5762508138278555,-0.38996385651771237,1.0,0.0,0.0,1.0,0.0,0.0,1.0,0.0,0.0,0.0,0.0,0.0,0.0,1.0,1.0,0.0,0.0,0.0,62.27
-0.32161975669245113,-1.3087071397731203,1.030414440445186,0.21687935850414136,0.8843567130616569,0.4854888950281745,0.8947258680834492,-0.7943644207437441,0.5169664549885024,0.10806552481012828,-0.028299528512469568,1.5122646777284217,-0.901861347362437,0.7562598392178658,0.0007617184624784484,-0.7072044832429676,1.237497086505267,-1.0850321052331988,-1.5586867032241427,1.0,0.0,0.0,1.0,0.0,0.0,1.0,0.0,0.0,0.0,0.0,0.0,0.0,1.0,0.0,0.0,0.0,1.0,66.53
-0.32161975669245113,0.5246439782840182,1.030414440445186,0.21687935850414136,0.8843567130616569,-0.20856242023726393,-0.7715947530946549,-0.11522819457394691,0.5169664549885024,0.04910997390443904,0.9457274841557796,-0.43816921380714247,-0.02559307673186525,-0.12866859422218316,0.3816209497017446,-0.025876418460401764,-0.018284175169991985,1.4413428408043492,-0.0003895742822356069,0.0,1.0,0.0,1.0,0.0,0.0,0.0,0.0,1.0,0.0,0.0,1.0,0.0,0.0,1.0,0.0,0.0,0.0,46.29
1.4803585439292912,1.4667827472856039,0.3374235597349237,-0.5233232302471649,1.4586143189458474,-0.20856242023726393,0.10987618386885742,0.6997352768298098,-0.7386530551711307,-1.424778798737792,0.4393740912885309,0.07063962746300421,1.545646580950539,0.9332455259058755,1.524198643419543,-0.0961164251390168,-0.47036542937308523,-1.6821752742966192,-1.1691124209886659,0.0,1.0,0.0,0.0,1.0,0.0,0.0,1.0,0.0,0.0,1.0,0.0,0.0,0.0,0.0,0.0,0.0,1.0,31.61
1.6805783551094848,1.1612242276094136,-1.2375557146065814,-0.27658903399672946,0.8843567130616569,-1.5966650507681408,-1.4928882444149771,-0.22558783132653906,-0.6688964157178177,-0.7173121878695211,0.9949562862400954,0.5794484687331517,-0.20688996031060436,-0.305654280910193,1.524198643419543,-0.7704204892537212,0.2328720771650598,-1.2458014199810428,-1.5586867032241427,0.0,1.0,1.0,0.0,0.0,0.0,0.0,1.0,0.0,0.0,0.0,0.0,0.0,1.0,0.0,0.0,1.0,0.0,22.24
1.0131789845088395,-0.31564195082550295,-0.29256815000167835,0.46361355475455923,-0.8384161045909145,-1.2496393931354215,-1.1683754713504677,-1.3334288002660206,1.2842894889749448,0.1670210757158175,0.8578189090052155,0.9186543629132492,0.5485137212674747,-0.6596256542862126,-0.7609567440160538,-0.8266124945966132,-0.42013417890607485,-0.013236673580905705,-1.5586867032241427,0.0,1.0,0.0,1.0,0.0,0.0,0.0,1.0,0.0,0.0,0.0,0.0,1.0,0.0,0.0,0.0,1.0,0.0,36.4
-1.3894587496534836,1.4413195373125878,-1.3005548855802416,0.7103477510049946,1.4586143189458474,-0.20856242023726393,0.38429638122542253,0.6827568711755649,0.8657496522550671,-1.0120899423979672,1.2235185816315617,1.5122646777284217,0.6391621630568444,0.04831709246582662,1.143339412180277,-1.3323405426826413,-1.0229091845101992,1.7399144253360592,-1.1691124209886659,1.0,0.0,1.0,0.0,0.0,0.0,1.0,0.0,0.0,0.0,0.0,0.0,0.0,1.0,1.0,0.0,0.0,0.0,29.83
-0.7887993161129029,0.06630619876973425,-1.363554056553902,-1.016791622748018,-1.412673710475105,-0.9026137355027024,-0.06594281703491592,1.378871502999607,-1.366462810250947,1.1103098902068453,-0.42564628819301886,-0.2685662667170933,1.2737012555824305,-0.305654280910193,-0.3800975127767877,-1.0865005193074888,-0.06851542563700234,0.9666905782154764,-0.0003895742822356069,0.0,1.0,1.0,0.0,0.0,0.0,0.0,0.0,0.0,1.0,1.0,0.0,0.0,0.0,0.0,0.0,1.0,0.0,43.16
1.079918921568904,-0.41749479071756673,0.4634219016822441,0.21687935850414136,-0.26415849870672403,-1.2496393931354215,1.3115040177483623,0.5002390103924317,1.2842894889749448,0.9334432374897776,1.023087030288276,-0.43816921380714247,-1.6270488816773927,1.1102312125938854,0.7624801809410108,-1.0162605126288737,-0.018284175169991985,-1.3300139181822943,1.5579075546596715,0.0,1.0,0.0,0.0,1.0,0.0,1.0,0.0,0.0,0.0,0.0,0.0,1.0,0.0,0.0,0.0,1.0,0.0,61.64
0.6794792992085168,-0.7230533103937563,-0.6705631758436396,1.4505503397563009,-0.8384161045909145,-0.5555880778699831,0.11383607127660006,0.9119653475078715,-0.041086660638001225,0.8744876865840884,0.6503546716498845,-1.9645957376175833,-0.35797069662622016,-0.305654280910193,0.3816209497017446,0.8942676690294552,0.9863408341702151,0.04035309800170895,0.38918470795324117,0.0,1.0,1.0,0.0,0.0,0.0,0.0,0.0,0.0,1.0,0.0,0.0,1.0,0.0,0.0,0.0,1.0,0.0,47.11
0.4125195509682587,-0.3920315807445506,-1.6155507404485427,-0.02985483774629404,-0.8384161045909145,-0.5555880778699831,-1.0905636837883248,-0.4972423217944578,-0.7386530551711307,1.4640431956409807,-1.438353073927516,2.1058749925435922,0.9715397829511989,-1.3675684010382516,1.143339412180277,-1.0373325146324583,-0.872215433109168,0.5150053605905816,-0.38996385651771237,1.0,0.0,0.0,0.0,0.0,1.0,0.0,0.0,0.0,1.0,0.0,0.0,1.0,0.0,0.0,1.0,0.0,0.0,36.74
-1.2559788755333545,-0.49388442063661436,-0.04057146610703752,-1.016791622748018,1.4586143189458474,-0.5555880778699831,-0.9858246618535318,-1.0914865196930306,-1.505976089157573,1.5229987465466701,1.1074792624328174,0.3250440480980783,1.0924043720036918,-0.48263996759820277,0.3816209497017446,1.2033236984153615,1.0365720846372255,0.5379724055545593,-0.7795381387531892,1.0,0.0,1.0,0.0,0.0,0.0,0.0,1.0,0.0,0.0,0.0,1.0,0.0,0.0,0.0,0.0,1.0,0.0,32.41
1.1466588586289685,0.09176940874274951,-1.426553227527562,-1.2635258189984535,-1.412673710475105,-0.5555880778699831,1.6609640814816506,0.4662821990839418,-1.505976089157573,-0.7173121878695211,0.5413480384631851,0.7490514158232008,1.4852142864242925,1.4642025859699048,-0.3800975127767877,-0.38410045252133845,-0.16897792657102306,0.5762508138278555,1.1683332724241948,0.0,1.0,1.0,0.0,0.0,0.0,0.0,0.0,0.0,1.0,0.0,0.0,1.0,0.0,0.0,1.0,0.0,0.0,65.02
1.1466588586289685,0.06630619876973425,0.9674152694715258,-0.27658903399672946,0.3100991071774664,-0.9026137355027024,1.501182624579235,-0.6033573571334886,0.3076965366285635,1.1692654411125345,-0.9882611691566284,0.5794484687331517,0.6995944575830905,1.6411882726579148,-1.14181597525532,0.9364116730366242,-0.6712904312411266,-0.2275957599113643,-0.7795381387531892,1.0,0.0,1.0,0.0,0.0,0.0,1.0,0.0,0.0,0.0,0.0,1.0,0.0,0.0,0.0,0.0,0.0,1.0,61.12
-1.4561986867135481,-0.086473061068361,0.9674152694715258,0.95708194725543,-0.8384161045909145,0.4854888950281745,0.23560260906468633,1.2048428450435964,0.5867230944418153,1.3461320938296022,-0.6295941825423274,0.07063962746300421,-0.901861347362437,0.9332455259058755,0.7624801809410108,0.0935315928932438,1.3379595874392876,1.693980335408104,-1.5586867032241427,0.0,1.0,1.0,0.0,0.0,0.0,1.0,0.0,0.0,0.0,0.0,1.0,0.0,0.0,0.0,0.0,0.0,1.0,51.04
0.8129591733286459,0.3464015084729076,-0.48156566292265895,-0.02985483774629404,0.3100991071774664,1.179540210293613,1.4865310411705872,-1.2994719889575308,0.09842661826862466,1.6409098483580484,0.39366163221023764,0.3250440480980783,0.004623070531257804,-0.6596256542862126,-0.3800975127767877,-1.1918605293254114,1.6895783407083602,0.26236786598682676,-0.38996385651771237,1.0,0.0,0.0,0.0,1.0,0.0,0.0,1.0,0.0,0.0,0.0,0.0,0.0,1.0,0.0,0.0,0.0,1.0,47.81
-1.5229386237736127,1.1357610176363981,-0.04057146610703752,0.21687935850414136,0.3100991071774664,-0.20856242023726393,1.1495446227716883,-0.2425662369807838,0.37745317608187645,-0.3046233315296964,-0.5452019503977859,-0.6077721608971917,-1.6270488816773927,-0.6596256542862126,1.524198643419543,1.6317877391549132,-0.721521681708137,1.6863246537534446,-0.0003895742822356069,1.0,0.0,0.0,0.0,1.0,0.0,0.0,0.0,1.0,0.0,0.0,0.0,0.0,1.0,0.0,0.0,0.0,1.0,33.27
-1.3894587496534836,0.88112891790624,0.715418585576885,-1.016791622748018,0.8843567130616569,-0.5555880778699831,0.5785288585751992,-0.3699042793876209,0.44720981553518935,-0.8352232896808995,-0.00720147047633421,-0.35336774026211826,0.4880814267412285,1.6411882726579148,1.524198643419543,1.1892756970796383,1.538884589307329,1.2652621627471867,-0.0003895742822356069,1.0,0.0,1.0,0.0,0.0,0.0,1.0,0.0,0.0,0.0,0.0,0.0,1.0,0.0,0.0,0.0,0.0,1.0,47.38
1.213398795689033,-1.5888024494762936,1.5974069792081278,0.95708194725543,-1.412673710475105,-1.2496393931354215,-1.0390851474876703,1.4680081326843928,1.2842894889749448,1.3461320938296022,-0.3131233120002969,-0.9469780550772892,0.18591995410999693,0.4022884658418462,0.7624801809410108,0.8380756636865632,1.1370345855712463,-0.9166071088306955,-0.0003895742822356069,1.0,0.0,0.0,1.0,0.0,0.0,0.0,0.0,0.0,1.0,1.0,0.0,0.0,0.0,0.0,0.0,1.0,0.0,56.88
0.34577961390819417,-2.3781619586397844,1.5974069792081278,-1.2635258189984535,0.3100991071774664,-1.2496393931354215,1.6073076071067378,-1.1933569536185,0.93550629170838,-0.1867122297183179,0.5167336374210272,1.5970661512734459,0.5787298685305977,-1.3675684010382516,0.0007617184624784484,0.2761556102576429,-0.5708279303071059,1.3418189792937791,1.1683332724241948,0.0,1.0,1.0,0.0,0.0,0.0,1.0,0.0,0.0,0.0,0.0,0.0,1.0,0.0,0.0,0.0,1.0,0.0,54.03
1.6805783551094848,0.8556657079332239,-1.741549082395863,-0.5233232302471649,-1.412673710475105,-0.20856242023726393,0.9056155584547415,-1.6814861161780417,-1.1571928918910084,-0.7173121878695211,-1.0585880292770797,0.5794484687331517,1.4852142864242925,0.2253027791538364,-0.7609567440160538,-1.578180566057794,-0.9726779340431888,1.0968371663446834,1.1683332724241948,0.0,1.0,1.0,0.0,0.0,0.0,1.0,0.0,0.0,0.0,0.0,0.0,0.0,1.0,0.0,0.0,1.0,0.0,41.2
0.2122997397880651,-1.4869496095842307,0.4634219016822441,0.7103477510049946,0.8843567130616569,0.4854888950281745,0.5169526093848011,-0.9089686589098974,1.0750195706150059,-0.24566778062400715,0.6292566136137492,2.0210735189985685,0.6391621630568444,-0.48263996759820277,-0.7609567440160538,-0.5526764685500145,0.13240957623103908,-0.5874127976803484,-0.38996385651771237,0.0,1.0,1.0,0.0,0.0,0.0,1.0,0.0,0.0,0.0,0.0,0.0,1.0,0.0,0.0,0.0,0.0,1.0,54.44
1.3468786698091622,-0.31564195082550295,-0.48156566292265895,-2.0037284077497595,-1.412673710475105,1.526565867926332,-0.5819161462637823,1.0690155998096367,-1.2269495313443213,0.9923987883954669,1.2340676106496296,2.3602794131786666,-0.6299160219943284,0.4022884658418462,1.524198643419543,1.0487956837224084,0.13240957623103908,0.5150053605905816,1.5579075546596715,1.0,0.0,0.0,0.0,1.0,0.0,0.0,0.0,1.0,0.0,0.0,0.0,0.0,1.0,0.0,0.0,0.0,1.0,46.47
0.5459994250883877,-1.2832439298001042,0.9044160984978656,0.21687935850414136,-0.8384161045909145,1.526565867926332,1.203003102776214,-1.0065944914218057,-0.8084096946244436,1.2282209920182239,-0.5522346364098311,-1.4557868963474365,-1.0529420836780528,1.6411882726579148,1.524198643419543,-0.6791084805715216,-0.6210591807741163,0.26236786598682676,-1.5586867032241427,0.0,1.0,0.0,0.0,0.0,1.0,0.0,0.0,0.0,1.0,0.0,0.0,1.0,0.0,0.0,1.0,0.0,0.0,54.08
0.8796991103887104,-1.9198241791254993,0.4004227307085839,-1.016791622748018,0.3100991071774664,1.179540210293613,0.6654483871751502,-0.8962348546692138,0.5169664549885024,1.5229987465466701,0.10532150571638771,1.0034558364582733,1.2132689610561844,0.9332455259058755,-0.3800975127767877,1.5826197344798827,0.08217832576402873,0.660463312029107,-0.0003895742822356069,0.0,1.0,1.0,0.0,0.0,0.0,0.0,1.0,0.0,0.0,1.0,0.0,0.0,0.0,1.0,0.0,0.0,0.0,51.13
1.6805783551094848,0.47371755833798673,-0.9855590307119406,-0.02985483774629404,-1.412673710475105,0.4854888950281745,-1.3243950352155278,-1.2740043804761634,-0.1805999395446271,-0.7173121878695211,0.44640677730057604,-1.3709854228024116,-1.0831582309411758,-0.6596256542862126,-1.522675206494586,0.500923631629211,1.0365720846372255,0.4231371807346707,-0.0003895742822356069,0.0,1.0,0.0,0.0,1.0,0.0,1.0,0.0,0.0,0.0,0.0,0.0,1.0,0.0,0.0,0.0,1.0,0.0,30.21
-0.7220593790528383,0.6774232381221134,1.2824111243398268,-0.27658903399672946,-0.26415849870672403,-0.20856242023726393,-0.04594538562581558,0.7124690810704933,-0.320113218451253,0.10806552481012828,-1.424287701903426,0.15544110100802916,-1.1738066727305454,-1.1905827143502419,0.0007617184624784484,0.0724595908896593,0.3835658285660909,-0.25821848653000123,-0.0003895742822356069,1.0,0.0,0.0,0.0,1.0,0.0,0.0,0.0,0.0,1.0,1.0,0.0,0.0,0.0,1.0,0.0,0.0,0.0,48.44
-0.922279190233032,-0.6721268904477249,1.5974069792081278,1.944018732257154,-1.412673710475105,1.526565867926332,-0.5547909175207452,-1.4819898497406638,-0.9479229735310695,1.1692654411125345,0.30575305705967365,0.3250440480980783,-1.0227259364149297,0.2253027791538364,1.143339412180277,-0.5807724712214606,-0.018284175169991985,1.4030644325310528,1.1683332724241948,1.0,0.0,0.0,0.0,0.0,1.0,0.0,0.0,0.0,1.0,1.0,0.0,0.0,0.0,0.0,0.0,0.0,1.0,58.55
1.5470984809893558,-2.3781619586397844,1.5974069792081278,-0.5233232302471649,0.3100991071774664,1.526565867926332,0.0684953604579468,-0.590623552892805,-1.6454893680641989,-1.424778798737792,-1.5121962770539898,-1.2861839492573874,0.03483921779438112,1.1102312125938854,-0.3800975127767877,0.7467636550043636,1.6895783407083602,-0.34243098473125283,1.5579075546596715,1.0,0.0,0.0,0.0,1.0,0.0,0.0,1.0,0.0,0.0,0.0,0.0,1.0,0.0,0.0,0.0,0.0,1.0,57.29
1.0131789845088395,-0.6466636804747087,-1.1745565436329213,1.6972845360067186,0.8843567130616569,1.526565867926332,-0.5480591089275827,-0.7561630080216931,-0.8781663340777566,-0.12775667881262867,-0.36938480009665786,-0.7773751079872407,-1.3248874090461613,-1.7215397744142713,-0.3800975127767877,-1.3604365453540874,0.4337970790331012,-1.5826514127860491,-0.7795381387531892,0.0,1.0,0.0,1.0,0.0,0.0,1.0,0.0,0.0,0.0,1.0,0.0,0.0,0.0,0.0,0.0,0.0,1.0,46.31
0.2122997397880651,0.32093829849989236,1.5344078082344677,0.46361355475455923,0.8843567130616569,0.1384632373954553,-0.7405096369438751,0.16916010013465582,-1.505976089157573,1.4050876447352916,-1.2168234645480949,0.3250440480980783,1.515430433687416,1.1102312125938854,1.524198643419543,-0.4683884605356765,-0.5205966798400956,1.4489985224590083,1.5579075546596715,0.0,1.0,0.0,0.0,1.0,0.0,0.0,0.0,1.0,0.0,1.0,0.0,0.0,0.0,1.0,0.0,0.0,0.0,36.03
-0.5218395678726447,-1.5888024494762936,0.9674152694715258,-0.7700574264976002,0.3100991071774664,-0.9026137355027024,0.9473923706064263,0.7634042980332282,-0.38986985790456596,0.6976210338670207,-1.192209063505937,0.15544110100802916,1.6060788754767852,-1.5445540877262616,1.524198643419543,1.5685717331441595,-1.2740654368452509,1.1657383012366167,1.1683332724241948,0.0,1.0,0.0,0.0,0.0,1.0,0.0,0.0,0.0,1.0,0.0,0.0,0.0,1.0,0.0,1.0,0.0,0.0,51.58
-0.6553194419927738,0.09176940874274951,1.1564127823925063,0.21687935850414136,-0.8384161045909145,-0.20856242023726393,0.2797553536610168,0.09275727469055338,1.7028293256948224,-1.5426899005491703,0.44640677730057604,-1.0317795286223141,1.6362950227399082,-0.8366113409742223,0.7624801809410108,0.5922356403114105,0.7854158323021737,-1.0467536969599025,-0.7795381387531892,1.0,0.0,0.0,0.0,0.0,1.0,0.0,1.0,0.0,0.0,0.0,0.0,0.0,1.0,0.0,0.0,0.0,1.0,49.55
-0.5218395678726447,-0.11193627104137717,1.5344078082344677,-0.27658903399672946,-0.8384161045909145,0.8325145526608937,1.4605937786498728,1.4467851256165867,1.5633160467881964,-0.06880112790693943,0.590576840547501,-0.6925736344422158,-1.6270488816773927,0.2253027791538364,1.143339412180277,-1.2480525346683033,-0.5708279303071059,0.19346673109489365,-1.1691124209886659,1.0,0.0,1.0,0.0,0.0,0.0,0.0,0.0,1.0,0.0,1.0,0.0,0.0,0.0,0.0,1.0,0.0,0.0,54.2
0.07881986566793604,0.4991807683110029,-1.1745565436329213,0.21687935850414136,0.8843567130616569,-1.5966650507681408,0.5935764307246212,1.5146987482335665,-0.8084096946244436,1.0513543393011562,0.7241978747763582,-1.5405883698924607,1.545646580950539,0.04831709246582662,-0.3800975127767877,1.6388117398227746,-0.26944042750504377,-0.043859400199542646,-0.38996385651771237,0.0,1.0,0.0,0.0,1.0,0.0,0.0,0.0,0.0,1.0,0.0,1.0,0.0,0.0,0.0,1.0,0.0,0.0,42.06
-0.05466000845219303,0.04084298879671807,1.0934136114188462,-0.7700574264976002,0.8843567130616569,-1.5966650507681408,0.08492889320007876,-0.4887531189673353,0.3076965366285635,0.6976210338670207,-0.5030058343255152,-1.2013824757123632,1.726943464529278,0.04831709246582662,1.143339412180277,0.3253236149326734,0.4337970790331012,-1.3836036897649089,-1.1691124209886659,1.0,0.0,0.0,0.0,1.0,0.0,1.0,0.0,0.0,0.0,0.0,0.0,1.0,0.0,0.0,0.0,1.0,0.0,23.79
0.6794792992085168,-1.0795382500159774,-0.9855590307119406,1.6972845360067186,0.3100991071774664,0.4854888950281745,0.8167160861509192,0.9246991517485549,0.23793989717525055,1.4640431956409807,1.2727473837158776,-0.35336774026211826,1.515430433687416,1.287216899281895,0.3816209497017446,-1.353412544686226,1.538884589307329,-0.21994007825670508,-0.38996385651771237,1.0,0.0,1.0,0.0,0.0,0.0,0.0,0.0,0.0,1.0,1.0,0.0,0.0,0.0,1.0,0.0,0.0,0.0,56.25
-0.05466000845219303,1.1357610176363981,0.5264210726559043,0.95708194725543,-0.8384161045909145,-0.20856242023726393,1.5875081700680245,0.7931165079281569,-1.2269495313443213,1.5819542974523593,-1.1043004883553729,1.0034558364582733,0.5787298685305977,-0.48263996759820277,-0.7609567440160538,-1.676516575407855,0.18264082669804943,0.7982655818129732,-0.0003895742822356069,1.0,0.0,1.0,0.0,0.0,0.0,0.0,0.0,1.0,0.0,0.0,0.0,1.0,0.0,0.0,0.0,0.0,1.0,61.26
-0.25487981963238665,-0.23925232090645623,0.5894202436295646,-0.02985483774629404,0.8843567130616569,-0.20856242023726393,1.6950191131882373,1.3152024817961883,-0.9479229735310695,-1.3658232478321026,1.3958193889266672,1.088257310003299,0.6995944575830905,-0.6596256542862126,0.7624801809410108,-0.8687564986037822,0.4840283295001116,1.1504269379272982,-1.1691124209886659,1.0,0.0,0.0,0.0,1.0,0.0,0.0,0.0,1.0,0.0,0.0,0.0,0.0,1.0,0.0,1.0,0.0,0.0,45.12
-1.18923893847329,-0.11193627104137717,-0.29256815000167835,1.6972845360067186,-0.8384161045909145,-1.5966650507681408,0.21124930150706908,-0.1958756214316103,1.0750195706150059,0.6386654829613314,1.2481329826737197,1.8514705719085183,-1.3248874090461613,0.5792741525298559,-0.7609567440160538,0.6835476489936101,0.8858783332361945,-0.4572662095511414,1.1683332724241948,0.0,1.0,0.0,0.0,1.0,0.0,1.0,0.0,0.0,0.0,0.0,0.0,1.0,0.0,1.0,0.0,0.0,0.0,63.11
-0.9890191272930965,-1.0286118300699458,-1.678549911422203,-0.02985483774629404,0.8843567130616569,1.179540210293613,-1.2376735009859638,0.08426807186343109,0.8657496522550671,-1.1300010442093458,-0.01775049949440189,0.4098455216431025,1.3039174028455536,0.9332455259058755,0.7624801809410108,0.9153396710330397,0.2328720771650598,0.4078258174253523,-1.5586867032241427,1.0,0.0,1.0,0.0,0.0,0.0,1.0,0.0,0.0,0.0,1.0,0.0,0.0,0.0,1.0,0.0,0.0,0.0,22.46
-1.7231584349538063,-0.5448108405826458,-0.41856649194899875,0.95708194725543,-1.412673710475105,-1.5966650507681408,-1.0545287083778667,-0.30199065677064113,0.028669978815311713,0.6386654829613314,1.005505315258163,0.15544110100802916,-1.5364004398880233,0.2253027791538364,0.0007617184624784484,1.8073877558514508,0.08217832576402873,1.081525803035365,-0.7795381387531892,1.0,0.0,1.0,0.0,0.0,0.0,0.0,1.0,0.0,0.0,1.0,0.0,0.0,0.0,0.0,0.0,0.0,1.0,36.24
-1.7231584349538063,-0.9776854101239145,-0.7335623468172998,-0.02985483774629404,-0.26415849870672403,-0.20856242023726393,-1.1008593910484556,1.1708860337351064,1.7028293256948224,-1.0710454933036564,0.5940931835535236,0.4946469951881267,-0.6299160219943284,-0.305654280910193,-0.3800975127767877,-0.5526764685500145,-0.018284175169991985,-0.7099037041548961,0.778758990188718,1.0,0.0,0.0,0.0,1.0,0.0,1.0,0.0,0.0,0.0,1.0,0.0,0.0,0.0,0.0,0.0,1.0,0.0,43.36
1.3468786698091622,-0.26471553087947153,0.4634219016822441,0.46361355475455923,1.4586143189458474,1.526565867926332,1.2655693238185477,-0.9344362673912648,-1.6454893680641989,-0.3046233315296964,-0.8616728209398162,0.4946469951881267,1.696727317266155,1.6411882726579148,-0.7609567440160538,-0.13826042914618583,0.3835658285660909,0.3083019559147822,-1.5586867032241427,1.0,0.0,0.0,0.0,1.0,0.0,0.0,1.0,0.0,0.0,1.0,0.0,0.0,0.0,0.0,0.0,1.0,0.0,48.26
0.47925948802832324,1.6450252170967146,-0.9225598597382804,-0.02985483774629404,-1.412673710475105,1.179540210293613,-1.723155697175212,-0.900479456082775,1.005262931161693,-0.7762677387752103,-0.8370584198976584,-1.6253898434374858,-0.26732225483685046,0.9332455259058755,1.143339412180277,0.8099796610151172,1.0365720846372255,-0.35008666638591207,-1.1691124209886659,0.0,1.0,0.0,0.0,0.0,1.0,0.0,0.0,1.0,0.0,0.0,1.0,0.0,0.0,0.0,1.0,0.0,0.0,38.4
0.34577961390819417,-1.4869496095842307,-1.1745565436329213,-0.02985483774629404,1.4586143189458474,-0.5555880778699831,0.46745401678801807,-0.4505517062452843,-0.8084096946244436,0.6386654829613314,0.02796195958389139,1.936272045453544,-1.294671261783038,1.4642025859699048,-0.3800975127767877,-0.6088684738929065,1.4886533388403187,0.3236133192241007,-0.7795381387531892,0.0,1.0,1.0,0.0,0.0,0.0,0.0,0.0,1.0,0.0,0.0,1.0,0.0,0.0,0.0,0.0,1.0,0.0,70.23
1.4136186068692267,-1.7415817093143888,0.4004227307085839,0.21687935850414136,0.8843567130616569,0.8325145526608937,-1.146398096237496,-0.9344362673912648,-1.366462810250947,1.1692654411125345,0.17213202283081636,-1.9645957376175833,1.6060788754767852,0.9332455259058755,1.143339412180277,1.0136756803831009,-0.31967167797205415,-1.4984389145847974,-1.1691124209886659,1.0,0.0,0.0,1.0,0.0,0.0,0.0,0.0,0.0,1.0,0.0,1.0,0.0,0.0,0.0,0.0,1.0,0.0,31.16
-0.12139994551225756,1.4158563273395717,-0.22956897902801815,-0.7700574264976002,-0.26415849870672403,0.1384632373954553,0.18966791513487166,0.1903831072024619,1.1447762100683188,1.2282209920182239,-0.4924568053074475,1.1730587835483233,1.666511170003032,-0.305654280910193,-0.7609567440160538,0.1356755969004128,-1.3242966873122612,1.2499507994378682,-1.1691124209886659,1.0,0.0,1.0,0.0,0.0,0.0,0.0,0.0,0.0,1.0,1.0,0.0,0.0,0.0,0.0,0.0,1.0,0.0,37.3
0.8796991103887104,-0.2901787408524877,-1.6155507404485427,-0.5233232302471649,-0.26415849870672403,-0.9026137355027024,1.0406477190587655,-1.2570259748219184,1.005262931161693,1.0513543393011562,0.07015807565616211,0.07063962746300421,-1.0831582309411758,0.4022884658418462,1.524198643419543,-0.489460462539261,1.237497086505267,-1.0544093786145619,0.38918470795324117,1.0,0.0,0.0,0.0,1.0,0.0,0.0,1.0,0.0,0.0,0.0,1.0,0.0,0.0,1.0,0.0,0.0,0.0,49.14
1.213398795689033,-0.7739797303397877,1.1564127823925063,-0.27658903399672946,0.8843567130616569,-0.5555880778699831,-0.08851417525904899,-0.628824965614856,0.37745317608187645,-0.6583566369638318,1.005505315258163,-1.1165810021673384,1.2434851083193075,-1.0135970276622321,0.3816209497017446,-1.5430605627184866,1.3379595874392876,-0.2046287149473866,0.778758990188718,1.0,0.0,1.0,0.0,0.0,0.0,1.0,0.0,0.0,0.0,0.0,0.0,1.0,0.0,0.0,0.0,0.0,1.0,40.26
-1.7231584349538063,0.982981757798303,0.5894202436295646,0.21687935850414136,0.8843567130616569,-1.2496393931354215,0.17165042742964265,1.3873607058267292,-0.5991397762645048,-0.8941788405865888,-1.6844970843490954,0.4946469951881267,-0.3881868438893432,1.4642025859699048,0.0007617184624784484,1.0417716830545467,-0.018284175169991985,0.7140530836117217,0.38918470795324117,1.0,0.0,1.0,0.0,0.0,0.0,1.0,0.0,0.0,0.0,1.0,0.0,0.0,0.0,1.0,0.0,0.0,0.0,59.89
-0.7220593790528383,-0.6975901004207402,-0.7335623468172998,-0.02985483774629404,-0.8384161045909145,-1.5966650507681408,0.11739996994356844,-0.32745826525200855,-0.041086660638001225,0.34388772843288523,0.23542619693922243,-0.09896331962704417,-0.41840299115246626,-0.12866859422218316,0.0007617184624784484,0.9364116730366242,0.8858783332361945,0.15518832282159747,0.38918470795324117,1.0,0.0,0.0,1.0,0.0,0.0,0.0,0.0,0.0,1.0,0.0,0.0,0.0,1.0,1.0,0.0,0.0,0.0,58.23
0.8129591733286459,1.7723412669617935,-1.0485582016856008,1.2038161435058654,0.8843567130616569,0.8325145526608937,0.5407119338312569,0.8270733192366467,0.44720981553518935,-1.6606010023605489,-1.1992417495179821,-0.6925736344422158,-0.8414290528361906,-0.6596256542862126,-0.7609567440160538,-1.2761485373397494,1.4384220883733083,1.112148529654002,1.5579075546596715,0.0,1.0,0.0,1.0,0.0,0.0,0.0,0.0,1.0,0.0,1.0,0.0,0.0,0.0,0.0,0.0,0.0,1.0,74.87
-1.4561986867135481,0.6010336082030657,1.5974069792081278,0.7103477510049946,0.3100991071774664,-1.5966650507681408,-1.0723482017127086,-1.3291841988524593,-0.9479229735310695,-0.24566778062400715,-1.5543923931262607,-1.4557868963474365,-1.5968327344142697,-0.305654280910193,-1.14181597525532,0.7959316596793942,-1.6256841901143235,0.9131008066328619,1.1683332724241948,1.0,0.0,0.0,0.0,1.0,0.0,0.0,1.0,0.0,0.0,0.0,0.0,1.0,0.0,1.0,0.0,0.0,0.0,32.71
-0.32161975669245113,-0.5957372605286773,1.4714086372608075,-0.27658903399672946,0.8843567130616569,-1.5966650507681408,1.3059601753775227,-0.8750118476014076,1.6330726862415095,-0.953134391492278,-0.9741957971325382,-1.5405883698924607,-0.8112129055730675,0.5792741525298559,0.3816209497017446,0.5500916363042415,0.9361095837032049,-0.35008666638591207,1.1683332724241948,0.0,1.0,0.0,0.0,0.0,1.0,0.0,0.0,1.0,0.0,0.0,1.0,0.0,0.0,0.0,1.0,0.0,0.0,81.66
0.14555980272800056,2.1033629966109992,-0.29256815000167835,1.4505503397563009,0.3100991071774664,-0.5555880778699831,-1.6235645288704845,1.0265695856740247,-0.8781663340777566,1.5819542974523593,0.53431535245114,-0.6077721608971917,-1.5666165871511464,0.7562598392178658,-1.522675206494586,-0.7633964885858596,0.8858783332361945,-0.7099037041548961,0.38918470795324117,0.0,1.0,1.0,0.0,0.0,0.0,0.0,0.0,1.0,0.0,1.0,0.0,0.0,0.0,0.0,1.0,0.0,0.0,60.28
-1.5896785608336772,-0.6975901004207402,0.02242770486662269,1.6972845360067186,0.8843567130616569,1.526565867926332,-0.49499661766383124,0.8737639347858202,-0.45962649735787886,0.1670210757158175,-0.4221299451869963,-0.43816921380714247,1.4549981391611695,0.4022884658418462,0.7624801809410108,-1.536036562050625,1.388190837906298,-0.5950684793350076,-0.0003895742822356069,1.0,0.0,0.0,0.0,0.0,1.0,1.0,0.0,0.0,0.0,0.0,1.0,0.0,0.0,1.0,0.0,0.0,0.0,57.84
-0.9890191272930965,0.6774232381221134,0.9044160984978656,-2.0037284077497595,-0.8384161045909145,1.526565867926332,-1.390723149295217,-0.4038610906961108,1.2842894889749448,0.8155321356783991,-1.3328627837468394,-1.2861839492573874,0.5485137212674747,-0.12866859422218316,0.0007617184624784484,0.35341961760411944,-0.721521681708137,-1.0697207419238803,1.5579075546596715,0.0,1.0,0.0,0.0,0.0,1.0,0.0,1.0,0.0,0.0,1.0,0.0,0.0,0.0,0.0,0.0,1.0,0.0,48.03
-0.05466000845219303,0.21908545860782858,-0.22956897902801815,0.95708194725543,0.3100991071774664,0.1384632373954553,0.06631742238368835,1.52743255247425,1.5633160467881964,-0.5404455351524533,-0.8440911059097035,-0.01416184608201998,1.3341335501086766,0.5792741525298559,-0.3800975127767877,-1.3885325480255335,-0.5708279303071059,1.050903076416728,-1.1691124209886659,0.0,1.0,0.0,0.0,1.0,0.0,0.0,0.0,1.0,0.0,0.0,0.0,1.0,0.0,1.0,0.0,0.0,0.0,36.46
-0.7220593790528383,1.2376138575284612,0.4634219016822441,-0.7700574264976002,-1.412673710475105,1.179540210293613,0.7763252345919441,1.378871502999607,-0.041086660638001225,0.520754381149953,1.6560287713723367,-1.1165810021673384,0.7298106048462135,0.2253027791538364,1.524198643419543,-0.447316458532092,1.1370345855712463,-1.031442333650584,0.778758990188718,0.0,1.0,1.0,0.0,0.0,0.0,0.0,0.0,0.0,1.0,1.0,0.0,0.0,0.0,0.0,0.0,1.0,0.0,56.9
1.6138384180494203,1.4922459572586193,-0.16656980805435792,0.7103477510049946,0.3100991071774664,-1.5966650507681408,0.5864486333906844,1.5529001609556174,0.37745317608187645,-0.4814899842467641,-0.5311365783736957,0.3250440480980783,-1.294671261783038,1.4642025859699048,-1.522675206494586,0.7959316596793942,1.0365720846372255,-1.5520286861674122,0.38918470795324117,0.0,1.0,1.0,0.0,0.0,0.0,0.0,0.0,0.0,1.0,0.0,1.0,0.0,0.0,1.0,0.0,0.0,0.0,86.44
0.6794792992085168,-0.061009851095344826,0.5894202436295646,1.2038161435058654,-0.8384161045909145,0.4854888950281745,0.6606965222858591,-0.2637892440485901,0.795993012801754,1.6409098483580484,-1.543843364108193,1.2578602570933475,1.515430433687416,-0.8366113409742223,-0.3800975127767877,1.6107157371513285,0.8858783332361945,0.05566446131102742,0.778758990188718,0.0,1.0,0.0,1.0,0.0,0.0,1.0,0.0,0.0,0.0,0.0,1.0,0.0,0.0,0.0,1.0,0.0,0.0,62.07
-0.32161975669245113,-0.8503693602588354,-1.741549082395863,-1.016791622748018,1.4586143189458474,1.526565867926332,0.0722572534953023,-1.0447959041438568,-0.041086660638001225,1.0513543393011562,-1.2730849526444559,0.24024257455305337,1.3643496973718003,0.2253027791538364,-0.7609567440160538,0.8099796610151172,0.3835658285660909,-0.7405264307735331,-0.38996385651771237,0.0,1.0,1.0,0.0,0.0,0.0,0.0,0.0,0.0,1.0,0.0,0.0,1.0,0.0,0.0,0.0,1.0,0.0,46.74
0.14555980272800056,0.37186471844592384,-0.5445648338963192,-1.7569942114993242,0.3100991071774664,-0.20856242023726393,0.9163072544556466,0.4111023807076458,-0.6688964157178177,-1.6016454514548597,1.2094532096074715,-0.09896331962704417,-0.539267580204959,0.4022884658418462,0.3816209497017446,1.3086837084332839,0.7854158323021737,1.0049689864887728,1.5579075546596715,1.0,0.0,0.0,0.0,0.0,1.0,0.0,0.0,0.0,1.0,1.0,0.0,0.0,0.0,0.0,1.0,0.0,0.0,80.68
-0.8555392531729674,-0.7739797303397877,1.6604061501817882,0.7103477510049946,0.8843567130616569,0.8325145526608937,-0.09801790503763133,0.610598647145024,0.8657496522550671,1.1692654411125345,-1.0515553432650344,-0.5229706873521667,-1.3551035563092844,-0.48263996759820277,0.0007617184624784484,-1.2621005360040265,-1.0229091845101992,1.4796212490776453,0.778758990188718,0.0,1.0,0.0,1.0,0.0,0.0,0.0,0.0,1.0,0.0,0.0,0.0,0.0,1.0,1.0,0.0,0.0,0.0,53.2
0.07881986566793604,1.9760469467459203,-0.04057146610703752,0.21687935850414136,0.8843567130616569,0.4854888950281745,-1.6764290257638488,-1.2909827861304084,1.2145328495216317,1.3461320938296022,0.34794917313194434,1.427463204183396,0.6995944575830905,0.9332455259058755,0.7624801809410108,-1.5009165587113176,-1.0229091845101992,-1.3147025548729758,-1.1691124209886659,0.0,1.0,0.0,0.0,1.0,0.0,0.0,0.0,0.0,1.0,1.0,0.0,0.0,0.0,0.0,0.0,0.0,1.0,23.42
-1.4561986867135481,0.04084298879671807,-0.79656151779096,-1.7569942114993242,1.4586143189458474,-0.5555880778699831,0.5292282603488033,0.9544113616434837,1.6330726862415095,1.5229987465466701,-1.5297779920841026,-0.18376479317206912,0.7902428993724601,-1.5445540877262616,-1.522675206494586,0.8029556603472556,0.9361095837032049,-1.031442333650584,-0.38996385651771237,0.0,1.0,0.0,0.0,1.0,0.0,0.0,0.0,0.0,1.0,0.0,0.0,1.0,0.0,0.0,0.0,1.0,0.0,54.65
1.3468786698091622,-0.4684212106635982,1.1564127823925063,2.4374871247580248,-0.8384161045909145,-0.5555880778699831,-0.6793293764942513,-1.6560185076966742,-0.1805999395446271,0.5797099320556421,-1.3891242718432002,2.529882360268715,1.3643496973718003,-0.6596256542862126,0.0007617184624784484,0.8591476656901477,1.237497086505267,-0.40367643796852676,-0.0003895742822356069,1.0,0.0,0.0,1.0,0.0,0.0,0.0,0.0,1.0,0.0,0.0,0.0,0.0,1.0,0.0,0.0,1.0,0.0,51.66
1.4803585439292912,0.09176940874274951,-0.7335623468172998,0.46361355475455923,-0.26415849870672403,0.1384632373954553,-0.8129755765055655,-0.07702678185189589,-0.8084096946244436,-0.4814899842467641,-1.0339736282349217,-1.2013824757123632,-1.5666165871511464,0.2253027791538364,-1.14181597525532,-1.0303085139645969,0.18264082669804943,-1.222834375017065,-1.1691124209886659,0.0,1.0,0.0,0.0,1.0,0.0,1.0,0.0,0.0,0.0,0.0,0.0,1.0,0.0,1.0,0.0,0.0,0.0,36.61
0.2122997397880651,-1.4614863996112146,0.715418585576885,0.7103477510049946,0.8843567130616569,0.1384632373954553,1.728876150524437,-0.590623552892805,-1.366462810250947,0.9334432374897776,0.5448643814692077,0.24024257455305337,-1.2644551145199148,-0.6596256542862126,-1.14181597525532,1.168203695076054,-0.7717529321751474,-1.023786651995925,1.1683332724241948,1.0,0.0,0.0,1.0,0.0,0.0,1.0,0.0,0.0,0.0,1.0,0.0,0.0,0.0,1.0,0.0,0.0,0.0,81.15
1.2801387327490976,-1.0795382500159774,-0.04057146610703752,1.2038161435058654,-1.412673710475105,1.179540210293613,0.930364854753133,0.797361109341718,-0.041086660638001225,1.6998653992637378,-1.2133071215420723,1.427463204183396,0.3370006904256127,1.4642025859699048,-1.14181597525532,0.16377159957185883,1.4886533388403187,-0.25821848653000123,-1.5586867032241427,0.0,1.0,1.0,0.0,0.0,0.0,0.0,1.0,0.0,0.0,0.0,0.0,0.0,1.0,0.0,0.0,1.0,0.0,65.97
1.6805783551094848,1.1357610176363981,-1.0485582016856008,-0.5233232302471649,-0.8384161045909145,-0.20856242023726393,-0.9880025999277903,-0.6542925740962234,-0.1805999395446271,-1.3068676969264135,0.6749690726920424,-0.6925736344422158,0.3974329849518588,0.5792741525298559,1.524198643419543,0.3393716162683964,-1.424759188246282,-0.250562804875342,-0.7795381387531892,1.0,0.0,1.0,0.0,0.0,0.0,0.0,0.0,0.0,1.0,0.0,0.0,1.0,0.0,0.0,0.0,0.0,1.0,19.59
-1.4561986867135481,-0.7485165203667725,-0.10357063708069772,0.21687935850414136,0.3100991071774664,0.8325145526608937,-0.03921357703265309,1.0902386068774432,1.2145328495216317,-0.4225344333410749,0.2916876850355834,-0.2685662667170933,-1.6270488816773927,-0.305654280910193,-0.7609567440160538,-1.3182925413469184,-1.3242966873122612,1.2576064810925274,-1.5586867032241427,1.0,0.0,0.0,0.0,1.0,0.0,0.0,0.0,1.0,0.0,0.0,1.0,0.0,0.0,1.0,0.0,0.0,0.0,38.17
-0.9890191272930965,-1.155927879935025,1.5974069792081278,-1.2635258189984535,0.3100991071774664,-0.20856242023726393,-1.5041739235270437,0.304987345368615,-0.9479229735310695,-0.5994010860581426,0.2987203710476285,0.6642499422781758,-0.35797069662622016,1.287216899281895,-0.3800975127767877,-0.629940475896491,1.0365720846372255,-1.023786651995925,-0.0003895742822356069,0.0,1.0,0.0,1.0,0.0,0.0,0.0,1.0,0.0,0.0,0.0,0.0,0.0,1.0,1.0,0.0,0.0,0.0,61.01
-0.7220593790528383,0.44825434836497147,1.5344078082344677,-0.5233232302471649,-1.412673710475105,-1.2496393931354215,0.14135728876041143,0.9798789701248509,-0.8781663340777566,0.5797099320556421,-0.6928883566507335,0.4098455216431025,0.2765683958993663,0.04831709246582662,0.0007617184624784484,-0.16635643181763182,-1.6256841901143235,0.9590348965608173,1.1683332724241948,0.0,1.0,0.0,0.0,1.0,0.0,1.0,0.0,0.0,0.0,0.0,0.0,0.0,1.0,1.0,0.0,0.0,0.0,40.39
-0.05466000845219303,1.110297807663382,0.8414169275242054,0.46361355475455923,0.8843567130616569,0.1384632373954553,0.7181148896981273,1.6420367906404034,0.7262363733484412,0.8744876865840884,0.8121064499269223,0.5794484687331517,0.8204590466355832,0.9332455259058755,-0.3800975127767877,-0.489460462539261,0.3333345780990805,0.8365439900862695,0.778758990188718,1.0,0.0,0.0,1.0,0.0,0.0,1.0,0.0,0.0,0.0,0.0,0.0,1.0,0.0,0.0,0.0,0.0,1.0,69.61
-0.05466000845219303,0.6519600281490973,1.1564127823925063,-1.7569942114993242,-0.8384161045909145,1.179540210293613,1.0311439892801832,0.5893756400772175,0.93550629170838,1.4050876447352916,0.45343946331262114,1.1730587835483233,-0.6601321692574518,1.4642025859699048,-0.3800975127767877,-1.0303085139645969,1.3379595874392876,-1.5060945962394567,1.5579075546596715,0.0,1.0,1.0,0.0,0.0,0.0,0.0,0.0,1.0,0.0,0.0,1.0,0.0,0.0,0.0,0.0,1.0,0.0,86.42
1.4136186068692267,0.9320553378522716,0.0854268758402829,-0.7700574264976002,-1.412673710475105,-0.9026137355027024,-0.06475485081259313,1.6293029863997195,0.5867230944418153,1.287176542923913,1.061766803354524,-0.35336774026211826,-0.05580922399498857,0.04831709246582662,0.0007617184624784484,-0.8406604959323362,0.3333345780990805,-0.3577423480405713,-1.1691124209886659,1.0,0.0,0.0,1.0,0.0,0.0,0.0,1.0,0.0,0.0,0.0,0.0,0.0,1.0,0.0,1.0,0.0,0.0,50.12
-0.38835969375251567,-0.8503693602588354,0.7784177565505451,-1.016791622748018,0.8843567130616569,-1.5966650507681408,-0.296804252906312,-1.6178170949746233,-1.366462810250947,-0.8941788405865888,0.6749690726920424,1.427463204183396,1.0924043720036918,1.287216899281895,1.524198643419543,-1.620324570064963,1.538884589307329,1.081525803035365,1.1683332724241948,1.0,0.0,1.0,0.0,0.0,0.0,0.0,1.0,0.0,0.0,0.0,0.0,1.0,0.0,1.0,0.0,0.0,0.0,46.58
0.8129591733286459,-1.5378760295302623,0.3374235597349237,0.21687935850414136,-0.8384161045909145,-1.5966650507681408,-1.429530045891095,-0.5651559444114376,0.8657496522550671,1.4640431956409807,-1.688013427355118,-1.794992790527534,1.5758627282136621,0.04831709246582662,1.524198643419543,-1.676516575407855,0.7351845818351633,0.31595763756944145,1.1683332724241948,1.0,0.0,0.0,0.0,1.0,0.0,0.0,0.0,1.0,0.0,0.0,0.0,0.0,1.0,0.0,0.0,0.0,1.0,16.73
0.6127393621484523,1.4413195373125878,0.5264210726559043,0.46361355475455923,0.3100991071774664,-0.9026137355027024,-1.187184936537245,-1.3504072059202656,1.7028293256948224,1.4050876447352916,1.4977933361013214,1.088257310003299,-0.9622936418886833,-1.1905827143502419,0.3816209497017446,0.8380756636865632,0.9863408341702151,1.2729178444018459,0.38918470795324117,1.0,0.0,0.0,1.0,0.0,0.0,0.0,0.0,1.0,0.0,0.0,0.0,0.0,1.0,0.0,0.0,1.0,0.0,46.36
0.4125195509682587,-0.41749479071756673,-1.426553227527562,0.7103477510049946,-0.8384161045909145,1.526565867926332,0.30589061055211825,-0.8240766306386728,1.005262931161693,-0.3635788824353856,-0.5592673224218762,1.1730587835483233,-0.8716452000993138,1.287216899281895,-0.7609567440160538,0.7256916530007791,0.3333345780990805,1.3188519343298013,-0.7795381387531892,1.0,0.0,0.0,0.0,1.0,0.0,0.0,1.0,0.0,0.0,0.0,0.0,0.0,1.0,0.0,0.0,1.0,0.0,45.19
0.2122997397880651,-0.34110516079851916,-1.363554056553902,0.95708194725543,1.4586143189458474,-0.20856242023726393,-0.8454466532490551,1.1326846210130554,-1.2269495313443213,-0.3046233315296964,-0.9566140821024254,-0.7773751079872407,1.515430433687416,1.4642025859699048,0.3816209497017446,-1.2340045333325804,-0.6210591807741163,-1.3836036897649089,-1.1691124209886659,0.0,1.0,1.0,0.0,0.0,0.0,1.0,0.0,0.0,0.0,0.0,1.0,0.0,0.0,0.0,0.0,0.0,1.0,33.97
0.6794792992085168,1.2630770675014773,0.21142521778760331,1.2038161435058654,-0.26415849870672403,-0.9026137355027024,-1.1242227267541371,-1.6050832907339396,-1.2269495313443213,1.0513543393011562,-0.3307050270304097,-1.4557868963474365,-0.35797069662622016,0.4022884658418462,-0.3800975127767877,-0.6861324812393831,-0.1187466761040127,-0.7941162023561478,1.1683332724241948,1.0,0.0,0.0,0.0,1.0,0.0,0.0,0.0,0.0,1.0,1.0,0.0,0.0,0.0,1.0,0.0,0.0,0.0,38.69
-0.25487981963238665,0.47371755833798673,0.21142521778760331,0.46361355475455923,-0.8384161045909145,1.179540210293613,-1.3669638248487612,0.05031126055494121,1.005262931161693,0.8155321356783991,-0.5276202353676731,-0.2685662667170933,0.760026752109337,-1.1905827143502419,-0.7609567440160538,1.505355727133406,1.1370345855712463,-0.41133211962318594,0.38918470795324117,1.0,0.0,0.0,1.0,0.0,0.0,1.0,0.0,0.0,0.0,1.0,0.0,0.0,0.0,0.0,1.0,0.0,0.0,47.63
-1.1224990014132255,0.37186471844592384,1.5344078082344677,1.944018732257154,-0.26415849870672403,0.8325145526608937,-1.582381699829961,0.211606114270268,0.5169664549885024,-1.3068676969264135,1.0758321753786142,0.4098455216431025,0.36721683768873575,-0.12866859422218316,0.3816209497017446,1.645835740490636,-1.726146691048344,-0.8783287005573993,-0.38996385651771237,0.0,1.0,0.0,0.0,0.0,1.0,0.0,0.0,1.0,0.0,0.0,1.0,0.0,0.0,1.0,0.0,0.0,0.0,45.83
-1.4561986867135481,2.1288262065840153,-0.22956897902801815,-0.02985483774629404,-0.8384161045909145,-0.9026137355027024,-1.1462001018671089,0.1903831072024619,0.5867230944418153,-0.953134391492278,0.07015807565616211,-0.35336774026211826,-0.7507806110468211,-1.0135970276622321,0.3816209497017446,-1.2480525346683033,-1.726146691048344,-0.5797571160256891,-0.0003895742822356069,1.0,0.0,1.0,0.0,0.0,0.0,0.0,1.0,0.0,0.0,0.0,1.0,0.0,0.0,0.0,0.0,1.0,0.0,28.13
0.6127393621484523,-0.7485165203667725,0.2744243887612635,-0.27658903399672946,-0.26415849870672403,1.179540210293613,-0.6260688908601127,-0.1024943903332633,1.2842894889749448,0.4617988302442637,-1.1253985463915084,0.4946469951881267,0.5182975740043516,-1.3675684010382516,-1.14181597525532,-1.1286445233146578,-1.3242966873122612,-0.3577423480405713,-0.0003895742822356069,0.0,1.0,1.0,0.0,0.0,0.0,0.0,1.0,0.0,0.0,0.0,0.0,1.0,0.0,0.0,1.0,0.0,0.0,39.15
0.47925948802832324,0.8556657079332239,1.6604061501817882,0.46361355475455923,1.4586143189458474,0.1384632373954553,-0.6902190668655436,0.9671451658841674,-0.7386530551711307,0.10806552481012828,-0.08456101660883053,1.936272045453544,0.5182975740043516,0.9332455259058755,1.524198643419543,-0.9670925079538433,-0.6712904312411266,1.6403905638254892,1.5579075546596715,0.0,1.0,0.0,1.0,0.0,0.0,0.0,0.0,0.0,1.0,0.0,0.0,0.0,1.0,1.0,0.0,0.0,0.0,58.11
1.6805783551094848,-0.03554664112232955,-1.363554056553902,-0.27658903399672946,0.3100991071774664,0.4854888950281745,-0.4336183628438203,-1.2612705762354797,0.7262363733484412,-1.7785121041719274,0.9000150250774863,-1.3709854228024116,0.3067845431624894,-0.48263996759820277,1.143339412180277,-0.433268457196369,-1.0731404349772096,1.6557019271348077,1.5579075546596715,0.0,1.0,0.0,0.0,1.0,0.0,0.0,1.0,0.0,0.0,0.0,1.0,0.0,0.0,0.0,1.0,0.0,0.0,19.11
0.27903967684812964,0.1936222486348133,1.4714086372608075,1.6972845360067186,0.8843567130616569,-0.5555880778699831,-0.7304119240541314,-0.6627817769233459,0.6564797338951281,-1.5426899005491703,1.7404210035168781,-1.9645957376175833,-1.4155358508355305,-0.6596256542862126,0.3816209497017446,0.6835476489936101,-0.9726779340431888,1.1733939828912758,1.1683332724241948,1.0,0.0,0.0,0.0,0.0,1.0,0.0,0.0,0.0,1.0,0.0,0.0,1.0,0.0,0.0,0.0,0.0,1.0,52.24
-1.1224990014132255,1.4667827472856039,-1.0485582016856008,1.2038161435058654,-0.26415849870672403,-0.5555880778699831,0.17224441054080403,0.37714556939915594,1.4238027678815706,1.4640431956409807,-1.1464966044276437,-0.09896331962704417,1.696727317266155,1.4642025859699048,-1.522675206494586,1.392971716447622,-1.12337168544422,-0.25821848653000123,1.1683332724241948,1.0,0.0,0.0,0.0,1.0,0.0,1.0,0.0,0.0,0.0,1.0,0.0,0.0,0.0,1.0,0.0,0.0,0.0,47.85
-0.5218395678726447,0.42279113839195526,-0.79656151779096,0.7103477510049946,1.4586143189458474,-1.2496393931354215,0.4918073243456353,0.6318216542128301,-0.25035657899794006,-1.3068676969264135,0.7277142177823809,-0.6925736344422158,-0.35797069662622016,0.5792741525298559,-1.14181597525532,-0.9670925079538433,-1.0229091845101992,-0.4802332545151191,-1.1691124209886659,1.0,0.0,0.0,0.0,0.0,1.0,1.0,0.0,0.0,0.0,1.0,0.0,0.0,0.0,0.0,0.0,1.0,0.0,62.55
0.34577961390819417,0.47371755833798673,-0.79656151779096,0.21687935850414136,-0.26415849870672403,-0.20856242023726393,1.1770658402554997,-0.34443667090625346,-0.1805999395446271,0.75657658477271,-1.1324312324035535,-0.5229706873521667,0.4578652794781052,0.7562598392178658,-0.3800975127767877,-0.1171884271426013,-0.21920917703803341,0.6068735404464924,-0.7795381387531892,0.0,1.0,0.0,1.0,0.0,0.0,0.0,1.0,0.0,0.0,1.0,0.0,0.0,0.0,0.0,0.0,1.0,0.0,56.62
-1.7231584349538063,1.0084449677713192,0.9044160984978656,-0.5233232302471649,0.3100991071774664,0.8325145526608937,-0.6529961252327627,1.2557780620063312,1.005262931161693,-1.4837343496434812,0.25300791196933525,1.2578602570933475,1.3341335501086766,1.1102312125938854,0.7624801809410108,0.9012916696973168,-0.6712904312411266,0.9590348965608173,1.1683332724241948,1.0,0.0,0.0,1.0,0.0,0.0,0.0,1.0,0.0,0.0,1.0,0.0,0.0,0.0,0.0,1.0,0.0,0.0,56.12
-1.4561986867135481,-0.4684212106635982,1.5344078082344677,0.7103477510049946,-0.26415849870672403,0.4854888950281745,-0.2595813112735312,-0.30623525818420244,1.3540461284282577,-0.1867122297183179,0.07015807565616211,-0.09896331962704417,-0.26732225483685046,-1.7215397744142713,1.524198643419543,-1.507940559379179,-0.1187466761040127,1.5102439756962822,-0.0003895742822356069,0.0,1.0,0.0,1.0,0.0,0.0,0.0,0.0,1.0,0.0,0.0,0.0,1.0,0.0,0.0,0.0,0.0,1.0,38.55
1.213398795689033,-0.9522222001508983,0.4634219016822441,-1.2635258189984535,1.4586143189458474,0.4854888950281745,0.4621081687875655,-0.3486812723198146,-0.25035657899794006,0.8155321356783991,1.1918714945773587,-0.01416184608201998,0.9413236356880759,-0.8366113409742223,0.0007617184624784484,1.7792917531800048,-1.0229091845101992,1.372441705912416,0.778758990188718,1.0,0.0,1.0,0.0,0.0,0.0,0.0,0.0,1.0,0.0,0.0,0.0,0.0,1.0,1.0,0.0,0.0,0.0,42.05
-1.5229386237736127,-1.155927879935025,-0.9855590307119406,1.4505503397563009,1.4586143189458474,0.1384632373954553,-1.4746727623393612,-1.592349486493256,-1.43621944970426,-0.3046233315296964,-1.0656207152891248,-0.43816921380714247,1.6362950227399082,0.7562598392178658,-1.14181597525532,1.687979744497805,-0.1187466761040127,-1.1386218768158134,1.1683332724241948,0.0,1.0,1.0,0.0,0.0,0.0,0.0,1.0,0.0,0.0,0.0,0.0,1.0,0.0,0.0,0.0,0.0,1.0,39.17
-0.7220593790528383,-2.09806664893661,-1.363554056553902,-0.27658903399672946,-1.412673710475105,-0.9026137355027024,-0.1809775462298397,0.15642629589397203,0.37745317608187645,-0.1867122297183179,-1.3082483827046814,-0.01416184608201998,-0.509051432941836,0.2253027791538364,-1.522675206494586,-1.592228567393517,-0.16897792657102306,0.9896576231794542,0.38918470795324117,1.0,0.0,0.0,0.0,1.0,0.0,0.0,1.0,0.0,0.0,0.0,0.0,0.0,1.0,0.0,0.0,0.0,1.0,43.77
-0.1881398825723221,2.0015101567189366,0.4634219016822441,0.21687935850414136,0.3100991071774664,-0.20856242023726393,1.7211543700793388,0.6912460740026872,-0.8781663340777566,0.520754381149953,-1.3609935277950198,0.24024257455305337,-0.32775454936309684,1.6411882726579148,-1.522675206494586,0.24103560691833537,1.5891158397743395,-1.5673400494767307,-0.0003895742822356069,1.0,0.0,0.0,1.0,0.0,0.0,1.0,0.0,0.0,0.0,1.0,0.0,0.0,0.0,0.0,1.0,0.0,0.0,92.71
-0.7220593790528383,-1.2068542998810565,1.1564127823925063,-1.016791622748018,-1.412673710475105,-1.5966650507681408,0.08017702831078759,-1.3249395974388982,0.1681832577219376,-0.953134391492278,0.6398056426318168,2.529882360268715,1.3945658446349234,-1.5445540877262616,0.0007617184624784484,0.6343796443185796,0.3333345780990805,-0.6333468876083038,1.1683332724241948,1.0,0.0,0.0,1.0,0.0,0.0,0.0,1.0,0.0,0.0,0.0,1.0,0.0,0.0,0.0,1.0,0.0,0.0,60.92
-1.6564184978937417,-0.31564195082550295,1.4084094662871471,0.7103477510049946,0.3100991071774664,0.4854888950281745,0.23144472728655655,-0.6797601825775909,-0.38986985790456596,-1.4837343496434812,1.1074792624328174,0.24024257455305337,-1.2040228199936687,-1.0135970276622321,0.7624801809410108,1.687979744497805,1.388190837906298,-0.8247389289747847,-1.5586867032241427,0.0,1.0,0.0,0.0,0.0,1.0,0.0,0.0,1.0,0.0,0.0,1.0,0.0,0.0,1.0,0.0,0.0,0.0,64.31
1.4803585439292912,-0.3665683707715353,-1.2375557146065814,-0.5233232302471649,-0.26415849870672403,1.179540210293613,-1.0842278639359364,0.9374329559892387,0.5169664549885024,-0.24566778062400715,-1.5860394801804636,1.1730587835483233,-1.657265028940516,-0.305654280910193,1.524198643419543,0.388539620943427,-0.9224466835761784,0.8059212634676325,-1.5586867032241427,0.0,1.0,1.0,0.0,0.0,0.0,1.0,0.0,0.0,0.0,0.0,1.0,0.0,0.0,0.0,0.0,1.0,0.0,27.36
0.07881986566793604,0.21908545860782858,0.21142521778760331,0.7103477510049946,1.4586143189458474,-1.5966650507681408,-1.1218467943094916,-0.4717747133130904,-0.6688964157178177,0.4028432793385745,1.3958193889266672,0.15544110100802916,1.4247819918980464,1.6411882726579148,1.524198643419543,-1.3253165420147799,1.5891158397743395,0.01738605303773124,-1.5586867032241427,1.0,0.0,0.0,0.0,1.0,0.0,0.0,0.0,0.0,1.0,0.0,0.0,0.0,1.0,1.0,0.0,0.0,0.0,28.43
0.34577961390819417,0.753812868041161,-1.1115573726592611,0.7103477510049946,-1.412673710475105,-1.2496393931354215,1.5726585922889897,-0.8962348546692138,0.23793989717525055,-1.6016454514548597,1.3501069298483739,-2.049397211162608,1.0924043720036918,0.5792741525298559,1.143339412180277,0.3182996142648119,1.237497086505267,-1.352980963146272,-0.7795381387531892,1.0,0.0,1.0,0.0,0.0,0.0,0.0,0.0,1.0,0.0,1.0,0.0,0.0,0.0,0.0,0.0,0.0,1.0,43.58
0.012079928607871505,0.7792760780141763,-1.3005548855802416,-0.7700574264976002,-0.26415849870672403,-0.9026137355027024,-1.6247524950928072,0.5681526330094114,-0.1805999395446271,-1.188956595115035,0.6503546716498845,-0.6077721608971917,1.6362950227399082,1.287216899281895,-1.522675206494586,-0.9038765019430898,-0.8219841826421577,1.6557019271348077,0.38918470795324117,0.0,1.0,0.0,1.0,0.0,0.0,0.0,0.0,1.0,0.0,0.0,0.0,1.0,0.0,0.0,1.0,0.0,0.0,43.24
-0.4550996308125802,-0.6721268904477249,0.2744243887612635,-1.016791622748018,1.4586143189458474,-0.9026137355027024,-0.6591339507147638,-1.049040505557418,-0.11084330009131417,-0.5994010860581426,-0.6014634384941469,0.24024257455305337,-1.5364004398880233,-0.48263996759820277,0.0007617184624784484,-1.437700552700564,-1.2740654368452509,-1.4142264163835458,0.38918470795324117,0.0,1.0,0.0,0.0,1.0,0.0,1.0,0.0,0.0,0.0,0.0,1.0,0.0,0.0,0.0,0.0,0.0,1.0,38.13
-0.1881398825723221,-0.26471553087947153,-0.35556732097533855,1.4505503397563009,0.3100991071774664,0.8325145526608937,-1.4602191733011005,1.3279362860368722,0.5867230944418153,-0.06880112790693943,1.3852703599085996,0.7490514158232008,-1.2040228199936687,-1.5445540877262616,0.3816209497017446,1.4842837251298215,0.4840283295001116,-0.12807189840079425,-0.0003895742822356069,0.0,1.0,0.0,0.0,1.0,0.0,0.0,0.0,0.0,1.0,0.0,0.0,0.0,1.0,0.0,1.0,0.0,0.0,37.25
-0.9890191272930965,0.1936222486348133,-0.22956897902801815,-0.27658903399672946,1.4586143189458474,0.4854888950281745,0.49061935812331253,-1.358896408747388,-1.2967061707976342,-0.7762677387752103,-0.5522346364098311,0.24024257455305337,-1.3853197035724074,-0.305654280910193,0.3816209497017446,0.8942676690294552,1.388190837906298,1.2499507994378682,0.778758990188718,1.0,0.0,0.0,1.0,0.0,0.0,0.0,0.0,1.0,0.0,0.0,1.0,0.0,0.0,0.0,0.0,1.0,0.0,67.14
1.5470984809893558,-0.34110516079851916,-1.3005548855802416,0.21687935850414136,-0.26415849870672403,0.1384632373954553,0.3678628484832906,0.6827568711755649,0.8657496522550671,0.22597662662150675,-1.167594662463779,0.9186543629132492,0.6391621630568444,-0.6596256542862126,-0.3800975127767877,-0.0890924244711553,-0.42013417890607485,-1.6362411843686637,-0.0003895742822356069,0.0,1.0,1.0,0.0,0.0,0.0,0.0,1.0,0.0,0.0,0.0,0.0,1.0,0.0,0.0,0.0,0.0,1.0,51.33
0.5459994250883877,1.5431723772046506,1.030414440445186,0.46361355475455923,-1.412673710475105,1.526565867926332,-0.3775859560242619,-0.017602362062038576,0.795993012801754,-1.6606010023605489,-0.8018949898374328,-1.5405883698924607,0.36721683768873575,1.287216899281895,-1.522675206494586,-0.5386284672142916,0.5844908304341323,0.23174513936818986,-1.1691124209886659,1.0,0.0,1.0,0.0,0.0,0.0,0.0,0.0,1.0,0.0,1.0,0.0,0.0,0.0,0.0,1.0,0.0,0.0,50.84
0.4125195509682587,0.42279113839195526,-0.41856649194899875,-1.2635258189984535,-1.412673710475105,1.526565867926332,0.2841112298095337,1.2387996563520862,-1.505976089157573,-1.1300010442093458,1.3114271567821258,0.07063962746300421,-0.509051432941836,0.9332455259058755,-0.7609567440160538,-0.42624445652850745,-0.06851542563700234,-0.8783287005573993,-0.38996385651771237,0.0,1.0,1.0,0.0,0.0,0.0,1.0,0.0,0.0,0.0,0.0,0.0,1.0,0.0,1.0,0.0,0.0,0.0,55.67
0.4125195509682587,0.6519600281490973,-1.5525515694748826,0.46361355475455923,1.4586143189458474,-0.5555880778699831,1.439804369759224,-1.286738184716847,0.5867230944418153,-0.24566778062400715,0.13345224976456818,1.3426617306383717,-1.5364004398880233,-1.0135970276622321,-0.3800975127767877,1.4140437184512065,-1.424759188246282,1.2729178444018459,-1.5586867032241427,1.0,0.0,0.0,1.0,0.0,0.0,1.0,0.0,0.0,0.0,1.0,0.0,0.0,0.0,1.0,0.0,0.0,0.0,48.73
1.6138384180494203,0.6010336082030657,0.715418585576885,-0.02985483774629404,-0.26415849870672403,1.179540210293613,-0.22255636401113743,0.5851310386636565,1.1447762100683188,1.287176542923913,0.678485415698065,-1.0317795286223141,0.4880814267412285,0.7562598392178658,-0.3800975127767877,-0.26469244116769286,-0.721521681708137,-0.9548855171039917,0.778758990188718,0.0,1.0,0.0,0.0,1.0,0.0,1.0,0.0,0.0,0.0,1.0,0.0,0.0,0.0,1.0,0.0,0.0,0.0,42.6
1.079918921568904,1.110297807663382,-1.6155507404485427,-0.7700574264976002,-0.8384161045909145,-1.5966650507681408,0.8317636583003412,0.22858451992451295,-0.25035657899794006,-0.06880112790693943,-0.05291392955462749,1.088257310003299,0.24635224863624303,-1.0135970276622321,-0.3800975127767877,0.8661716663580092,-0.6210591807741163,0.40017013577069305,-0.38996385651771237,0.0,1.0,0.0,1.0,0.0,0.0,0.0,0.0,1.0,0.0,1.0,0.0,0.0,0.0,0.0,0.0,0.0,1.0,55.73
0.6794792992085168,0.09176940874274951,0.02242770486662269,-1.2635258189984535,0.3100991071774664,-1.2496393931354215,1.2233965229260886,-0.08551598467901836,-1.43621944970426,-0.5994010860581426,-0.4924568053074475,1.088257310003299,-1.3551035563092844,0.04831709246582662,0.0007617184624784484,0.01626758554676726,1.4886533388403187,-1.161588921779791,-0.38996385651771237,0.0,1.0,0.0,0.0,1.0,0.0,0.0,0.0,0.0,1.0,0.0,1.0,0.0,0.0,0.0,1.0,0.0,0.0,67.96
-0.9890191272930965,-1.410559979665183,0.7784177565505451,0.46361355475455923,0.3100991071774664,-0.5555880778699831,0.36766485411290345,-0.04731457195696714,1.7028293256948224,0.4028432793385745,0.18619739485490658,-1.2861839492573874,1.4247819918980464,0.5792741525298559,1.524198643419543,0.8170036616829787,1.388190837906298,-1.4065707347288867,-0.38996385651771237,0.0,1.0,0.0,0.0,0.0,1.0,0.0,1.0,0.0,0.0,0.0,0.0,1.0,0.0,0.0,1.0,0.0,0.0,57.2
-1.5896785608336772,0.32093829849989236,0.02242770486662269,1.2038161435058654,-0.26415849870672403,-0.9026137355027024,-0.9836467237792734,0.7379366895518609,1.1447762100683188,-0.5994010860581426,0.9879236002280503,0.3250440480980783,-1.0529420836780528,1.4642025859699048,-0.3800975127767877,0.6343796443185796,1.4384220883733083,0.5762508138278555,-0.7795381387531892,0.0,1.0,1.0,0.0,0.0,0.0,1.0,0.0,0.0,0.0,0.0,1.0,0.0,0.0,0.0,1.0,0.0,0.0,53.04
-1.7231584349538063,-0.7485165203667725,0.3374235597349237,0.21687935850414136,-0.8384161045909145,-1.5966650507681408,-0.2748268777933403,1.4680081326843928,-0.1805999395446271,1.6998653992637378,-0.991777512162651,0.15544110100802916,0.8506751938987063,-1.3675684010382516,1.524198643419543,1.322731709769007,-1.12337168544422,1.3647860242577567,1.1683332724241948,1.0,0.0,1.0,0.0,0.0,0.0,0.0,0.0,0.0,1.0,0.0,0.0,1.0,0.0,0.0,0.0,0.0,1.0,33.03
0.4125195509682587,-0.6212004705016935,0.3374235597349237,-1.510260015248889,-1.412673710475105,-0.20856242023726393,-1.2370795178748024,-1.4055870242965616,-0.7386530551711307,0.4028432793385745,0.01389658755980115,-0.18376479317206912,1.3341335501086766,-0.12866859422218316,1.524198643419543,1.0768916863938542,-0.5708279303071059,1.7169473803720816,-0.38996385651771237,0.0,1.0,0.0,1.0,0.0,0.0,0.0,1.0,0.0,0.0,0.0,0.0,0.0,1.0,0.0,1.0,0.0,0.0,17.66
0.8796991103887104,0.4991807683110029,-0.04057146610703752,-1.016791622748018,0.8843567130616569,0.4854888950281745,-1.273906470766809,-1.6475293048695518,0.37745317608187645,0.520754381149953,1.4169174469628025,-1.5405883698924607,0.2765683958993663,-0.8366113409742223,-1.522675206494586,0.4658036282899035,-1.6759154405813337,-1.0161309703412655,1.1683332724241948,0.0,1.0,0.0,1.0,0.0,0.0,1.0,0.0,0.0,0.0,0.0,0.0,0.0,1.0,0.0,0.0,1.0,0.0,38.75
-1.1224990014132255,1.1866874375824297,-0.9855590307119406,-0.5233232302471649,0.8843567130616569,-1.2496393931354215,0.00949303808258142,1.0223249842604634,-1.1571928918910084,-0.953134391492278,1.230551267643607,-0.2685662667170933,-0.901861347362437,-1.3675684010382516,0.0007617184624784484,1.2243957004189459,-1.5754529396473131,1.5868007922428746,1.5579075546596715,0.0,1.0,0.0,0.0,1.0,0.0,0.0,1.0,0.0,0.0,0.0,0.0,1.0,0.0,0.0,0.0,0.0,1.0,36.96
1.079918921568904,-0.061009851095344826,-0.8595606887646202,1.4505503397563009,-0.26415849870672403,-0.20856242023726393,-0.457179692919889,-1.3461626045067043,1.2145328495216317,-0.7762677387752103,-0.38696651512677066,-0.18376479317206912,-0.6601321692574518,-1.5445540877262616,1.524198643419543,1.1892756970796383,1.4384220883733083,-0.028548036890224174,-1.5586867032241427,1.0,0.0,0.0,1.0,0.0,0.0,0.0,1.0,0.0,0.0,0.0,0.0,1.0,0.0,0.0,0.0,1.0,0.0,31.51
1.1466588586289685,0.21908545860782858,-0.35556732097533855,-0.27658903399672946,-0.8384161045909145,0.1384632373954553,-0.2215663921592018,1.6335475878132808,-0.041086660638001225,1.2282209920182239,0.6468383286438619,-1.7101913169825098,1.3341335501086766,0.4022884658418462,-0.3800975127767877,-0.8547084972680592,0.8858783332361945,-0.8859843822120586,-0.38996385651771237,0.0,1.0,0.0,0.0,1.0,0.0,0.0,0.0,0.0,1.0,0.0,0.0,1.0,0.0,0.0,0.0,1.0,0.0,40.55
0.14555980272800056,1.6450252170967146,0.9674152694715258,-0.5233232302471649,-0.8384161045909145,0.4854888950281745,1.1234093658805868,0.38563477222627857,-0.041086660638001225,-0.12775667881262867,-0.03884855753053725,-1.3709854228024116,-0.720564463783698,1.287216899281895,0.0007617184624784484,0.11460359489682831,-0.872215433109168,1.3877530692217344,0.38918470795324117,1.0,0.0,0.0,0.0,0.0,1.0,0.0,1.0,0.0,0.0,0.0,0.0,1.0,0.0,1.0,0.0,0.0,0.0,66.53
-0.922279190233032,0.16815903866179713,-0.16656980805435792,-1.7569942114993242,0.3100991071774664,-1.5966650507681408,-1.5382289552336306,0.49599440897887054,1.6330726862415095,0.9923987883954669,1.501309679107344,-0.9469780550772892,0.8506751938987063,-1.5445540877262616,-0.3800975127767877,-0.22957243782838538,0.8858783332361945,1.2958848893658237,1.1683332724241948,0.0,1.0,0.0,1.0,0.0,0.0,1.0,0.0,0.0,0.0,1.0,0.0,0.0,0.0,0.0,0.0,0.0,1.0,41.14
-0.9890191272930965,2.5617007761252832,-1.5525515694748826,-0.7700574264976002,-1.412673710475105,0.4854888950281745,-0.6607179056778608,-1.0405513027302957,-0.320113218451253,0.4028432793385745,1.5610875102097275,-1.1165810021673384,1.696727317266155,0.7562598392178658,-1.14181597525532,1.1752276957439154,-1.3242966873122612,-0.9701968804133102,0.38918470795324117,0.0,1.0,1.0,0.0,0.0,0.0,0.0,0.0,0.0,1.0,0.0,1.0,0.0,0.0,0.0,1.0,0.0,0.0,38.05
0.27903967684812964,0.4991807683110029,-0.16656980805435792,-1.2635258189984535,1.4586143189458474,-0.5555880778699831,-0.8672260339916397,-0.900479456082775,-1.1571928918910084,1.6998653992637378,-1.7126278283972758,0.3250440480980783,1.726943464529278,-1.0135970276622321,-1.14181597525532,0.472827628957765,-1.0229091845101992,1.3800973875670752,0.38918470795324117,1.0,0.0,0.0,1.0,0.0,0.0,0.0,0.0,1.0,0.0,1.0,0.0,0.0,0.0,0.0,0.0,1.0,0.0,40.79
1.2801387327490976,-1.868897759179468,0.715418585576885,-1.016791622748018,-0.8384161045909145,0.8325145526608937,-0.7878302914663997,0.5214620174602378,1.5633160467881964,-0.5994010860581426,-1.6106538812226217,0.9186543629132492,0.09527151232062724,0.7562598392178658,-1.14181597525532,0.37449161960770394,0.4840283295001116,-1.4601605063115013,-0.38996385651771237,0.0,1.0,1.0,0.0,0.0,0.0,0.0,0.0,1.0,0.0,0.0,1.0,0.0,0.0,0.0,0.0,0.0,1.0,60.67
-1.6564184978937417,0.6774232381221134,-1.2375557146065814,-0.02985483774629404,1.4586143189458474,-0.5555880778699831,-0.25760136756965984,1.3746269015860457,0.8657496522550671,-0.8352232896808995,1.054734117342479,-0.35336774026211826,1.1226205192668148,1.1102312125938854,-1.522675206494586,-0.34195644851416945,-0.36990292843906447,-0.7405264307735331,1.5579075546596715,1.0,0.0,0.0,0.0,1.0,0.0,0.0,0.0,0.0,1.0,0.0,1.0,0.0,0.0,0.0,1.0,0.0,0.0,61.09
1.6138384180494203,0.2954750885268762,1.6604061501817882,-0.5233232302471649,0.8843567130616569,0.1384632373954553,-1.1440221637928505,1.6208137835725973,-0.25035657899794006,0.5797099320556421,-1.2203398075541174,0.7490514158232008,1.696727317266155,-1.5445540877262616,-0.7609567440160538,-1.226980532664719,-1.0731404349772096,-0.5797571160256891,0.778758990188718,1.0,0.0,0.0,0.0,0.0,1.0,0.0,0.0,1.0,0.0,0.0,1.0,0.0,0.0,1.0,0.0,0.0,0.0,61.18
1.5470984809893558,1.2376138575284612,-1.4895523985012222,1.6972845360067186,1.4586143189458474,1.179540210293613,1.0733167901726424,-1.0447959041438568,1.2145328495216317,1.1692654411125345,-0.49597314831347006,0.9186543629132492,-0.4486191384155896,1.287216899281895,-1.522675206494586,-0.9038765019430898,0.5844908304341323,0.4384485440439892,0.38918470795324117,0.0,1.0,0.0,1.0,0.0,0.0,0.0,1.0,0.0,0.0,1.0,0.0,0.0,0.0,0.0,0.0,0.0,1.0,79.58
0.5459994250883877,0.6010336082030657,0.21142521778760331,0.95708194725543,-1.412673710475105,-0.20856242023726393,-1.2350995741709312,-1.2612705762354797,-0.1805999395446271,-0.7762677387752103,0.31981842908376384,-0.09896331962704417,-0.8716452000993138,0.7562598392178658,-0.3800975127767877,-0.15933243114977033,-1.2740654368452509,-1.5214059595487752,-1.5586867032241427,1.0,0.0,1.0,0.0,0.0,0.0,1.0,0.0,0.0,0.0,0.0,0.0,1.0,0.0,0.0,0.0,0.0,1.0,30.04
-0.25487981963238665,-0.23925232090645623,-0.5445648338963192,-0.5233232302471649,-1.412673710475105,-0.5555880778699831,0.18135215157861212,-1.524435863876276,1.6330726862415095,1.5229987465466701,-0.0951100456268982,0.4098455216431025,-1.3551035563092844,1.6411882726579148,-1.522675206494586,-0.15933243114977033,-0.1187466761040127,1.663357608789467,-1.1691124209886659,0.0,1.0,1.0,0.0,0.0,0.0,0.0,1.0,0.0,0.0,1.0,0.0,0.0,0.0,0.0,0.0,0.0,1.0,50.49
-0.6553194419927738,-1.3341703497461355,1.345410295313487,-1.016791622748018,1.4586143189458474,0.8325145526608937,0.3031186893666984,1.2345550549385251,-1.505976089157573,1.4050876447352916,-0.5065221773315377,-0.2685662667170933,-1.2644551145199148,-1.3675684010382516,-0.3800975127767877,1.61773973781919,-0.018284175169991985,-0.10510485343681654,0.38918470795324117,0.0,1.0,1.0,0.0,0.0,0.0,0.0,0.0,0.0,1.0,1.0,0.0,0.0,0.0,0.0,1.0,0.0,0.0,65.54
-0.05466000845219303,-0.2901787408524877,-1.1115573726592611,1.4505503397563009,-0.26415849870672403,1.179540210293613,1.2528976841137713,-0.7137169938860808,0.23793989717525055,0.34388772843288523,0.8789169670413509,-1.1165810021673384,1.2132689610561844,-1.0135970276622321,-0.7609567440160538,-0.17338043248549334,-0.31967167797205415,-0.7864605207014885,-1.5586867032241427,1.0,0.0,0.0,0.0,0.0,1.0,1.0,0.0,0.0,0.0,0.0,1.0,0.0,0.0,0.0,0.0,1.0,0.0,51.86
-1.2559788755333545,-0.9522222001508983,-0.8595606887646202,1.6972845360067186,-0.8384161045909145,-0.5555880778699831,-0.8276271599142132,-1.7111983260729704,-0.7386530551711307,1.6998653992637378,-1.2906666676745686,-0.7773751079872407,0.3067845431624894,0.04831709246582662,1.524198643419543,-0.039924419796124766,-0.872215433109168,0.3925144541160338,-0.0003895742822356069,1.0,0.0,0.0,0.0,1.0,0.0,0.0,0.0,0.0,1.0,0.0,0.0,0.0,1.0,0.0,0.0,1.0,0.0,13.85
0.14555980272800056,-0.6721268904477249,0.21142521778760331,-2.2504626040001776,-0.26415849870672403,-0.9026137355027024,0.6228795975419168,-0.955659274459071,-1.7152460075175118,0.4028432793385745,1.0477014313304338,0.3250440480980783,1.2737012555824305,-0.305654280910193,-1.522675206494586,1.322731709769007,1.5891158397743395,-0.6333468876083038,-1.5586867032241427,1.0,0.0,1.0,0.0,0.0,0.0,0.0,0.0,0.0,1.0,0.0,0.0,0.0,1.0,0.0,0.0,0.0,1.0,54.67
-0.05466000845219303,0.5246439782840182,-0.04057146610703752,-0.02985483774629404,1.4586143189458474,0.8325145526608937,-0.6240889471562414,-0.5609113429978763,0.3076965366285635,-1.1300010442093458,-0.7772805887952748,-0.09896331962704417,1.001755930214322,-1.0135970276622321,1.143339412180277,1.0066516797152394,1.6895783407083602,0.5685951321731962,-0.7795381387531892,1.0,0.0,1.0,0.0,0.0,0.0,0.0,0.0,0.0,1.0,1.0,0.0,0.0,0.0,0.0,0.0,0.0,1.0,35.17
-1.1224990014132255,1.6195620071236982,-0.41856649194899875,-0.27658903399672946,-0.8384161045909145,-0.20856242023726393,0.5175465924959625,1.6505259934675256,0.23793989717525055,-1.188956595115035,-0.4748750902773347,0.7490514158232008,0.5787298685305977,-1.7215397744142713,1.524198643419543,0.388539620943427,-0.16897792657102306,0.9207564882875211,0.778758990188718,0.0,1.0,1.0,0.0,0.0,0.0,0.0,1.0,0.0,0.0,0.0,1.0,0.0,0.0,0.0,1.0,0.0,0.0,43.49
-0.05466000845219303,0.32093829849989236,0.7784177565505451,0.7103477510049946,0.3100991071774664,-1.2496393931354215,1.7132345952638535,0.06304506479562501,-0.38986985790456596,0.9923987883954669,0.12290322074650051,-1.9645957376175833,0.36721683768873575,0.5792741525298559,0.7624801809410108,1.2314197010868073,-0.721521681708137,1.602112155552193,-0.0003895742822356069,0.0,1.0,1.0,0.0,0.0,0.0,1.0,0.0,0.0,0.0,1.0,0.0,0.0,0.0,1.0,0.0,0.0,0.0,41.09
0.47925948802832324,-1.3087071397731203,-0.7335623468172998,1.944018732257154,-0.26415849870672403,1.526565867926332,0.23679057528700911,-1.0193282956624896,0.5169664549885024,1.2282209920182239,0.9211130831136216,-1.7101913169825098,-1.5666165871511464,-1.0135970276622321,-1.522675206494586,-1.0443565153003198,-0.018284175169991985,-1.0773764235785395,-1.5586867032241427,1.0,0.0,0.0,0.0,1.0,0.0,1.0,0.0,0.0,0.0,1.0,0.0,0.0,0.0,0.0,0.0,0.0,1.0,36.09
1.6138384180494203,0.37186471844592384,-0.16656980805435792,-0.5233232302471649,-0.26415849870672403,1.179540210293613,0.8303776977076313,-0.5778897486521212,1.0750195706150059,1.0513543393011562,0.02092927357184627,-1.5405883698924607,1.2737012555824305,-0.48263996759820277,-0.3800975127767877,0.0724595908896593,-0.6712904312411266,1.7246030620267407,-1.5586867032241427,0.0,1.0,0.0,0.0,1.0,0.0,1.0,0.0,0.0,0.0,0.0,0.0,1.0,0.0,0.0,0.0,0.0,1.0,16.44
0.9464390474487749,1.1357610176363981,0.9674152694715258,-2.0037284077497595,1.4586143189458474,-0.9026137355027024,-1.4930862387853643,-0.5948681543063662,1.2842894889749448,-0.6583566369638318,-1.192209063505937,0.15544110100802916,-0.2975384020999738,0.5792741525298559,-1.522675206494586,1.1401076924046079,1.3379595874392876,1.3571303426030976,1.1683332724241948,0.0,1.0,0.0,0.0,1.0,0.0,0.0,1.0,0.0,0.0,0.0,1.0,0.0,0.0,1.0,0.0,0.0,0.0,51.59
-1.322718812593419,-0.6975901004207402,-1.363554056553902,0.46361355475455923,0.8843567130616569,-1.2496393931354215,0.8715605267481548,-1.6475293048695518,0.7262363733484412,-1.3068676969264135,-1.543843364108193,-1.4557868963474365,0.18591995410999693,0.9332455259058755,-0.3800975127767877,1.7511957505085587,-0.5205966798400956,-0.11276053509147577,1.5579075546596715,0.0,1.0,0.0,0.0,0.0,1.0,0.0,0.0,1.0,0.0,0.0,0.0,0.0,1.0,0.0,0.0,0.0,1.0,64.56
-1.5229386237736127,-0.21378911093344008,0.8414169275242054,1.4505503397563009,1.4586143189458474,-1.5966650507681408,0.8965078174169334,-1.2570259748219184,-0.25035657899794006,-1.7785121041719274,-1.2062744355300272,0.3250440480980783,-1.657265028940516,-0.8366113409742223,-0.7609567440160538,0.8029556603472556,1.1872658360382566,1.4107201141857122,0.778758990188718,0.0,1.0,0.0,0.0,1.0,0.0,0.0,1.0,0.0,0.0,0.0,0.0,0.0,1.0,0.0,0.0,1.0,0.0,56.76
1.5470984809893558,-0.061009851095344826,-0.16656980805435792,-0.27658903399672946,-0.26415849870672403,0.8325145526608937,0.7476160508858101,0.6445554584535136,-0.8781663340777566,1.5819542974523593,0.03851098860195907,0.7490514158232008,1.515430433687416,-0.48263996759820277,-1.14181597525532,1.3016597077654224,-1.5754529396473131,1.53321102066026,-0.7795381387531892,1.0,0.0,0.0,1.0,0.0,0.0,0.0,1.0,0.0,0.0,0.0,0.0,0.0,1.0,0.0,0.0,0.0,1.0,46.71
1.213398795689033,-0.8758325702318516,-0.22956897902801815,-0.7700574264976002,-0.8384161045909145,-0.9026137355027024,0.2076854028401007,-1.3079611917846532,-1.2967061707976342,-1.6606010023605489,1.3290088718122386,1.5122646777284217,1.3945658446349234,-1.5445540877262616,-1.522675206494586,-0.19445243448907784,0.8858783332361945,-1.452504824656842,0.38918470795324117,1.0,0.0,0.0,1.0,0.0,0.0,0.0,0.0,0.0,1.0,1.0,0.0,0.0,0.0,0.0,0.0,1.0,0.0,66.95
-1.055759064353161,0.5755703982300505,-1.1745565436329213,-0.5233232302471649,0.8843567130616569,0.4854888950281745,0.13739740135266879,-0.9301916659777035,-1.2269495313443213,-0.5994010860581426,-0.1478551907172366,1.427463204183396,0.12548765958375055,1.4642025859699048,0.3816209497017446,1.6739317431620822,0.08217832576402873,-1.5214059595487752,-0.7795381387531892,0.0,1.0,0.0,1.0,0.0,0.0,1.0,0.0,0.0,0.0,0.0,1.0,0.0,0.0,0.0,1.0,0.0,0.0,58.02
0.14555980272800056,-0.21378911093344008,1.030414440445186,0.7103477510049946,1.4586143189458474,-1.5966650507681408,0.059783608160912986,-0.5227099302758252,0.1681832577219376,-0.4814899842467641,-0.9601304251084479,-0.6925736344422158,0.24635224863624303,-0.305654280910193,0.7624801809410108,0.9645076757080703,1.2877283369722774,-1.2381457383263834,-0.38996385651771237,1.0,0.0,0.0,0.0,0.0,1.0,1.0,0.0,0.0,0.0,0.0,0.0,1.0,0.0,0.0,1.0,0.0,0.0,57.74
0.6127393621484523,0.3464015084729076,-0.6075640048699794,-0.5233232302471649,1.4586143189458474,-1.5966650507681408,-1.5695120657547974,0.8567855291315751,1.3540461284282577,-1.3068676969264135,0.4675048353367114,-1.7101913169825098,0.6995944575830905,-1.0135970276622321,0.3816209497017446,0.1075795942289668,-0.5708279303071059,0.6757746753384255,-0.38996385651771237,1.0,0.0,0.0,0.0,1.0,0.0,0.0,0.0,1.0,0.0,0.0,0.0,0.0,1.0,0.0,0.0,1.0,0.0,12.3
-0.12139994551225756,-0.9776854101239145,-1.1115573726592611,0.21687935850414136,-0.26415849870672403,1.179540210293613,-1.3932970761102497,0.26254133123300283,1.2145328495216317,1.3461320938296022,1.0828648613906593,-0.6925736344422158,-0.8414290528361906,-1.0135970276622321,1.524198643419543,0.7327156536686407,-1.2238341863782405,-0.25821848653000123,-0.7795381387531892,1.0,0.0,0.0,0.0,1.0,0.0,0.0,0.0,1.0,0.0,0.0,1.0,0.0,0.0,0.0,0.0,1.0,0.0,14.51
-0.38835969375251567,-0.5193476306096296,-0.9855590307119406,-0.02985483774629404,-0.26415849870672403,0.8325145526608937,-1.2568789549135158,0.6233324513857075,-1.1571928918910084,-0.7173121878695211,-0.7561825307591394,1.0034558364582733,-0.9622936418886833,1.4642025859699048,1.524198643419543,-0.01885241779254026,-0.721521681708137,-1.062065060269221,0.38918470795324117,0.0,1.0,1.0,0.0,0.0,0.0,0.0,0.0,0.0,1.0,0.0,0.0,0.0,1.0,1.0,0.0,0.0,0.0,44.95
0.6127393621484523,0.6519600281490973,1.5344078082344677,-0.02985483774629404,0.3100991071774664,-0.9026137355027024,0.1472971198720254,0.211606114270268,-0.041086660638001225,0.8155321356783991,-0.14082250470519148,-0.43816921380714247,0.6089460157937213,-1.1905827143502419,-1.14181597525532,0.5079476322970725,-1.3745279377792716,0.01738605303773124,-0.0003895742822356069,0.0,1.0,0.0,0.0,1.0,0.0,1.0,0.0,0.0,0.0,0.0,0.0,1.0,0.0,0.0,0.0,1.0,0.0,33.97
-1.1224990014132255,-0.4684212106635982,-1.3005548855802416,0.7103477510049946,1.4586143189458474,0.1384632373954553,-0.8440606926563452,0.6063540457314625,-0.6688964157178177,1.4050876447352916,-0.22521473684973292,-0.01416184608201998,-1.3853197035724074,0.9332455259058755,-1.14181597525532,-0.20147643515693936,-0.36990292843906447,-0.4189878012778452,1.5579075546596715,0.0,1.0,0.0,1.0,0.0,0.0,0.0,0.0,1.0,0.0,0.0,1.0,0.0,0.0,0.0,0.0,1.0,0.0,70.61
0.6794792992085168,1.6704884270697298,0.715418585576885,-0.5233232302471649,-0.26415849870672403,-0.9026137355027024,-1.3178612209927525,-1.7069537246594093,-1.0874362524376953,0.8744876865840884,-1.438353073927516,-0.6077721608971917,-0.17667381304748106,0.9332455259058755,1.524198643419543,-1.0162605126288737,0.3835658285660909,-0.28118553149397896,1.5579075546596715,1.0,0.0,0.0,1.0,0.0,0.0,0.0,0.0,1.0,0.0,1.0,0.0,0.0,0.0,0.0,0.0,0.0,1.0,45.48
-1.18923893847329,-0.49388442063661436,-1.5525515694748826,-0.5233232302471649,-1.412673710475105,-0.5555880778699831,-1.2261898275035104,1.4467851256165867,-1.0176796129843824,1.2282209920182239,1.6525124283663142,1.5970661512734459,-0.02559307673186525,0.9332455259058755,-1.522675206494586,-1.592228567393517,-0.47036542937308523,1.1657383012366167,-0.7795381387531892,0.0,1.0,0.0,0.0,0.0,1.0,1.0,0.0,0.0,0.0,1.0,0.0,0.0,0.0,1.0,0.0,0.0,0.0,60.56
-0.1881398825723221,0.14269582868878097,1.1564127823925063,0.7103477510049946,0.8843567130616569,-1.5966650507681408,0.11264810505427726,-1.337673401679582,0.37745317608187645,-0.7173121878695211,-0.9636467681144705,-1.0317795286223141,-0.41840299115246626,-0.6596256542862126,0.0007617184624784484,1.1330836917367464,0.9361095837032049,-1.1539332401251319,1.5579075546596715,0.0,1.0,0.0,0.0,1.0,0.0,0.0,1.0,0.0,0.0,0.0,0.0,0.0,1.0,0.0,0.0,1.0,0.0,49.19
0.5459994250883877,0.8556657079332239,0.1484260468139431,-1.016791622748018,-1.412673710475105,-0.20856242023726393,1.550681217176018,-0.335947468079131,-0.9479229735310695,-0.4814899842467641,0.8648515950172607,0.07063962746300421,-1.113374378204299,1.287216899281895,-1.522675206494586,-0.6229164752286296,-1.5754529396473131,-1.1386218768158134,-0.7795381387531892,1.0,0.0,0.0,0.0,0.0,1.0,0.0,0.0,1.0,0.0,0.0,0.0,0.0,1.0,0.0,0.0,1.0,0.0,76.49
1.4803585439292912,-1.5378760295302623,-0.04057146610703752,-1.016791622748018,0.8843567130616569,-1.5966650507681408,-0.7622890176864596,0.9034761446807489,0.37745317608187645,-0.24566778062400715,1.0195706872822532,1.088257310003299,-0.509051432941836,-1.7215397744142713,0.7624801809410108,-1.592228567393517,0.7854158323021737,1.242295117783209,-0.38996385651771237,0.0,1.0,0.0,0.0,1.0,0.0,1.0,0.0,0.0,0.0,0.0,1.0,0.0,0.0,0.0,0.0,1.0,0.0,32.31
0.5459994250883877,-1.868897759179468,-1.1115573726592611,-1.2635258189984535,1.4586143189458474,-1.5966650507681408,1.555433082065309,-0.23832163556722266,-0.8084096946244436,-0.24566778062400715,0.12290322074650051,1.8514705719085183,-0.5694837274680821,-1.3675684010382516,1.524198643419543,-0.31386044584272343,-1.17360293591123,0.9054451249782026,-1.5586867032241427,0.0,1.0,1.0,0.0,0.0,0.0,0.0,0.0,1.0,0.0,0.0,0.0,1.0,0.0,0.0,0.0,0.0,1.0,39.88
1.4136186068692267,-1.639728869422326,0.9044160984978656,0.7103477510049946,0.3100991071774664,1.526565867926332,-1.577827829311057,1.4977203425793215,1.2842894889749448,0.4617988302442637,-0.30960696899427437,-0.6925736344422158,-0.02559307673186525,-0.48263996759820277,0.3816209497017446,1.7582197511764202,0.28310332763207013,-0.5338230260977338,-0.0003895742822356069,1.0,0.0,1.0,0.0,0.0,0.0,0.0,0.0,0.0,1.0,0.0,0.0,0.0,1.0,0.0,0.0,0.0,1.0,40.48
0.6127393621484523,1.2121506475554458,-1.741549082395863,-0.02985483774629404,-0.26415849870672403,0.4854888950281745,1.075890716987675,-0.12796199881463052,0.44720981553518935,0.284932177527196,-0.7104700716808462,1.0034558364582733,0.6089460157937213,-1.7215397744142713,-1.14181597525532,-0.9460205059502588,-1.0731404349772096,-0.9701968804133102,1.5579075546596715,1.0,0.0,0.0,1.0,0.0,0.0,0.0,0.0,1.0,0.0,0.0,1.0,0.0,0.0,0.0,0.0,0.0,1.0,69.68
-0.5885795049327093,-0.6466636804747087,1.2824111243398268,-1.2635258189984535,-0.26415849870672403,0.1384632373954553,1.0176803720938583,1.2557780620063312,1.7028293256948224,-1.1300010442093458,-0.2533454808979134,-0.6925736344422158,1.6060788754767852,-0.6596256542862126,0.3816209497017446,-1.5430605627184866,-0.9224466835761784,-1.2993911915636573,-1.1691124209886659,1.0,0.0,1.0,0.0,0.0,0.0,1.0,0.0,0.0,0.0,0.0,0.0,1.0,0.0,0.0,1.0,0.0,0.0,39.94
1.4803585439292912,2.510774356179253,1.1564127823925063,0.7103477510049946,-0.26415849870672403,-1.2496393931354215,1.3861478953843112,1.0393033899147084,-0.5991397762645048,1.4050876447352916,-0.5381692643857408,1.427463204183396,-1.2342389672567917,-0.6596256542862126,1.524198643419543,-1.4096045500291179,0.6849533313681531,1.7016360170627631,-0.38996385651771237,0.0,1.0,0.0,0.0,0.0,1.0,0.0,0.0,1.0,0.0,0.0,0.0,0.0,1.0,0.0,0.0,0.0,1.0,68.53
0.8129591733286459,-0.6721268904477249,1.4714086372608075,-0.5233232302471649,1.4586143189458474,-1.2496393931354215,-0.04653936873697698,1.6165691821590358,0.6564797338951281,-0.24566778062400715,1.0019889722521405,1.766669098363494,1.2737012555824305,-0.48263996759820277,-0.7609567440160538,-1.4447245533684254,-1.726146691048344,-0.3730537113498898,-1.1691124209886659,0.0,1.0,0.0,0.0,0.0,1.0,0.0,0.0,0.0,1.0,0.0,0.0,0.0,1.0,0.0,0.0,1.0,0.0,61.72
0.34577961390819417,0.09176940874274951,0.5894202436295646,-0.7700574264976002,0.8843567130616569,0.4854888950281745,1.413075129756961,1.4298067199623419,-1.7152460075175118,0.8744876865840884,0.7699103338546516,-0.9469780550772892,-0.7507806110468211,1.4642025859699048,1.524198643419543,0.5992596409792721,-1.17360293591123,-0.8630173372480809,1.1683332724241948,0.0,1.0,0.0,0.0,0.0,1.0,0.0,0.0,0.0,1.0,0.0,1.0,0.0,0.0,0.0,0.0,0.0,1.0,79.4
-0.1881398825723221,1.4922459572586193,-0.29256815000167835,-0.27658903399672946,-0.26415849870672403,-1.5966650507681408,-1.4942742050076872,1.3321808874504333,0.23793989717525055,0.1670210757158175,0.6257402706077266,0.6642499422781758,0.3067845431624894,1.1102312125938854,1.143339412180277,1.0347476823866852,1.5891158397743395,0.7140530836117217,1.5579075546596715,1.0,0.0,0.0,0.0,1.0,0.0,0.0,0.0,1.0,0.0,0.0,0.0,0.0,1.0,0.0,0.0,0.0,1.0,43.17
-0.25487981963238665,1.950583736772904,1.5974069792081278,1.4505503397563009,-1.412673710475105,-1.2496393931354215,1.3037822373032641,0.7676488994467893,-1.505976089157573,0.10806552481012828,1.2411002966616747,1.088257310003299,0.1557038068468736,0.04831709246582662,0.7624801809410108,-0.545652467882153,0.5342595799671219,-1.3147025548729758,-0.7795381387531892,1.0,0.0,0.0,0.0,0.0,1.0,0.0,0.0,1.0,0.0,1.0,0.0,0.0,0.0,1.0,0.0,0.0,0.0,76.72
0.34577961390819417,2.0015101567189366,1.1564127823925063,-0.5233232302471649,-0.26415849870672403,0.8325145526608937,-1.6926645641355935,-0.46753011189952925,-0.1805999395446271,-0.1867122297183179,1.7404210035168781,-0.35336774026211826,0.18591995410999693,0.7562598392178658,1.143339412180277,-0.8898285006073667,0.6849533313681531,1.1810496645459352,1.5579075546596715,0.0,1.0,0.0,1.0,0.0,0.0,0.0,0.0,0.0,1.0,0.0,0.0,1.0,0.0,0.0,0.0,1.0,0.0,47.69
0.6794792992085168,1.1357610176363981,0.1484260468139431,0.46361355475455923,1.4586143189458474,0.1384632373954553,-1.4063647045558005,-1.3546518073338267,0.1681832577219376,-0.009845577001250197,1.6419633993482465,0.5794484687331517,0.760026752109337,-0.305654280910193,0.3816209497017446,-0.6510124779000755,-1.2238341863782405,0.23174513936818986,0.38918470795324117,0.0,1.0,0.0,0.0,1.0,0.0,0.0,0.0,0.0,1.0,0.0,0.0,1.0,0.0,0.0,0.0,0.0,1.0,19.7
-0.9890191272930965,0.9575185478252877,0.7784177565505451,0.7103477510049946,0.3100991071774664,-1.2496393931354215,0.6947515539924457,0.6233324513857075,-0.6688964157178177,0.04910997390443904,-0.25686182390393597,0.5794484687331517,-0.41840299115246626,1.1102312125938854,-0.7609567440160538,-1.662468574072132,-1.17360293591123,-1.1462775584704725,0.38918470795324117,1.0,0.0,0.0,0.0,1.0,0.0,0.0,1.0,0.0,0.0,1.0,0.0,0.0,0.0,0.0,1.0,0.0,0.0,57.25
1.4803585439292912,0.5246439782840182,1.0934136114188462,0.46361355475455923,-1.412673710475105,0.4854888950281745,1.0430236515034113,1.6080799793319136,-0.9479229735310695,1.1103098902068453,1.4661462490471184,2.0210735189985685,-0.6299160219943284,0.04831709246582662,0.7624801809410108,-1.479844556707733,-1.3745279377792716,-0.08213780847283883,0.778758990188718,1.0,0.0,0.0,0.0,1.0,0.0,0.0,1.0,0.0,0.0,0.0,1.0,0.0,0.0,1.0,0.0,0.0,0.0,54.02
-0.922279190233032,0.7028864480951296,1.345410295313487,1.2038161435058654,-0.26415849870672403,-0.5555880778699831,-0.7399156538327137,0.7506704937925444,-0.320113218451253,-0.6583566369638318,-1.0023265411807187,-2.049397211162608,1.2132689610561844,-0.8366113409742223,-0.3800975127767877,-0.6861324812393831,1.1370345855712463,1.602112155552193,-0.0003895742822356069,1.0,0.0,0.0,0.0,1.0,0.0,0.0,0.0,0.0,1.0,1.0,0.0,0.0,0.0,0.0,0.0,0.0,1.0,32.27
-0.25487981963238665,-0.6466636804747087,-0.16656980805435792,-0.7700574264976002,-0.26415849870672403,-1.2496393931354215,0.8470092248201504,1.438295922789464,1.3540461284282577,0.520754381149953,0.6820017587040875,-0.09896331962704417,-0.9925097891518064,-0.305654280910193,0.0007617184624784484,0.36044361827198096,0.4337970790331012,-0.08213780847283883,0.38918470795324117,1.0,0.0,1.0,0.0,0.0,0.0,0.0,0.0,1.0,0.0,1.0,0.0,0.0,0.0,1.0,0.0,0.0,0.0,64.01
-0.12139994551225756,-0.926758990177883,1.2824111243398268,-1.016791622748018,-0.8384161045909145,0.1384632373954553,-0.7167503124974193,1.0138357814333407,-0.5991397762645048,0.22597662662150675,0.7171651887643131,-1.2861839492573874,-1.113374378204299,1.287216899281895,1.143339412180277,1.1120116897331618,1.6895783407083602,0.21643377605887137,-1.5586867032241427,0.0,1.0,0.0,0.0,0.0,1.0,1.0,0.0,0.0,0.0,0.0,0.0,1.0,0.0,1.0,0.0,0.0,0.0,54.44
0.5459994250883877,-0.086473061068361,1.345410295313487,-1.016791622748018,0.8843567130616569,1.179540210293613,-0.5490490807795183,-1.1636447437235715,1.005262931161693,-0.009845577001250197,-0.7983786468314102,-0.01416184608201998,-1.687481176203639,1.6411882726579148,0.7624801809410108,0.35341961760411944,0.3333345780990805,-0.4189878012778452,-0.7795381387531892,1.0,0.0,1.0,0.0,0.0,0.0,0.0,0.0,1.0,0.0,0.0,1.0,0.0,0.0,0.0,1.0,0.0,0.0,50.07
0.9464390474487749,-0.26471553087947153,-1.4895523985012222,-0.27658903399672946,-1.412673710475105,1.179540210293613,0.9931290701658538,-0.8707672461878462,-0.8781663340777566,1.5819542974523593,1.726355631492788,-0.7773751079872407,-1.0227259364149297,-1.5445540877262616,0.7624801809410108,1.1541556937403308,-0.6712904312411266,0.3083019559147822,1.5579075546596715,0.0,1.0,1.0,0.0,0.0,0.0,0.0,0.0,1.0,0.0,0.0,0.0,0.0,1.0,0.0,1.0,0.0,0.0,43.98
0.2122997397880651,-0.5448108405826458,-0.5445648338963192,-1.016791622748018,-0.8384161045909145,0.8325145526608937,-0.6302267726382426,-0.5566667415843151,0.44720981553518935,-0.009845577001250197,0.9351784551377119,-0.2685662667170933,0.06505536505750417,-1.1905827143502419,1.143339412180277,-0.461364459867815,0.4337970790331012,0.8288883084316102,-0.0003895742822356069,0.0,1.0,0.0,0.0,0.0,1.0,0.0,1.0,0.0,0.0,1.0,0.0,0.0,0.0,0.0,1.0,0.0,0.0,43.51
-0.6553194419927738,0.6264968181760819,1.4714086372608075,0.21687935850414136,0.3100991071774664,-0.9026137355027024,1.2453738980390603,-1.1424217366557652,0.795993012801754,0.4028432793385745,-1.6036211952105763,-0.862176581532265,0.12548765958375055,1.287216899281895,-0.7609567440160538,1.421067719119068,-0.6712904312411266,0.05566446131102742,-0.0003895742822356069,0.0,1.0,0.0,0.0,1.0,0.0,0.0,1.0,0.0,0.0,1.0,0.0,0.0,0.0,0.0,0.0,1.0,0.0,48.76
1.4803585439292912,0.88112891790624,0.7784177565505451,-0.02985483774629404,0.8843567130616569,-0.9026137355027024,-0.9733510165191425,0.2582967298194417,1.7028293256948224,-0.5404455351524533,-0.4186136021809737,0.15544110100802916,-0.8716452000993138,-1.7215397744142713,-0.7609567440160538,-0.461364459867815,-0.1187466761040127,0.12456559620296054,1.1683332724241948,1.0,0.0,0.0,0.0,0.0,1.0,0.0,1.0,0.0,0.0,0.0,1.0,0.0,0.0,1.0,0.0,0.0,0.0,63.76
-0.4550996308125802,0.015379778823701893,-1.1115573726592611,0.95708194725543,-1.412673710475105,-1.2496393931354215,0.6179297382822385,1.5953461750912297,-0.7386530551711307,0.8155321356783991,-0.01423415648837933,1.088257310003299,-1.5061842926249003,0.04831709246582662,-1.14181597525532,-1.2761485373397494,-1.0229091845101992,0.40017013577069305,-1.1691124209886659,1.0,0.0,1.0,0.0,0.0,0.0,0.0,0.0,0.0,1.0,1.0,0.0,0.0,0.0,0.0,0.0,0.0,1.0,59.8
1.4136186068692267,1.4158563273395717,1.5974069792081278,0.21687935850414136,-0.26415849870672403,-0.20856242023726393,1.0861864242478059,0.869519333372259,-0.9479229735310695,0.5797099320556421,-0.8194767048675455,-0.35336774026211826,0.8506751938987063,-1.3675684010382516,-1.522675206494586,-1.1637645266539653,1.3379595874392876,-0.6103798426443261,0.778758990188718,1.0,0.0,1.0,0.0,0.0,0.0,0.0,0.0,0.0,1.0,0.0,1.0,0.0,0.0,0.0,1.0,0.0,0.0,76.24
-0.12139994551225756,-1.2577807198270887,0.2744243887612635,-0.5233232302471649,-1.412673710475105,-0.5555880778699831,0.5391279788681599,-0.2765230482892737,1.6330726862415095,-1.3068676969264135,0.13696859277059076,1.427463204183396,0.8808913411618293,-0.48263996759820277,0.3816209497017446,1.2173716997510844,0.7351845818351633,-1.1692446034344504,1.5579075546596715,1.0,0.0,1.0,0.0,0.0,0.0,0.0,0.0,1.0,0.0,0.0,0.0,0.0,1.0,0.0,1.0,0.0,0.0,61.98
-0.32161975669245113,-0.2901787408524877,1.345410295313487,0.46361355475455923,-0.26415849870672403,0.4854888950281745,-1.6597974986513295,-1.6984645218322867,-0.7386530551711307,1.2282209920182239,1.5188913941374569,1.088257310003299,1.726943464529278,-1.0135970276622321,0.3816209497017446,0.9855796777116548,-0.21920917703803341,1.7016360170627631,0.778758990188718,0.0,1.0,1.0,0.0,0.0,0.0,0.0,0.0,1.0,0.0,0.0,1.0,0.0,0.0,1.0,0.0,0.0,0.0,28.26
-0.922279190233032,-0.8249061502858193,0.5894202436295646,-1.016791622748018,0.8843567130616569,-0.5555880778699831,-1.0826439089728395,-0.6500479726826623,0.5867230944418153,-1.3068676969264135,-1.6493336542888697,2.0210735189985685,1.3945658446349234,1.6411882726579148,1.143339412180277,-1.1005485206432117,0.08217832576402873,0.6834303569930847,-0.0003895742822356069,1.0,0.0,0.0,0.0,1.0,0.0,1.0,0.0,0.0,0.0,0.0,0.0,0.0,1.0,1.0,0.0,0.0,0.0,27.7
-0.5218395678726447,-1.996213809044547,-0.10357063708069772,-0.02985483774629404,-0.26415849870672403,1.179540210293613,0.5680351569446812,0.0715342676227473,-1.366462810250947,-0.953134391492278,-1.3645098708010424,0.4098455216431025,1.4549981391611695,-1.0135970276622321,0.3816209497017446,-0.36302845051775395,0.9863408341702151,1.3111962526751422,0.38918470795324117,1.0,0.0,0.0,1.0,0.0,0.0,0.0,0.0,1.0,0.0,0.0,1.0,0.0,0.0,1.0,0.0,0.0,0.0,55.55
1.4803585439292912,-0.16286269098740863,0.3374235597349237,0.21687935850414136,0.3100991071774664,-1.2496393931354215,0.9699637288305594,-0.6160911613741724,-0.5991397762645048,-1.0710454933036564,-0.8827708789759516,-0.09896331962704417,1.031972077477445,0.04831709246582662,0.3816209497017446,-1.6554445734042706,1.6393470902413498,-0.3730537113498898,-0.38996385651771237,0.0,1.0,0.0,0.0,1.0,0.0,0.0,0.0,1.0,0.0,1.0,0.0,0.0,0.0,0.0,0.0,0.0,1.0,46.81
0.6127393621484523,-0.21378911093344008,-0.8595606887646202,0.21687935850414136,1.4586143189458474,0.1384632373954553,1.553651132731825,-1.337673401679582,1.5633160467881964,-0.5404455351524533,1.4450481910109831,-1.6253898434374858,0.3974329849518588,0.2253027791538364,-1.522675206494586,1.1471316930724693,-0.9726779340431888,0.8671667167049064,0.778758990188718,1.0,0.0,0.0,0.0,0.0,1.0,0.0,1.0,0.0,0.0,0.0,0.0,0.0,1.0,0.0,0.0,1.0,0.0,64.45
-0.9890191272930965,1.4667827472856039,0.21142521778760331,0.46361355475455923,-0.26415849870672403,0.4854888950281745,-1.588717519682349,-0.21285402708585527,1.6330726862415095,-0.8941788405865888,1.3395579008303062,-0.7773751079872407,-1.294671261783038,-0.305654280910193,0.7624801809410108,-1.1075725213110734,0.13240957623103908,-0.8706730189027401,-1.5586867032241427,0.0,1.0,1.0,0.0,0.0,0.0,0.0,1.0,0.0,0.0,1.0,0.0,0.0,0.0,0.0,0.0,1.0,0.0,25.4
0.9464390474487749,0.5501071882570343,-0.48156566292265895,-0.7700574264976002,0.3100991071774664,-0.5555880778699831,1.5558290708060833,-0.8537888405336015,-0.38986985790456596,0.04910997390443904,0.7874920488847643,-0.18376479317206912,0.42764913221498213,0.4022884658418462,0.7624801809410108,0.1356755969004128,0.2328720771650598,-0.15103894336477194,-0.38996385651771237,0.0,1.0,0.0,0.0,1.0,0.0,0.0,1.0,0.0,0.0,0.0,0.0,0.0,1.0,0.0,1.0,0.0,0.0,40.12
-0.5218395678726447,-1.1304646699620098,1.0934136114188462,1.2038161435058654,1.4586143189458474,0.1384632373954553,0.7343504280698722,1.3703823001724842,-1.1571928918910084,-1.719556553266238,-0.8405747629036809,-0.09896331962704417,-1.5666165871511464,1.6411882726579148,1.524198643419543,1.421067719119068,0.5844908304341323,-0.2888412131486382,-0.7795381387531892,0.0,1.0,0.0,1.0,0.0,0.0,0.0,1.0,0.0,0.0,0.0,1.0,0.0,0.0,0.0,0.0,1.0,0.0,67.43
-0.9890191272930965,1.797804476934809,-1.4895523985012222,1.6972845360067186,0.8843567130616569,0.4854888950281745,1.6500743911103584,-1.3716302129880718,-1.43621944970426,-0.3046233315296964,-1.230888836572185,2.3602794131786666,1.3341335501086766,-1.3675684010382516,0.7624801809410108,1.0909396877295774,-0.42013417890607485,0.5226610422452408,-0.38996385651771237,0.0,1.0,0.0,0.0,1.0,0.0,0.0,1.0,0.0,0.0,0.0,1.0,0.0,0.0,0.0,0.0,0.0,1.0,36.97
-1.18923893847329,1.1612242276094136,-1.426553227527562,-1.510260015248889,0.8843567130616569,-0.5555880778699831,1.456435896871743,-1.5499034723576435,-0.1805999395446271,-1.0120899423979672,1.1320936634749752,-0.18376479317206912,-0.08602537125811162,0.4022884658418462,1.143339412180277,1.1049876890653003,0.6849533313681531,0.8059212634676325,-1.5586867032241427,0.0,1.0,0.0,1.0,0.0,0.0,1.0,0.0,0.0,0.0,0.0,1.0,0.0,0.0,0.0,0.0,1.0,0.0,42.99
-1.322718812593419,0.4991807683110029,0.5894202436295646,-1.2635258189984535,-1.412673710475105,0.8325145526608937,1.1915194292937603,-1.6984645218322867,0.5169664549885024,1.6409098483580484,0.5729951255173882,-1.794992790527534,0.6693783103199674,0.04831709246582662,-0.3800975127767877,0.11460359489682831,-1.7763779415153544,-1.000819607031947,-1.1691124209886659,0.0,1.0,0.0,0.0,0.0,1.0,1.0,0.0,0.0,0.0,0.0,0.0,1.0,0.0,0.0,0.0,0.0,1.0,45.56
0.07881986566793604,-0.31564195082550295,-0.41856649194899875,-0.02985483774629404,0.3100991071774664,1.179540210293613,-0.2950223035728278,-0.6033573571334886,0.8657496522550671,0.4028432793385745,-0.14433884771121405,0.6642499422781758,-1.5666165871511464,0.04831709246582662,1.524198643419543,1.0558196843902699,0.6849533313681531,0.27767922929614525,1.5579075546596715,0.0,1.0,0.0,1.0,0.0,0.0,1.0,0.0,0.0,0.0,0.0,0.0,1.0,0.0,0.0,1.0,0.0,0.0,53.48
-0.8555392531729674,-1.0540750400429622,-0.6705631758436396,-0.27658903399672946,0.3100991071774664,-1.5966650507681408,1.6574001828146823,0.5257066188737993,-0.8084096946244436,0.1670210757158175,1.023087030288276,0.5794484687331517,0.09527151232062724,1.6411882726579148,-1.522675206494586,-1.3744845466898106,-0.872215433109168,0.7599871735396772,0.778758990188718,0.0,1.0,0.0,0.0,1.0,0.0,0.0,1.0,0.0,0.0,0.0,0.0,0.0,1.0,1.0,0.0,0.0,0.0,64.09
0.27903967684812964,-0.4684212106635982,-0.9225598597382804,1.944018732257154,-0.8384161045909145,0.4854888950281745,0.6765360719168296,0.7634042980332282,-0.5991397762645048,-1.3658232478321026,-0.6506922405784626,-0.5229706873521667,-0.6903483165205748,-0.6596256542862126,1.143339412180277,0.6905716496614717,1.1370345855712463,1.6403905638254892,0.38918470795324117,1.0,0.0,1.0,0.0,0.0,0.0,0.0,0.0,0.0,1.0,0.0,0.0,1.0,0.0,0.0,0.0,0.0,1.0,49.17
1.6805783551094848,1.0339081777443344,-1.1745565436329213,0.21687935850414136,-0.8384161045909145,1.179540210293613,1.134299056251879,-0.17465261436380422,-0.45962649735787886,0.284932177527196,1.7298719744988105,2.1906764660886164,-0.7507806110468211,1.1102312125938854,-0.7609567440160538,1.7933397545157277,1.5891158397743395,-0.12807189840079425,-1.1691124209886659,1.0,0.0,0.0,1.0,0.0,0.0,0.0,1.0,0.0,0.0,0.0,1.0,0.0,0.0,1.0,0.0,0.0,0.0,77.5
-0.5218395678726447,1.823267686907825,1.0934136114188462,1.4505503397563009,1.4586143189458474,1.526565867926332,1.0101565860191473,0.6063540457314625,0.5169664549885024,-0.5994010860581426,0.02796195958389139,-1.9645957376175833,-0.3881868438893432,0.9332455259058755,-1.522675206494586,-1.0443565153003198,1.538884589307329,-1.3070468732183165,-1.5586867032241427,1.0,0.0,0.0,1.0,0.0,0.0,0.0,1.0,0.0,0.0,0.0,0.0,1.0,0.0,0.0,1.0,0.0,0.0,72.88
1.3468786698091622,1.4922459572586193,-0.9855590307119406,-2.0037284077497595,1.4586143189458474,-0.20856242023726393,-1.3736956334419237,-0.4929977203808967,-1.7152460075175118,1.4640431956409807,0.4569558063186437,1.2578602570933475,-1.7479134707298853,0.5792741525298559,-1.14181597525532,1.6528597411584975,0.2328720771650598,0.9666905782154764,-1.1691124209886659,1.0,0.0,0.0,0.0,1.0,0.0,1.0,0.0,0.0,0.0,0.0,0.0,1.0,0.0,0.0,0.0,0.0,1.0,36.03
-0.7220593790528383,-0.5957372605286773,0.1484260468139431,0.7103477510049946,-0.8384161045909145,-1.2496393931354215,-0.37798194476503616,0.5511742273551665,-0.8781663340777566,0.8744876865840884,-1.7020787993792081,-0.2685662667170933,-0.11624151852123467,-1.7215397744142713,0.3816209497017446,1.2876117064296995,-1.3242966873122612,-0.31946393976727516,0.778758990188718,0.0,1.0,1.0,0.0,0.0,0.0,0.0,1.0,0.0,0.0,1.0,0.0,0.0,0.0,0.0,0.0,0.0,1.0,37.16
-1.4561986867135481,-1.2323175098540726,0.0854268758402829,-0.7700574264976002,1.4586143189458474,1.526565867926332,0.8535430390429257,-1.5796156822525722,1.4238027678815706,0.6976210338670207,-1.487581876011832,-0.9469780550772892,-0.05580922399498857,0.04831709246582662,0.0007617184624784484,1.2876117064296995,-0.42013417890607485,1.6480462454801486,-1.1691124209886659,1.0,0.0,1.0,0.0,0.0,0.0,1.0,0.0,0.0,0.0,0.0,0.0,0.0,1.0,0.0,0.0,1.0,0.0,33.04
0.5459994250883877,0.06630619876973425,-1.6155507404485427,-0.7700574264976002,-0.26415849870672403,0.1384632373954553,0.4696319548622765,-0.38688268504186585,0.09842661826862466,1.4640431956409807,0.7382632468004485,2.445080886723691,1.2434851083193075,0.4022884658418462,-0.7609567440160538,-0.1312364284783243,-0.1187466761040127,0.6145292221011517,-0.7795381387531892,0.0,1.0,0.0,0.0,1.0,0.0,0.0,1.0,0.0,0.0,0.0,0.0,0.0,1.0,0.0,0.0,0.0,1.0,36.64
-0.9890191272930965,-1.894360969152484,0.0854268758402829,-0.27658903399672946,-0.8384161045909145,0.4854888950281745,1.257253560262288,0.9713897672977286,-1.366462810250947,-0.1867122297183179,0.6995834737342004,0.7490514158232008,-0.17667381304748106,-1.7215397744142713,1.524198643419543,0.2550836082540584,0.13240957623103908,-1.6821752742966192,1.1683332724241948,1.0,0.0,1.0,0.0,0.0,0.0,0.0,0.0,1.0,0.0,0.0,0.0,0.0,1.0,0.0,1.0,0.0,0.0,56.12
-0.12139994551225756,0.24454866858084476,-1.426553227527562,-1.510260015248889,0.3100991071774664,-1.2496393931354215,-0.4439140701039512,1.0095911800197797,-1.366462810250947,0.8744876865840884,0.2916876850355834,-0.35336774026211826,-0.47883528567871264,-1.5445540877262616,1.143339412180277,-1.6835405760757167,0.9863408341702151,1.7322587436814,0.778758990188718,1.0,0.0,1.0,0.0,0.0,0.0,0.0,0.0,0.0,1.0,0.0,0.0,1.0,0.0,1.0,0.0,0.0,0.0,39.9
1.6805783551094848,-0.23925232090645623,0.02242770486662269,0.46361355475455923,-0.26415849870672403,-1.2496393931354215,-1.3828033744797317,0.7167136824840549,0.5169664549885024,0.75657658477271,-1.4910982190178546,-0.35336774026211826,1.696727317266155,-0.305654280910193,-0.7609567440160538,-0.7985164919251672,0.7854158323021737,1.3494746609484383,1.5579075546596715,1.0,0.0,0.0,1.0,0.0,0.0,0.0,0.0,0.0,1.0,0.0,1.0,0.0,0.0,0.0,0.0,0.0,1.0,54.5
-0.38835969375251567,-0.570274050555661,-1.3005548855802416,0.21687935850414136,1.4586143189458474,1.526565867926332,1.1901334687010503,-1.0235728970760507,0.3076965366285635,0.9923987883954669,0.7945247348968094,0.24024257455305337,0.24635224863624303,0.4022884658418462,-1.14181597525532,0.5641396376399646,-1.6759154405813337,-1.062065060269221,-0.38996385651771237,0.0,1.0,0.0,0.0,0.0,1.0,1.0,0.0,0.0,0.0,1.0,0.0,0.0,0.0,0.0,1.0,0.0,0.0,66.62
0.6127393621484523,-1.7161184993413727,0.9674152694715258,0.21687935850414136,0.8843567130616569,1.526565867926332,0.9622419483854613,-0.8750118476014076,1.4238027678815706,-1.4837343496434812,1.476695278065186,-0.5229706873521667,-0.11624151852123467,-1.0135970276622321,1.143339412180277,0.044363588218213276,-0.6712904312411266,-0.06682644516352036,0.778758990188718,1.0,0.0,0.0,1.0,0.0,0.0,0.0,0.0,1.0,0.0,0.0,0.0,0.0,1.0,0.0,1.0,0.0,0.0,49.16
-0.25487981963238665,0.44825434836497147,1.030414440445186,0.95708194725543,-1.412673710475105,-1.5966650507681408,0.6133758677633344,1.6675043991217706,0.6564797338951281,-0.6583566369638318,1.7158066024747203,1.3426617306383717,-0.02559307673186525,-0.305654280910193,0.0007617184624784484,-0.0961164251390168,-0.9726779340431888,-1.4448491430021828,-1.5586867032241427,0.0,1.0,1.0,0.0,0.0,0.0,0.0,0.0,0.0,1.0,0.0,0.0,1.0,0.0,0.0,0.0,0.0,1.0,53.08
-0.7220593790528383,-0.6212004705016935,0.9044160984978656,1.4505503397563009,-0.8384161045909145,-0.5555880778699831,0.1455151705385412,-1.3631410101609494,-0.1805999395446271,-0.009845577001250197,-0.2955415969701841,0.07063962746300421,1.0621882247405687,0.4022884658418462,1.524198643419543,0.5922356403114105,-0.5205966798400956,-1.322358236527635,-1.1691124209886659,0.0,1.0,0.0,0.0,1.0,0.0,1.0,0.0,0.0,0.0,0.0,1.0,0.0,0.0,0.0,0.0,1.0,0.0,20.83
0.8129591733286459,-1.2832439298001042,0.9674152694715258,-0.27658903399672946,0.8843567130616569,0.4854888950281745,-0.25166153645804584,-1.0999757225201527,-1.0874362524376953,0.10806552481012828,0.09125613369229747,1.0034558364582733,-0.5694837274680821,-1.0135970276622321,-1.522675206494586,-0.7844684905894441,-0.9224466835761784,0.5073496789359223,0.778758990188718,1.0,0.0,0.0,0.0,0.0,1.0,0.0,1.0,0.0,0.0,1.0,0.0,0.0,0.0,0.0,0.0,0.0,1.0,69.53
1.213398795689033,-2.3781619586397844,0.2744243887612635,0.46361355475455923,1.4586143189458474,1.179540210293613,0.026124565195100518,-1.2740043804761634,-0.45962649735787886,0.75657658477271,-1.311764725710704,0.15544110100802916,-0.3881868438893432,0.7562598392178658,-0.7609567440160538,-0.10314042580687831,0.4840283295001116,0.8135769451222917,-1.1691124209886659,1.0,0.0,0.0,0.0,0.0,1.0,0.0,1.0,0.0,0.0,1.0,0.0,0.0,0.0,0.0,0.0,0.0,1.0,61.72
1.0131789845088395,-0.11193627104137717,-0.7335623468172998,0.21687935850414136,0.3100991071774664,-0.9026137355027024,-1.1428341975705276,-0.6033573571334886,0.1681832577219376,-1.424778798737792,1.1707734365412235,0.833852889368225,0.8808913411618293,-0.6596256542862126,0.0007617184624784484,-0.461364459867815,1.6895783407083602,0.27767922929614525,0.38918470795324117,1.0,0.0,0.0,0.0,0.0,1.0,0.0,0.0,1.0,0.0,0.0,0.0,0.0,1.0,0.0,0.0,1.0,0.0,55.19
0.8129591733286459,1.7214148470157622,1.2194119533661667,0.46361355475455923,-1.412673710475105,0.4854888950281745,-0.08277233851782216,-1.0023498900082446,-0.1805999395446271,-1.3658232478321026,-1.6212029102406893,1.3426617306383717,-1.5061842926249003,0.5792741525298559,-1.14181597525532,0.5641396376399646,-0.26944042750504377,0.270023547641486,1.5579075546596715,0.0,1.0,0.0,1.0,0.0,0.0,0.0,0.0,0.0,1.0,0.0,0.0,0.0,1.0,0.0,1.0,0.0,0.0,75.55
-0.8555392531729674,1.594098797150683,-1.1115573726592611,0.46361355475455923,0.8843567130616569,0.4854888950281745,0.6242655581346267,-0.026091564889161048,-1.505976089157573,-1.3068676969264135,0.09125613369229747,1.6818676248184699,1.2434851083193075,0.9332455259058755,-0.7609567440160538,0.4798516296256265,-1.3745279377792716,1.2652621627471867,-0.0003895742822356069,1.0,0.0,1.0,0.0,0.0,0.0,0.0,1.0,0.0,0.0,0.0,1.0,0.0,0.0,0.0,0.0,0.0,1.0,51.72
0.27903967684812964,-0.5448108405826458,-0.9855590307119406,1.4505503397563009,-1.412673710475105,0.4854888950281745,0.04691397408574939,-0.09824978891970197,-0.38986985790456596,-1.719556553266238,-0.03181587151849213,0.4946469951881267,-0.26732225483685046,-0.8366113409742223,-0.3800975127767877,1.0206996810509623,-0.06851542563700234,0.3772030908067153,0.778758990188718,0.0,1.0,0.0,1.0,0.0,0.0,1.0,0.0,0.0,0.0,0.0,0.0,1.0,0.0,0.0,0.0,1.0,0.0,53.59
-1.4561986867135481,-0.6975901004207402,1.345410295313487,-0.5233232302471649,-0.8384161045909145,-1.2496393931354215,-1.1956986944638919,1.344914691691117,-0.45962649735787886,-0.8352232896808995,-1.0023265411807187,-0.862176581532265,0.2765683958993663,-1.5445540877262616,-0.3800975127767877,-1.4868685573755944,1.1872658360382566,-0.3118082581126159,-1.5586867032241427,0.0,1.0,1.0,0.0,0.0,0.0,0.0,1.0,0.0,0.0,0.0,1.0,0.0,0.0,1.0,0.0,0.0,0.0,40.27
0.5459994250883877,0.3973279284189391,-1.1115573726592611,-1.510260015248889,1.4586143189458474,0.1384632373954553,-0.8127775821351784,-1.596594087906817,1.1447762100683188,1.2282209920182239,0.622223927601704,-0.18376479317206912,0.8808913411618293,0.9332455259058755,1.524198643419543,-1.2410285340004419,1.3379595874392876,-1.452504824656842,1.1683332724241948,1.0,0.0,1.0,0.0,0.0,0.0,0.0,1.0,0.0,0.0,0.0,0.0,0.0,1.0,1.0,0.0,0.0,0.0,40.56
-0.25487981963238665,-1.1050014599889935,0.1484260468139431,-0.7700574264976002,0.3100991071774664,-1.2496393931354215,-0.9163286378476484,-0.628824965614856,0.09842661826862466,0.8155321356783991,0.30575305705967365,-0.01416184608201998,-0.8112129055730675,1.4642025859699048,-1.522675206494586,-0.2576684404998314,0.7854158323021737,0.3236133192241007,1.5579075546596715,1.0,0.0,0.0,1.0,0.0,0.0,0.0,0.0,0.0,1.0,0.0,1.0,0.0,0.0,0.0,0.0,1.0,0.0,75.76
0.14555980272800056,0.21908545860782858,-0.04057146610703752,0.7103477510049946,1.4586143189458474,0.1384632373954553,-1.4887303626368475,0.30923194678217614,0.5867230944418153,0.34388772843288523,1.6841595154205171,-0.6077721608971917,1.3341335501086766,-1.0135970276622321,1.524198643419543,-0.9951885106252892,0.5844908304341323,0.691086038647744,-0.0003895742822356069,0.0,1.0,0.0,0.0,1.0,0.0,0.0,0.0,0.0,1.0,0.0,0.0,1.0,0.0,0.0,1.0,0.0,0.0,16.48
1.079918921568904,0.7028864480951296,0.9674152694715258,-0.02985483774629404,-1.412673710475105,1.526565867926332,-0.04396544192194426,0.33894415667710487,-1.505976089157573,0.6386654829613314,-0.36938480009665786,-0.7773751079872407,1.666511170003032,-1.1905827143502419,1.524198643419543,0.54306763563638,1.237497086505267,-1.3989150530742274,0.38918470795324117,0.0,1.0,0.0,0.0,1.0,0.0,1.0,0.0,0.0,0.0,1.0,0.0,0.0,0.0,0.0,0.0,1.0,0.0,29.62
-1.055759064353161,1.1612242276094136,-1.426553227527562,-0.5233232302471649,0.8843567130616569,-0.9026137355027024,-1.3721116784788265,-0.08551598467901836,0.8657496522550671,0.75657658477271,-0.28147622494609387,0.15544110100802916,-0.02559307673186525,0.5792741525298559,0.3816209497017446,-1.4868685573755944,-0.6210591807741163,0.6528076303744478,1.1683332724241948,0.0,1.0,1.0,0.0,0.0,0.0,0.0,0.0,1.0,0.0,1.0,0.0,0.0,0.0,0.0,1.0,0.0,0.0,37.75
-0.5885795049327093,-0.1883259009604239,0.7784177565505451,-1.016791622748018,-0.8384161045909145,-1.2496393931354215,-0.2999721628325061,1.0562817955689534,-1.2967061707976342,-0.8352232896808995,1.230551267643607,-1.0317795286223141,1.515430433687416,-0.8366113409742223,-1.522675206494586,0.9153396710330397,1.0868033351042359,-0.0974491717821573,-0.38996385651771237,1.0,0.0,1.0,0.0,0.0,0.0,0.0,0.0,1.0,0.0,1.0,0.0,0.0,0.0,1.0,0.0,0.0,0.0,50.17
1.3468786698091622,-0.2901787408524877,-0.79656151779096,0.21687935850414136,-0.8384161045909145,0.1384632373954553,-1.0947215655664546,-1.50321285680847,1.5633160467881964,1.287176542923913,-0.4291626311990414,-1.2013824757123632,-1.7479134707298853,-0.48263996759820277,0.3816209497017446,-0.36302845051775395,1.388190837906298,0.3772030908067153,-1.1691124209886659,0.0,1.0,0.0,0.0,0.0,1.0,0.0,1.0,0.0,0.0,1.0,0.0,0.0,0.0,0.0,0.0,0.0,1.0,46.02
-0.9890191272930965,-0.9776854101239145,-1.5525515694748826,0.7103477510049946,1.4586143189458474,-1.2496393931354215,-0.990576526742823,1.0520371941553919,-1.2967061707976342,0.4028432793385745,-0.4889404623014249,-1.7101913169825098,1.3643496973718003,-1.3675684010382516,1.143339412180277,-1.2410285340004419,-0.31967167797205415,-0.6639696142269408,1.1683332724241948,1.0,0.0,0.0,0.0,1.0,0.0,1.0,0.0,0.0,0.0,0.0,0.0,0.0,1.0,0.0,0.0,1.0,0.0,15.93
-1.18923893847329,-0.926758990177883,0.4004227307085839,0.21687935850414136,0.8843567130616569,-0.20856242023726393,-0.5472671314460341,-0.034580767716283524,1.7028293256948224,0.22597662662150675,1.589218254257908,0.4946469951881267,-0.6601321692574518,-1.1905827143502419,0.0007617184624784484,1.210347699083223,-0.36990292843906447,-1.0390980153052434,-1.1691124209886659,0.0,1.0,0.0,0.0,1.0,0.0,0.0,0.0,1.0,0.0,0.0,0.0,0.0,1.0,1.0,0.0,0.0,0.0,31.51
-1.1224990014132255,-0.31564195082550295,1.2194119533661667,-0.27658903399672946,0.8843567130616569,-1.2496393931354215,0.4377548612299482,-1.2612705762354797,0.028669978815311713,1.6998653992637378,-0.5487182934038084,0.3250440480980783,-0.6601321692574518,-1.7215397744142713,0.0007617184624784484,0.42365962428273446,-1.3242966873122612,-1.2458014199810428,-0.0003895742822356069,0.0,1.0,0.0,0.0,1.0,0.0,0.0,0.0,1.0,0.0,0.0,0.0,1.0,0.0,0.0,0.0,0.0,1.0,40.2
1.1466588586289685,0.2954750885268762,-0.16656980805435792,0.21687935850414136,-1.412673710475105,-0.9026137355027024,1.308138113451781,1.2939794747283822,0.028669978815311713,0.9334432374897776,1.4028520749387123,-0.35336774026211826,-0.9622936418886833,-1.5445540877262616,-1.522675206494586,-0.053972421131847775,0.13240957623103908,-0.44961052789648215,0.38918470795324117,1.0,0.0,0.0,0.0,1.0,0.0,0.0,1.0,0.0,0.0,0.0,0.0,1.0,0.0,1.0,0.0,0.0,0.0,57.14
-0.6553194419927738,0.8556657079332239,-1.0485582016856008,0.21687935850414136,1.4586143189458474,-0.9026137355027024,-1.3734976390715365,0.48750520615174825,-0.45962649735787886,0.4617988302442637,1.4555972200290508,1.0034558364582733,-0.6601321692574518,0.4022884658418462,-1.522675206494586,0.24805960758619688,0.9361095837032049,-1.6821752742966192,-0.0003895742822356069,0.0,1.0,0.0,0.0,1.0,0.0,1.0,0.0,0.0,0.0,0.0,0.0,1.0,0.0,0.0,0.0,1.0,0.0,49.09
0.7462192362685813,-0.9012957802048669,-1.1115573726592611,0.21687935850414136,1.4586143189458474,0.1384632373954553,0.38053448818806707,-1.1594001423100102,-1.1571928918910084,-0.06880112790693943,-0.7139864146868687,-1.0317795286223141,-0.9925097891518064,-0.305654280910193,1.143339412180277,-0.2857644431712774,-0.42013417890607485,-1.5903070944407083,0.38918470795324117,1.0,0.0,0.0,1.0,0.0,0.0,0.0,0.0,1.0,0.0,0.0,0.0,1.0,0.0,0.0,0.0,1.0,0.0,48.74
-1.322718812593419,1.4413195373125878,0.5264210726559043,-1.2635258189984535,-0.26415849870672403,0.1384632373954553,-0.9307822268859091,-1.6008386893203783,-0.38986985790456596,-1.4837343496434812,1.6560287713723367,0.4098455216431025,1.3945658446349234,0.2253027791538364,0.0007617184624784484,1.8073877558514508,-0.9224466835761784,-0.9242627904853548,0.38918470795324117,1.0,0.0,1.0,0.0,0.0,0.0,0.0,0.0,0.0,1.0,0.0,1.0,0.0,0.0,0.0,0.0,0.0,1.0,37.38
1.2801387327490976,-0.3665683707715353,-0.22956897902801815,0.21687935850414136,1.4586143189458474,1.526565867926332,-1.6546496450212642,-1.2358029677541122,1.1447762100683188,-1.6016454514548597,1.6630614573843818,0.07063962746300421,1.3643496973718003,-0.12866859422218316,1.143339412180277,0.7537876556722252,0.2328720771650598,0.2470565026775083,-0.7795381387531892,0.0,1.0,0.0,1.0,0.0,0.0,0.0,0.0,0.0,1.0,0.0,0.0,1.0,0.0,0.0,0.0,1.0,0.0,28.59
-0.922279190233032,-0.11193627104137717,-0.6705631758436396,-0.5233232302471649,-0.8384161045909145,-0.9026137355027024,0.44666460789736917,0.3516779609177887,1.3540461284282577,1.1692654411125345,-1.2379215225842302,-0.7773751079872407,-1.3853197035724074,-0.12866859422218316,-1.14181597525532,-0.12421242781046281,1.4384220883733083,0.01738605303773124,-0.7795381387531892,1.0,0.0,0.0,0.0,0.0,1.0,0.0,1.0,0.0,0.0,1.0,0.0,0.0,0.0,1.0,0.0,0.0,0.0,72.61
0.8796991103887104,-0.8503693602588354,-0.6075640048699794,0.95708194725543,-1.412673710475105,-0.9026137355027024,-0.9733510165191425,-1.1084649253472754,1.7028293256948224,0.34388772843288523,1.620865341312111,-0.5229706873521667,-1.2644551145199148,1.287216899281895,-0.3800975127767877,-1.1216205226467963,0.4840283295001116,-0.0974491717821573,1.5579075546596715,1.0,0.0,0.0,1.0,0.0,0.0,0.0,1.0,0.0,0.0,1.0,0.0,0.0,0.0,0.0,0.0,0.0,1.0,60.43
1.0131789845088395,-2.3781619586397844,-0.35556732097533855,0.21687935850414136,0.8843567130616569,-1.5966650507681408,0.5193285418294467,-0.9471700716319484,-0.6688964157178177,0.22597662662150675,-0.6753066416206206,-0.6077721608971917,1.2434851083193075,0.2253027791538364,1.524198643419543,-1.381508547357672,1.1872658360382566,-1.5290616412034344,-0.7795381387531892,0.0,1.0,0.0,0.0,1.0,0.0,0.0,1.0,0.0,0.0,1.0,0.0,0.0,0.0,0.0,0.0,0.0,1.0,33.67
-1.18923893847329,0.8047392879871925,1.6604061501817882,0.7103477510049946,1.4586143189458474,0.4854888950281745,1.5219720334698839,-1.6305508992153068,-0.5991397762645048,1.5819542974523593,-1.6844970843490954,0.24024257455305337,-0.35797069662622016,0.9332455259058755,-0.7609567440160538,-1.0794765186396273,-1.3745279377792716,0.0939428695843236,-0.7795381387531892,1.0,0.0,0.0,0.0,1.0,0.0,0.0,1.0,0.0,0.0,0.0,1.0,0.0,0.0,1.0,0.0,0.0,0.0,49.72
1.5470984809893558,0.6519600281490973,0.5894202436295646,-0.27658903399672946,-1.412673710475105,0.8325145526608937,0.14452519868660554,0.7379366895518609,-0.25035657899794006,1.5229987465466701,0.6046422125715912,0.5794484687331517,-1.1738066727305454,-0.8366113409742223,0.3816209497017446,-0.39814845385706144,0.4337970790331012,-0.7022480225002369,-1.1691124209886659,1.0,0.0,0.0,0.0,0.0,1.0,0.0,0.0,1.0,0.0,0.0,0.0,1.0,0.0,0.0,1.0,0.0,0.0,64.16
0.012079928607871505,-0.3665683707715353,1.5974069792081278,-0.27658903399672946,1.4586143189458474,-1.2496393931354215,0.8614628138584111,1.0350587885011473,-0.8781663340777566,-1.3068676969264135,-0.22521473684973292,-0.43816921380714247,0.03483921779438112,-0.12866859422218316,0.7624801809410108,0.9293876723687627,1.1872658360382566,-0.49554461782443754,0.778758990188718,1.0,0.0,1.0,0.0,0.0,0.0,1.0,0.0,0.0,0.0,1.0,0.0,0.0,0.0,0.0,0.0,0.0,1.0,63.68
-1.6564184978937417,-0.010083431149313378,-0.6705631758436396,1.4505503397563009,0.8843567130616569,-0.5555880778699831,0.5987242843546866,0.9883681729519735,-0.9479229735310695,-1.4837343496434812,1.1707734365412235,-0.7773751079872407,-0.2975384020999738,0.7562598392178658,-0.7609567440160538,-0.37707645185347693,-0.42013417890607485,-0.38070939300454903,-0.38996385651771237,0.0,1.0,0.0,1.0,0.0,0.0,0.0,1.0,0.0,0.0,1.0,0.0,0.0,0.0,0.0,1.0,0.0,0.0,62.13
-1.4561986867135481,0.44825434836497147,-0.16656980805435792,0.46361355475455923,0.3100991071774664,1.526565867926332,-1.5429808201229216,-1.2824935833032858,-1.0874362524376953,-1.0710454933036564,1.3079108137761033,0.15544110100802916,-0.9925097891518064,-0.305654280910193,-1.522675206494586,0.023291586214628762,-1.6759154405813337,-1.5749957311313898,-1.5586867032241427,1.0,0.0,0.0,0.0,0.0,1.0,0.0,1.0,0.0,0.0,1.0,0.0,0.0,0.0,1.0,0.0,0.0,0.0,48.52
0.14555980272800056,-1.6906552893683575,-1.426553227527562,-0.7700574264976002,0.8843567130616569,0.4854888950281745,-1.661777442355201,1.3534038945182396,-1.7152460075175118,1.6409098483580484,-0.3236723410183646,-1.7101913169825098,0.760026752109337,-1.5445540877262616,-1.14181597525532,-1.381508547357672,0.7351845818351633,1.1274598929633204,0.38918470795324117,0.0,1.0,0.0,0.0,0.0,1.0,0.0,0.0,1.0,0.0,1.0,0.0,0.0,0.0,1.0,0.0,0.0,0.0,48.65
0.6794792992085168,-0.6212004705016935,-1.5525515694748826,0.95708194725543,0.8843567130616569,0.8325145526608937,-0.06673479451646445,0.5681526330094114,0.44720981553518935,-0.5404455351524533,-1.3469281557709296,-0.01416184608201998,0.4578652794781052,1.287216899281895,0.7624801809410108,0.1005555935611053,-1.424759188246282,1.6786689720987855,-0.0003895742822356069,0.0,1.0,0.0,0.0,0.0,1.0,0.0,1.0,0.0,0.0,0.0,0.0,0.0,1.0,0.0,0.0,0.0,1.0,47.73
0.7462192362685813,0.7283496580681449,0.9674152694715258,-0.5233232302471649,0.8843567130616569,-1.5966650507681408,-1.2907359922497152,1.3321808874504333,0.3076965366285635,-0.1867122297183179,-0.02478318550644701,1.5970661512734459,-1.4155358508355305,0.2253027791538364,0.7624801809410108,0.7678356570079482,1.6895783407083602,0.6987417203024032,-1.1691124209886659,1.0,0.0,1.0,0.0,0.0,0.0,0.0,1.0,0.0,0.0,0.0,0.0,1.0,0.0,0.0,0.0,1.0,0.0,47.47
-0.5218395678726447,-1.3596335597191516,1.4084094662871471,0.21687935850414136,1.4586143189458474,-0.5555880778699831,-1.1242227267541371,-0.1958756214316103,-1.2269495313443213,-0.06880112790693943,1.3923030459206447,-0.6925736344422158,1.4549981391611695,-1.3675684010382516,-1.522675206494586,1.168203695076054,1.1370345855712463,1.0968371663446834,0.38918470795324117,1.0,0.0,1.0,0.0,0.0,0.0,1.0,0.0,0.0,0.0,0.0,0.0,1.0,0.0,0.0,0.0,0.0,1.0,38.67
-1.2559788755333545,0.21908545860782858,0.02242770486662269,1.6972845360067186,-0.26415849870672403,0.1384632373954553,0.9030416316397087,-0.2298324327401002,-0.320113218451253,1.2282209920182239,-0.47839143328335726,-0.18376479317206912,0.18591995410999693,-0.6596256542862126,0.7624801809410108,-1.2761485373397494,1.237497086505267,-0.2888412131486382,-1.5586867032241427,1.0,0.0,0.0,0.0,0.0,1.0,0.0,0.0,0.0,1.0,0.0,1.0,0.0,0.0,0.0,0.0,1.0,0.0,60.94
1.4136186068692267,-1.4614863996112146,0.3374235597349237,-1.510260015248889,0.8843567130616569,-0.9026137355027024,-1.4437856405589684,0.9501667602299225,-0.25035657899794006,0.284932177527196,-1.2062744355300272,1.0034558364582733,-0.8716452000993138,-0.305654280910193,0.3816209497017446,-0.9670925079538433,1.0868033351042359,1.2882292077111643,-0.7795381387531892,0.0,1.0,1.0,0.0,0.0,0.0,0.0,1.0,0.0,0.0,0.0,0.0,0.0,1.0,0.0,1.0,0.0,0.0,38.7
1.213398795689033,0.3973279284189391,-0.7335623468172998,-0.27658903399672946,-0.8384161045909145,-0.20856242023726393,-0.7991159705784662,-1.3970978214694392,-0.5293831368111919,-1.719556553266238,1.3606559588664415,0.7490514158232008,-1.0227259364149297,-0.48263996759820277,0.3816209497017446,0.6624756469900256,1.6895783407083602,1.53321102066026,-0.38996385651771237,1.0,0.0,0.0,0.0,1.0,0.0,0.0,0.0,1.0,0.0,0.0,1.0,0.0,0.0,0.0,0.0,1.0,0.0,34.76
-1.7231584349538063,-0.11193627104137717,0.9044160984978656,0.46361355475455923,-0.8384161045909145,1.526565867926332,-0.8913813471788699,0.054555861968502345,-1.6454893680641989,1.5819542974523593,0.7874920488847643,0.07063962746300421,-1.2644551145199148,-0.8366113409742223,0.7624801809410108,-1.6062765687292402,-1.2238341863782405,0.8518553533955879,-0.7795381387531892,1.0,0.0,0.0,1.0,0.0,0.0,1.0,0.0,0.0,0.0,1.0,0.0,0.0,0.0,0.0,0.0,0.0,1.0,34.45
-0.32161975669245113,-1.7415817093143888,0.9044160984978656,0.7103477510049946,-1.412673710475105,1.179540210293613,-1.017503761115473,1.124195418185933,1.5633160467881964,0.284932177527196,-0.6506922405784626,-0.09896331962704417,-0.26732225483685046,-1.7215397744142713,0.7624801809410108,0.4096116229470115,-1.3745279377792716,1.6786689720987855,0.38918470795324117,1.0,0.0,1.0,0.0,0.0,0.0,0.0,0.0,1.0,0.0,0.0,1.0,0.0,0.0,0.0,0.0,1.0,0.0,30.95
1.6805783551094848,1.110297807663382,1.5344078082344677,-1.2635258189984535,-0.26415849870672403,-0.9026137355027024,0.3031186893666984,1.1029724111181267,1.2842894889749448,-1.3658232478321026,0.14400127878263588,-1.2861839492573874,-1.2644551145199148,0.5792741525298559,-1.522675206494586,-1.1637645266539653,0.6347220809011427,-0.29649689480329744,-0.38996385651771237,1.0,0.0,0.0,0.0,0.0,1.0,1.0,0.0,0.0,0.0,1.0,0.0,0.0,0.0,1.0,0.0,0.0,0.0,77.92
-0.6553194419927738,-0.8249061502858193,-0.79656151779096,-1.510260015248889,-1.412673710475105,-0.20856242023726393,1.6722497605937172,1.5316771538878113,-1.1571928918910084,0.8155321356783991,-1.519228963066035,0.4946469951881267,-0.2975384020999738,0.9332455259058755,0.0007617184624784484,-0.0890924244711553,-0.9726779340431888,-0.6103798426443261,-1.5586867032241427,1.0,0.0,0.0,1.0,0.0,0.0,1.0,0.0,0.0,0.0,1.0,0.0,0.0,0.0,0.0,1.0,0.0,0.0,60.0
-1.322718812593419,-0.9012957802048669,-1.678549911422203,0.95708194725543,-0.8384161045909145,0.8325145526608937,-1.0553206858594153,0.6572892626941973,-1.575732728610886,0.6386654829613314,-0.200600335807575,-1.3709854228024116,-1.2342389672567917,0.9332455259058755,1.143339412180277,-0.53160446654643,0.8858783332361945,-1.3682923264555904,-0.0003895742822356069,0.0,1.0,1.0,0.0,0.0,0.0,0.0,1.0,0.0,0.0,0.0,0.0,1.0,0.0,1.0,0.0,0.0,0.0,40.1
-0.12139994551225756,0.1172326187157657,0.3374235597349237,-0.7700574264976002,-0.8384161045909145,0.1384632373954553,-0.9127647391806801,-1.010839092835367,0.028669978815311713,1.1103098902068453,-1.6563663403009148,-2.1341986847076324,0.5485137212674747,-1.1905827143502419,1.143339412180277,-1.2410285340004419,0.3835658285660909,-1.6132741394046861,-0.0003895742822356069,0.0,1.0,0.0,0.0,0.0,1.0,0.0,1.0,0.0,0.0,0.0,0.0,1.0,0.0,1.0,0.0,0.0,0.0,36.92
1.213398795689033,1.0848345976903668,1.6604061501817882,-0.7700574264976002,0.3100991071774664,-0.5555880778699831,-0.9004890882166778,-1.6475293048695518,-0.320113218451253,-1.3068676969264135,1.3465905868423513,1.0034558364582733,0.9715397829511989,-0.8366113409742223,-0.7609567440160538,-1.479844556707733,-0.21920917703803341,-1.6438968660233229,1.5579075546596715,1.0,0.0,0.0,1.0,0.0,0.0,0.0,1.0,0.0,0.0,0.0,0.0,1.0,0.0,1.0,0.0,0.0,0.0,56.39
-1.5229386237736127,-1.1304646699620098,-1.3005548855802416,1.4505503397563009,0.8843567130616569,0.8325145526608937,1.2818048621902924,-0.08551598467901836,0.3076965366285635,-1.7785121041719274,-0.38696651512677066,0.4098455216431025,0.1557038068468736,0.7562598392178658,-0.7609567440160538,-1.0303085139645969,-0.06851542563700234,-1.092687786887858,1.1683332724241948,1.0,0.0,0.0,1.0,0.0,0.0,0.0,0.0,0.0,1.0,0.0,0.0,1.0,0.0,1.0,0.0,0.0,0.0,76.2
0.6127393621484523,-0.03554664112232955,-0.9855590307119406,-0.02985483774629404,-0.8384161045909145,-0.9026137355027024,0.04513202475226521,0.02908825348713512,0.1681832577219376,-1.0710454933036564,-0.8687055069518614,0.9186543629132492,0.6089460157937213,-0.48263996759820277,0.7624801809410108,-1.297220539343334,0.6347220809011427,0.5685951321731962,1.1683332724241948,1.0,0.0,0.0,0.0,1.0,0.0,0.0,0.0,0.0,1.0,0.0,0.0,1.0,0.0,0.0,0.0,1.0,0.0,42.47
-1.3894587496534836,0.3464015084729076,0.8414169275242054,-0.02985483774629404,1.4586143189458474,-0.9026137355027024,-1.5804017561260897,-0.900479456082775,0.7262363733484412,1.1103098902068453,1.4415318480049606,-0.7773751079872407,1.515430433687416,-1.7215397744142713,-0.3800975127767877,-0.9741165086217047,0.8858783332361945,-0.46492189120580063,-0.0003895742822356069,1.0,0.0,1.0,0.0,0.0,0.0,0.0,0.0,1.0,0.0,0.0,0.0,0.0,1.0,1.0,0.0,0.0,0.0,29.06
0.27903967684812964,0.6264968181760819,-1.3005548855802416,-0.27658903399672946,1.4586143189458474,-0.5555880778699831,1.3047722091551999,-1.2909827861304084,0.028669978815311713,-0.953134391492278,-1.4735165039877418,0.4946469951881267,0.4578652794781052,0.4022884658418462,0.3816209497017446,0.486875630293488,-1.0229091845101992,0.6068735404464924,1.1683332724241948,0.0,1.0,0.0,1.0,0.0,0.0,0.0,1.0,0.0,0.0,0.0,0.0,1.0,0.0,0.0,0.0,1.0,0.0,57.7
-0.5218395678726447,0.09176940874274951,0.0854268758402829,-1.2635258189984535,-1.412673710475105,1.179540210293613,0.4516144671570475,0.27527513547368665,0.5867230944418153,0.04910997390443904,-0.15137153372325918,-0.43816921380714247,-0.47883528567871264,1.287216899281895,1.524198643419543,-0.7633964885858596,-1.2238341863782405,-0.05151508185420188,0.778758990188718,1.0,0.0,0.0,0.0,1.0,0.0,0.0,0.0,0.0,1.0,0.0,1.0,0.0,0.0,1.0,0.0,0.0,0.0,40.58
1.1466588586289685,-0.4684212106635982,0.21142521778760331,0.7103477510049946,-1.412673710475105,-0.20856242023726393,-0.6389385249352764,0.8780085361993816,-1.2269495313443213,0.1670210757158175,-1.462967474969674,-0.35336774026211826,-0.17667381304748106,1.287216899281895,-1.14181597525532,-0.18040443315335483,-1.424759188246282,0.19346673109489365,-1.5586867032241427,0.0,1.0,0.0,0.0,1.0,0.0,0.0,1.0,0.0,0.0,1.0,0.0,0.0,0.0,0.0,0.0,0.0,1.0,32.72
0.8129591733286459,-0.926758990177883,0.4634219016822441,0.46361355475455923,0.8843567130616569,0.8325145526608937,-1.0800699821578068,1.6590151962946484,-1.0874362524376953,0.6976210338670207,0.7241978747763582,1.0034558364582733,1.2434851083193075,0.4022884658418462,-1.14181597525532,-1.2340045333325804,-0.7717529321751474,-1.483127551275479,0.778758990188718,0.0,1.0,0.0,1.0,0.0,0.0,0.0,0.0,0.0,1.0,0.0,0.0,1.0,0.0,1.0,0.0,0.0,0.0,67.62
0.012079928607871505,-0.010083431149313378,1.1564127823925063,0.21687935850414136,0.8843567130616569,0.1384632373954553,-1.160059707794208,0.8610301305451367,1.5633160467881964,-0.009845577001250197,0.3444328301259218,-0.18376479317206912,-1.294671261783038,0.5792741525298559,0.3816209497017446,1.5685717331441595,0.5844908304341323,0.3772030908067153,1.1683332724241948,1.0,0.0,1.0,0.0,0.0,0.0,0.0,0.0,0.0,1.0,0.0,0.0,0.0,1.0,0.0,0.0,0.0,1.0,54.72
-1.1224990014132255,-1.181391089908041,0.0854268758402829,-0.02985483774629404,0.3100991071774664,-0.9026137355027024,0.9167032431964208,0.9798789701248509,1.2145328495216317,-1.0120899423979672,-0.3588357710785902,-0.6925736344422158,-0.6299160219943284,0.04831709246582662,-0.7609567440160538,-0.4543404591999535,-1.424759188246282,-0.6869366591909185,-0.7795381387531892,0.0,1.0,1.0,0.0,0.0,0.0,1.0,0.0,0.0,0.0,0.0,1.0,0.0,0.0,0.0,0.0,1.0,0.0,51.96
-0.05466000845219303,-2.3781619586397844,-1.741549082395863,-0.27658903399672946,-0.26415849870672403,0.8325145526608937,-0.9984963015583083,0.37714556939915594,1.7028293256948224,1.3461320938296022,0.2987203710476285,-1.3709854228024116,0.24635224863624303,-0.6596256542862126,-1.522675206494586,0.9223636717009013,-0.42013417890607485,-1.6668639109873007,1.5579075546596715,0.0,1.0,0.0,0.0,1.0,0.0,0.0,1.0,0.0,0.0,0.0,1.0,0.0,0.0,0.0,1.0,0.0,0.0,41.73
-0.5218395678726447,0.3464015084729076,0.9044160984978656,0.95708194725543,-1.412673710475105,1.179540210293613,-1.730481488879536,1.6335475878132808,-0.8084096946244436,0.9334432374897776,-0.5276202353676731,0.3250440480980783,0.6089460157937213,1.287216899281895,-1.14181597525532,0.030315586882490267,-1.3242966873122612,0.16284400447625672,1.1683332724241948,0.0,1.0,1.0,0.0,0.0,0.0,0.0,1.0,0.0,0.0,1.0,0.0,0.0,0.0,0.0,0.0,1.0,0.0,47.89
0.8129591733286459,0.8302024979602086,0.6524194146032247,-0.27658903399672946,0.8843567130616569,0.8325145526608937,-1.4376478150769674,0.4577929962568195,1.005262931161693,-1.0120899423979672,-0.7104700716808462,1.088257310003299,0.9111074884249528,-1.1905827143502419,0.7624801809410108,0.36044361827198096,0.7854158323021737,-1.4754718696208198,-1.1691124209886659,0.0,1.0,0.0,1.0,0.0,0.0,0.0,0.0,0.0,1.0,0.0,1.0,0.0,0.0,0.0,1.0,0.0,0.0,47.34
-1.5896785608336772,-2.3781619586397844,-0.7335623468172998,-0.02985483774629404,-1.412673710475105,-0.5555880778699831,0.05404177141968615,1.2048428450435964,-0.7386530551711307,0.9923987883954669,0.26707328399342545,-0.7773751079872407,-0.6299160219943284,1.1102312125938854,-0.3800975127767877,-0.053972421131847775,-1.0731404349772096,-0.8094275656654663,0.38918470795324117,1.0,0.0,0.0,0.0,1.0,0.0,0.0,1.0,0.0,0.0,0.0,1.0,0.0,0.0,0.0,1.0,0.0,0.0,47.42
1.213398795689033,-1.1050014599889935,-0.5445648338963192,0.46361355475455923,0.8843567130616569,0.1384632373954553,1.393473687088635,1.4977203425793215,-0.5991397762645048,1.4050876447352916,-0.5663000084339213,0.6642499422781758,-1.2342389672567917,1.4642025859699048,-1.14181597525532,-0.7844684905894441,-1.6256841901143235,-0.34243098473125283,-0.38996385651771237,1.0,0.0,0.0,0.0,1.0,0.0,0.0,0.0,0.0,1.0,0.0,1.0,0.0,0.0,1.0,0.0,0.0,0.0,67.15
-0.922279190233032,0.5501071882570343,-0.29256815000167835,0.21687935850414136,-0.8384161045909145,-1.5966650507681408,-1.0137418680781174,1.4425405242030256,-0.5293831368111919,-0.12775667881262867,-0.8194767048675455,-0.9469780550772892,1.5758627282136621,0.5792741525298559,1.143339412180277,-0.9179245032788127,1.2877283369722774,0.29299059260546373,-0.7795381387531892,0.0,1.0,0.0,1.0,0.0,0.0,0.0,1.0,0.0,0.0,0.0,1.0,0.0,0.0,0.0,1.0,0.0,0.0,37.37
1.5470984809893558,2.0015101567189366,1.345410295313487,1.6972845360067186,-1.412673710475105,-0.5555880778699831,-1.6968224459137233,-0.4208394963503557,0.44720981553518935,0.9334432374897776,-0.23224742286177805,0.7490514158232008,-1.4759681453617772,-0.12866859422218316,-0.3800975127767877,1.0277236817188238,-1.6256841901143235,0.0939428695843236,0.38918470795324117,1.0,0.0,0.0,0.0,0.0,1.0,1.0,0.0,0.0,0.0,0.0,0.0,0.0,1.0,0.0,0.0,1.0,0.0,50.37
0.07881986566793604,-0.061009851095344826,-0.41856649194899875,-1.7569942114993242,-0.8384161045909145,0.8325145526608937,0.8998737217135147,-1.448033038432174,0.8657496522550671,-0.7173121878695211,0.7382632468004485,-0.01416184608201998,-1.4155358508355305,-0.8366113409742223,-0.3800975127767877,1.1611796944081925,0.2328720771650598,-0.6256912059536446,1.5579075546596715,1.0,0.0,0.0,1.0,0.0,0.0,0.0,1.0,0.0,0.0,1.0,0.0,0.0,0.0,1.0,0.0,0.0,0.0,70.28
-0.4550996308125802,-0.8249061502858193,0.02242770486662269,0.21687935850414136,-1.412673710475105,-1.5966650507681408,0.9212571137153249,-1.1339325338286428,-0.1805999395446271,-0.24566778062400715,-1.7091114853912532,0.24024257455305337,-0.02559307673186525,1.287216899281895,-1.14181597525532,-1.3253165420147799,0.9361095837032049,0.6298405854104702,-1.1691124209886659,1.0,0.0,0.0,0.0,1.0,0.0,1.0,0.0,0.0,0.0,0.0,0.0,1.0,0.0,0.0,1.0,0.0,0.0,48.41
0.07881986566793604,-0.26471553087947153,-0.41856649194899875,-0.7700574264976002,-0.26415849870672403,-0.9026137355027024,-0.03446171214336191,-1.5159466610491537,1.4238027678815706,-1.3068676969264135,-1.7091114853912532,-0.6925736344422158,1.0924043720036918,-1.1905827143502419,-1.522675206494586,0.33234761560053494,-0.42013417890607485,0.9360678515968396,-0.0003895742822356069,1.0,0.0,1.0,0.0,0.0,0.0,0.0,0.0,1.0,0.0,0.0,1.0,0.0,0.0,0.0,0.0,1.0,0.0,40.02
-1.2559788755333545,1.3140034874475088,0.9674152694715258,-1.016791622748018,0.3100991071774664,-1.5966650507681408,-0.8115896159128555,-1.358896408747388,-0.1805999395446271,0.34388772843288523,-1.0585880292770797,0.3250440480980783,0.9413236356880759,0.04831709246582662,-1.522675206494586,-0.025876418460401764,0.5342595799671219,-1.322358236527635,0.38918470795324117,1.0,0.0,0.0,0.0,0.0,1.0,0.0,1.0,0.0,0.0,0.0,0.0,0.0,1.0,0.0,1.0,0.0,0.0,63.51
0.9464390474487749,-0.7485165203667725,-1.2375557146065814,-0.5233232302471649,1.4586143189458474,1.179540210293613,-0.878115724362932,-1.0872419182794693,0.6564797338951281,0.34388772843288523,-1.2097907785360498,-0.6077721608971917,1.515430433687416,0.4022884658418462,-0.7609567440160538,-0.01885241779254026,-1.3745279377792716,0.36189172749739684,-0.38996385651771237,0.0,1.0,0.0,0.0,1.0,0.0,0.0,1.0,0.0,0.0,1.0,0.0,0.0,0.0,0.0,1.0,0.0,0.0,20.82
0.8129591733286459,-0.9012957802048669,0.5264210726559043,-0.02985483774629404,1.4586143189458474,-1.2496393931354215,0.06017959690168725,-0.5566667415843151,0.93550629170838,0.6976210338670207,-0.3060906259882518,-0.43816921380714247,-1.2644551145199148,-0.48263996759820277,0.3816209497017446,0.3674676189398424,-1.726146691048344,-0.8783287005573993,0.778758990188718,1.0,0.0,0.0,1.0,0.0,0.0,0.0,1.0,0.0,0.0,0.0,0.0,1.0,0.0,1.0,0.0,0.0,0.0,52.93
-1.7231584349538063,-0.570274050555661,-1.1745565436329213,-0.02985483774629404,1.4586143189458474,1.179540210293613,0.33855968166599504,0.1309586874126044,-0.7386530551711307,-0.1867122297183179,-0.8229930478735681,-1.5405883698924607,-0.4486191384155896,-0.12866859422218316,0.7624801809410108,-0.9179245032788127,1.538884589307329,-1.352980963146272,-1.1691124209886659,1.0,0.0,1.0,0.0,0.0,0.0,1.0,0.0,0.0,0.0,1.0,0.0,0.0,0.0,1.0,0.0,0.0,0.0,41.12
-1.5896785608336772,-1.0540750400429622,0.4634219016822441,-1.510260015248889,-0.8384161045909145,-0.5555880778699831,0.7682074654060718,0.6997352768298098,-0.11084330009131417,1.2282209920182239,0.8367208509690802,-0.7773751079872407,-0.7809967583099442,0.04831709246582662,1.524198643419543,-1.0865005193074888,0.5844908304341323,-1.0773764235785395,0.778758990188718,1.0,0.0,0.0,0.0,1.0,0.0,0.0,1.0,0.0,0.0,0.0,0.0,0.0,1.0,0.0,0.0,1.0,0.0,44.55
-0.922279190233032,0.04084298879671807,0.5264210726559043,-0.5233232302471649,0.8843567130616569,-1.2496393931354215,0.08611685942240156,-0.9981052885946833,0.1681832577219376,1.5229987465466701,-0.04588124354258237,-0.5229706873521667,1.2434851083193075,-1.3675684010382516,0.0007617184624784484,-0.10314042580687831,1.6393470902413498,-0.7405264307735331,-1.1691124209886659,1.0,0.0,0.0,1.0,0.0,0.0,0.0,1.0,0.0,0.0,0.0,0.0,0.0,1.0,1.0,0.0,0.0,0.0,44.93
0.07881986566793604,1.568635587177667,-0.04057146610703752,0.21687935850414136,1.4586143189458474,-0.5555880778699831,0.785036986888978,0.5681526330094114,-0.6688964157178177,-0.4225344333410749,-1.4137386728853583,0.3250440480980783,-0.05580922399498857,0.7562598392178658,1.524198643419543,1.6388117398227746,-0.42013417890607485,-1.062065060269221,-1.5586867032241427,0.0,1.0,0.0,1.0,0.0,0.0,0.0,0.0,0.0,1.0,0.0,0.0,0.0,1.0,1.0,0.0,0.0,0.0,52.62
1.4803585439292912,0.24454866858084476,-0.04057146610703752,-1.016791622748018,-0.26415849870672403,1.526565867926332,1.3641705202713394,0.6742676683484423,-0.6688964157178177,-0.1867122297183179,1.167257093535201,0.5794484687331517,-1.657265028940516,-0.48263996759820277,1.143339412180277,0.430683624950596,-1.12337168544422,0.5150053605905816,-0.0003895742822356069,0.0,1.0,0.0,1.0,0.0,0.0,0.0,0.0,1.0,0.0,0.0,1.0,0.0,0.0,0.0,0.0,0.0,1.0,59.8
-0.12139994551225756,-0.34110516079851916,0.8414169275242054,-1.016791622748018,1.4586143189458474,0.1384632373954553,-0.04455942503310565,0.18189390437533925,1.005262931161693,0.284932177527196,1.3079108137761033,-0.6077721608971917,0.6995944575830905,1.6411882726579148,-1.522675206494586,0.4377076256184575,0.4840283295001116,-1.161588921779791,-1.1691124209886659,0.0,1.0,0.0,0.0,1.0,0.0,1.0,0.0,0.0,0.0,0.0,0.0,0.0,1.0,0.0,0.0,0.0,1.0,48.07
0.4125195509682587,-0.3920315807445506,0.9044160984978656,-2.2504626040001776,-1.412673710475105,0.4854888950281745,0.8281997596333728,1.3534038945182396,0.93550629170838,1.2282209920182239,-1.695046113367163,-0.18376479317206912,-0.3881868438893432,1.287216899281895,-0.7609567440160538,0.33234761560053494,-1.17360293591123,-0.36539802969523055,1.1683332724241948,0.0,1.0,0.0,0.0,1.0,0.0,0.0,0.0,0.0,1.0,0.0,0.0,1.0,0.0,0.0,0.0,1.0,0.0,62.5
0.7462192362685813,-1.6906552893683575,-0.48156566292265895,-0.7700574264976002,-0.8384161045909145,-0.9026137355027024,-0.49262068521918567,-1.337673401679582,-1.366462810250947,-0.7762677387752103,-1.424287701903426,1.6818676248184699,0.09527151232062724,-1.7215397744142713,1.143339412180277,-0.2436204391641084,-1.0229091845101992,0.7140530836117217,1.1683332724241948,1.0,0.0,1.0,0.0,0.0,0.0,1.0,0.0,0.0,0.0,0.0,1.0,0.0,0.0,1.0,0.0,0.0,0.0,32.75
-1.3894587496534836,0.8047392879871925,-0.29256815000167835,-1.2635258189984535,-1.412673710475105,-0.9026137355027024,-0.49044274714492725,-1.1127095267608367,-1.6454893680641989,-0.3635788824353856,0.9492438271618021,0.15544110100802916,1.3643496973718003,-0.48263996759820277,1.524198643419543,0.7959316596793942,0.18264082669804943,0.821232626776951,-1.5586867032241427,0.0,1.0,1.0,0.0,0.0,0.0,0.0,0.0,0.0,1.0,1.0,0.0,0.0,0.0,0.0,0.0,1.0,0.0,19.1
1.1466588586289685,-0.16286269098740863,0.8414169275242054,-1.016791622748018,-1.412673710475105,1.526565867926332,0.011076993045678477,-0.25954464263502874,-0.8781663340777566,0.22597662662150675,1.2164858956195166,-0.5229706873521667,-0.8414290528361906,-1.3675684010382516,-0.3800975127767877,1.0417716830545467,-0.31967167797205415,0.8748223983595657,-0.38996385651771237,1.0,0.0,0.0,0.0,1.0,0.0,0.0,0.0,1.0,0.0,0.0,0.0,1.0,0.0,0.0,0.0,0.0,1.0,34.7
1.213398795689033,-0.26471553087947153,0.715418585576885,-0.27658903399672946,-1.412673710475105,0.8325145526608937,-0.06871473822033577,-1.286738184716847,1.2842894889749448,-1.6016454514548597,-1.1992417495179821,-1.7101913169825098,-0.901861347362437,-1.7215397744142713,0.3816209497017446,0.21996360491475087,1.4384220883733083,1.3188519343298013,1.5579075546596715,1.0,0.0,0.0,0.0,1.0,0.0,0.0,0.0,0.0,1.0,0.0,1.0,0.0,0.0,0.0,0.0,0.0,1.0,41.92
0.34577961390819417,3.1728178154776625,-1.678549911422203,-0.5233232302471649,0.3100991071774664,-0.20856242023726393,1.6564102109627465,0.20736151285670684,1.4935594073348835,-1.0120899423979672,1.7439373465229007,-0.862176581532265,-0.8414290528361906,1.6411882726579148,-0.3800975127767877,-1.2129325313289958,1.0868033351042359,1.0049689864887728,-0.0003895742822356069,1.0,0.0,0.0,0.0,1.0,0.0,1.0,0.0,0.0,0.0,0.0,0.0,0.0,1.0,0.0,0.0,0.0,1.0,54.16
1.213398795689033,0.21908545860782858,1.6604061501817882,-1.2635258189984535,0.3100991071774664,-0.5555880778699831,1.6007737928839625,-0.3614150765604984,-1.1571928918910084,0.4617988302442637,0.4675048353367114,-0.9469780550772892,-0.5694837274680821,0.9332455259058755,1.524198643419543,0.8942676690294552,0.5844908304341323,-1.0084752886866064,0.38918470795324117,1.0,0.0,0.0,0.0,0.0,1.0,0.0,1.0,0.0,0.0,1.0,0.0,0.0,0.0,0.0,0.0,1.0,0.0,74.22
1.3468786698091622,-0.8503693602588354,-1.3005548855802416,-2.0037284077497595,0.8843567130616569,0.4854888950281745,0.5500176692394522,-0.7476738051945706,0.5867230944418153,-0.3046233315296964,-1.6247192532467118,2.0210735189985685,-1.3853197035724074,-0.305654280910193,-1.14181597525532,-0.15933243114977033,0.6347220809011427,0.9820019415247949,-0.7795381387531892,1.0,0.0,0.0,1.0,0.0,0.0,0.0,1.0,0.0,0.0,0.0,0.0,0.0,1.0,1.0,0.0,0.0,0.0,63.9
-0.38835969375251567,-0.5193476306096296,1.2194119533661667,0.21687935850414136,-0.8384161045909145,0.4854888950281745,1.0358958541694745,-1.1381771352422039,-0.5991397762645048,-1.3658232478321026,-1.280117638656501,-0.862176581532265,0.6693783103199674,1.1102312125938854,0.3816209497017446,-0.0820684238032938,-1.726146691048344,1.6174235188615116,-0.0003895742822356069,0.0,1.0,0.0,0.0,0.0,1.0,0.0,0.0,1.0,0.0,0.0,0.0,1.0,0.0,0.0,1.0,0.0,0.0,54.35
-0.7220593790528383,1.0848345976903668,-0.10357063708069772,0.7103477510049946,-0.26415849870672403,1.179540210293613,0.9285829054196488,-0.5778897486521212,0.09842661826862466,-0.4225344333410749,-1.4559347889576288,0.07063962746300421,-1.0227259364149297,0.9332455259058755,-0.7609567440160538,0.33234761560053494,-1.12337168544422,0.2011224127495529,-1.5586867032241427,0.0,1.0,0.0,0.0,1.0,0.0,1.0,0.0,0.0,0.0,0.0,0.0,1.0,0.0,1.0,0.0,0.0,0.0,39.69
-0.38835969375251567,0.04084298879671807,-0.41856649194899875,-0.5233232302471649,-0.26415849870672403,1.179540210293613,1.1742939190700799,0.34743335950422755,0.23793989717525055,-0.8941788405865888,-0.24982913789189085,0.3250440480980783,1.4852142864242925,-0.8366113409742223,-0.3800975127767877,0.4517556269541805,-0.9726779340431888,-0.6945923408455777,1.1683332724241948,0.0,1.0,0.0,0.0,0.0,1.0,1.0,0.0,0.0,0.0,0.0,1.0,0.0,0.0,0.0,0.0,1.0,0.0,66.44
-1.055759064353161,-1.5633392395032784,0.5264210726559043,-0.27658903399672946,-0.26415849870672403,-0.20856242023726393,0.9054175640843544,0.24131832416519675,0.795993012801754,-0.6583566369638318,-1.536810678096148,1.088257310003299,-0.9925097891518064,-0.6596256542862126,-1.14181597525532,0.8310516630187017,-0.26944042750504377,-0.41133211962318594,0.38918470795324117,0.0,1.0,0.0,0.0,1.0,0.0,1.0,0.0,0.0,0.0,0.0,0.0,1.0,0.0,0.0,0.0,0.0,1.0,56.7
0.6794792992085168,0.8556657079332239,-0.10357063708069772,-0.02985483774629404,-1.412673710475105,0.8325145526608937,-0.1698898614881603,-1.1594001423100102,1.2145328495216317,-0.953134391492278,-0.04236490053655981,-0.01416184608201998,-0.8716452000993138,0.9332455259058755,1.143339412180277,0.7467636550043636,-1.3242966873122612,1.6863246537534446,-1.1691124209886659,1.0,0.0,1.0,0.0,0.0,0.0,0.0,0.0,1.0,0.0,1.0,0.0,0.0,0.0,0.0,1.0,0.0,0.0,27.95
0.6127393621484523,-0.7739797303397877,0.02242770486662269,1.4505503397563009,0.3100991071774664,1.526565867926332,1.3598146441228225,-1.2909827861304084,-0.25035657899794006,-1.424778798737792,-0.6577249265905079,-0.5229706873521667,-0.720564463783698,-0.48263996759820277,1.143339412180277,0.08650759222538229,1.6895783407083602,-1.2458014199810428,-0.38996385651771237,0.0,1.0,0.0,1.0,0.0,0.0,0.0,1.0,0.0,0.0,0.0,1.0,0.0,0.0,0.0,0.0,1.0,0.0,63.06
0.5459994250883877,1.823267686907825,-1.6155507404485427,-1.510260015248889,-0.8384161045909145,-1.5966650507681408,-1.5338730790851136,-1.6263062978017457,-0.11084330009131417,1.5819542974523593,0.18971373786092915,-0.6077721608971917,0.9111074884249528,-0.12866859422218316,-1.522675206494586,1.4702357237940986,0.031947075297018374,1.1198042113086613,-0.38996385651771237,1.0,0.0,1.0,0.0,0.0,0.0,0.0,0.0,0.0,1.0,1.0,0.0,0.0,0.0,0.0,0.0,0.0,1.0,28.83
-0.5218395678726447,1.0084449677713192,0.9674152694715258,-0.5233232302471649,-1.412673710475105,1.179540210293613,0.4155794917465894,-1.6729969133509193,-1.2967061707976342,-0.8352232896808995,-1.3609935277950198,0.3250440480980783,-0.26732225483685046,0.5792741525298559,0.3816209497017446,-0.7072044832429676,1.388190837906298,0.8748223983595657,1.5579075546596715,0.0,1.0,1.0,0.0,0.0,0.0,0.0,0.0,1.0,0.0,0.0,0.0,0.0,1.0,0.0,0.0,1.0,0.0,60.08
-0.4550996308125802,-0.5448108405826458,-0.9855590307119406,-1.7569942114993242,0.3100991071774664,0.8325145526608937,1.7179864601531447,1.272756467660576,0.5867230944418153,-0.5404455351524533,-1.1253985463915084,-0.6925736344422158,1.0924043720036918,0.04831709246582662,-1.522675206494586,-1.2199565319968575,-0.31967167797205415,0.13987695951227902,1.5579075546596715,1.0,0.0,0.0,0.0,1.0,0.0,0.0,0.0,0.0,1.0,1.0,0.0,0.0,0.0,0.0,1.0,0.0,0.0,65.59
-0.5885795049327093,1.2121506475554458,1.030414440445186,0.21687935850414136,0.3100991071774664,0.1384632373954553,-1.3853773012947646,-1.5626372765983272,1.5633160467881964,-0.5404455351524533,0.02444561657786883,-1.1165810021673384,0.9715397829511989,-1.5445540877262616,0.3816209497017446,-1.0794765186396273,-0.1187466761040127,-0.250562804875342,-0.0003895742822356069,1.0,0.0,0.0,0.0,1.0,0.0,0.0,1.0,0.0,0.0,1.0,0.0,0.0,0.0,0.0,0.0,0.0,1.0,15.66
1.3468786698091622,-0.010083431149313378,-1.1745565436329213,-0.27658903399672946,1.4586143189458474,-0.9026137355027024,-0.5448911990013886,0.7676488994467893,-0.9479229735310695,1.3461320938296022,-1.6528499972948922,-0.5229706873521667,1.4852142864242925,0.2253027791538364,0.7624801809410108,0.8170036616829787,-0.9224466835761784,0.8977894433235434,-0.7795381387531892,0.0,1.0,0.0,1.0,0.0,0.0,0.0,0.0,1.0,0.0,0.0,0.0,1.0,0.0,1.0,0.0,0.0,0.0,32.43
0.9464390474487749,0.7792760780141763,0.4634219016822441,0.21687935850414136,1.4586143189458474,-0.9026137355027024,0.16689856254035146,1.2472888591792088,-0.1805999395446271,-1.1300010442093458,-0.7210191006989138,-1.3709854228024116,0.8808913411618293,1.6411882726579148,-1.14181597525532,-0.7493484872501366,1.3379595874392876,0.44610422569864844,-1.5586867032241427,1.0,0.0,0.0,1.0,0.0,0.0,0.0,1.0,0.0,0.0,0.0,0.0,0.0,1.0,0.0,0.0,1.0,0.0,58.98
1.4803585439292912,0.3973279284189391,-1.2375557146065814,0.21687935850414136,-0.8384161045909145,0.8325145526608937,1.4356464879810942,-1.3843640172287552,-0.7386530551711307,-0.7762677387752103,-0.35531942807256767,1.8514705719085183,-1.5666165871511464,1.6411882726579148,1.524198643419543,-0.7001804825751061,0.6347220809011427,0.07097582462034589,0.38918470795324117,1.0,0.0,0.0,1.0,0.0,0.0,0.0,0.0,0.0,1.0,0.0,0.0,1.0,0.0,0.0,1.0,0.0,0.0,71.37
-0.8555392531729674,-0.9522222001508983,1.5974069792081278,0.95708194725543,-0.8384161045909145,-0.20856242023726393,-1.6025771256094485,-0.23407703415366135,0.5169664549885024,1.4640431956409807,0.4393740912885309,0.5794484687331517,1.1528366665299379,0.4022884658418462,1.143339412180277,0.6765236483257486,0.9863408341702151,0.5073496789359223,1.1683332724241948,0.0,1.0,1.0,0.0,0.0,0.0,1.0,0.0,0.0,0.0,0.0,0.0,0.0,1.0,1.0,0.0,0.0,0.0,36.76
-0.7887993161129029,-0.7485165203667725,1.6604061501817882,0.46361355475455923,-0.8384161045909145,1.526565867926332,-1.0673983424530302,1.5529001609556174,-0.8781663340777566,0.8744876865840884,-1.2062744355300272,1.5970661512734459,1.515430433687416,0.7562598392178658,1.524198643419543,-0.39112445318919997,1.0868033351042359,0.40017013577069305,-1.5586867032241427,1.0,0.0,0.0,1.0,0.0,0.0,1.0,0.0,0.0,0.0,0.0,0.0,0.0,1.0,0.0,1.0,0.0,0.0,39.67
0.27903967684812964,0.9575185478252877,-0.10357063708069772,0.7103477510049946,-1.412673710475105,0.4854888950281745,-0.5514250132241639,1.1157062153588104,-0.1805999395446271,0.9334432374897776,-0.7737642457892523,0.4946469951881267,1.696727317266155,0.2253027791538364,-0.3800975127767877,-1.6273485707328246,-0.47036542937308523,0.691086038647744,-1.5586867032241427,0.0,1.0,0.0,0.0,1.0,0.0,0.0,0.0,0.0,1.0,1.0,0.0,0.0,0.0,0.0,0.0,1.0,0.0,29.84
-1.7231584349538063,-0.41749479071756673,0.3374235597349237,-1.016791622748018,0.8843567130616569,-0.20856242023726393,-0.02931385851329648,-0.05155917337052847,0.8657496522550671,-0.953134391492278,1.0406687453183887,1.5122646777284217,-1.3248874090461613,0.4022884658418462,-0.3800975127767877,-0.6650604792357986,0.9361095837032049,-1.5903070944407083,0.778758990188718,0.0,1.0,0.0,0.0,1.0,0.0,1.0,0.0,0.0,0.0,0.0,0.0,1.0,0.0,0.0,1.0,0.0,0.0,61.8
-1.5896785608336772,-0.49388442063661436,1.4084094662871471,1.2038161435058654,-0.8384161045909145,0.8325145526608937,-0.6260688908601127,0.8737639347858202,0.44720981553518935,0.34388772843288523,-0.6788229846266431,0.3250440480980783,0.3974329849518588,-0.48263996759820277,1.143339412180277,1.378923715111899,-0.872215433109168,-1.3912593714195682,0.778758990188718,0.0,1.0,0.0,0.0,0.0,1.0,0.0,0.0,0.0,1.0,1.0,0.0,0.0,0.0,0.0,0.0,0.0,1.0,60.03
-0.7220593790528383,-1.0540750400429622,-1.741549082395863,-0.7700574264976002,1.4586143189458474,1.526565867926332,-1.0119599187446333,1.1157062153588104,1.3540461284282577,-0.8941788405865888,-1.1253985463915084,0.7490514158232008,-1.0529420836780528,0.9332455259058755,-1.522675206494586,0.3463956169362579,-0.6712904312411266,-0.11276053509147577,-1.1691124209886659,1.0,0.0,0.0,0.0,1.0,0.0,0.0,0.0,1.0,0.0,1.0,0.0,0.0,0.0,0.0,1.0,0.0,0.0,44.13
-0.25487981963238665,0.3464015084729076,0.21142521778760331,-0.7700574264976002,0.8843567130616569,1.526565867926332,0.7103931092530292,-0.5354437345165091,1.7028293256948224,-1.5426899005491703,-1.5649414221443283,-2.2190001582526566,-0.8414290528361906,-1.3675684010382516,1.143339412180277,0.669499647657887,0.5342595799671219,-1.2458014199810428,-0.7795381387531892,1.0,0.0,0.0,1.0,0.0,0.0,0.0,0.0,1.0,0.0,1.0,0.0,0.0,0.0,0.0,0.0,1.0,0.0,48.18
-1.055759064353161,2.026973366691951,-0.22956897902801815,0.21687935850414136,-1.412673710475105,-0.5555880778699831,0.2243169299526198,1.3152024817961883,0.6564797338951281,-1.719556553266238,0.47102117834273394,-0.9469780550772892,0.8506751938987063,0.4022884658418462,0.7624801809410108,1.0909396877295774,1.4886533388403187,1.0891814846900243,-1.1691124209886659,1.0,0.0,0.0,0.0,1.0,0.0,0.0,0.0,1.0,0.0,0.0,0.0,0.0,1.0,0.0,0.0,0.0,1.0,31.08
-0.9890191272930965,-1.181391089908041,0.02242770486662269,0.21687935850414136,0.8843567130616569,-1.2496393931354215,-1.103037329122714,-0.11947279598750825,-1.7152460075175118,1.2282209920182239,1.0371524023123662,-0.01416184608201998,1.6362950227399082,0.2253027791538364,0.7624801809410108,1.3999957171154835,0.7351845818351633,0.13222127785761978,0.38918470795324117,0.0,1.0,0.0,1.0,0.0,0.0,1.0,0.0,0.0,0.0,0.0,0.0,1.0,0.0,0.0,1.0,0.0,0.0,39.73
-1.1224990014132255,-0.061009851095344826,-1.363554056553902,-1.016791622748018,-0.26415849870672403,-0.9026137355027024,1.303584242932877,0.07577886903630844,1.4935594073348835,-0.1867122297183179,1.1391263494870203,0.07063962746300421,0.3067845431624894,1.4642025859699048,1.524198643419543,-1.437700552700564,-0.42013417890607485,-0.9701968804133102,1.1683332724241948,1.0,0.0,0.0,1.0,0.0,0.0,0.0,1.0,0.0,0.0,0.0,0.0,1.0,0.0,0.0,1.0,0.0,0.0,60.91
0.34577961390819417,1.339466697420525,1.2824111243398268,-0.27658903399672946,0.8843567130616569,0.8325145526608937,0.0055331506748387774,1.6802382033624543,1.3540461284282577,1.5229987465466701,-1.0023265411807187,-0.09896331962704417,1.2132689610561844,-1.5445540877262616,0.7624801809410108,0.7186676523329176,1.0365720846372255,0.4231371807346707,1.1683332724241948,0.0,1.0,0.0,0.0,1.0,0.0,1.0,0.0,0.0,0.0,1.0,0.0,0.0,0.0,0.0,0.0,0.0,1.0,41.38
-0.7220593790528383,-0.16286269098740863,-1.6155507404485427,1.4505503397563009,-0.8384161045909145,0.4854888950281745,-1.6572235718362969,1.1496630266673005,-1.43621944970426,0.5797099320556421,-0.13730616169916893,0.4098455216431025,-1.7176973234667623,-1.7215397744142713,-1.14181597525532,-0.2436204391641084,1.0868033351042359,1.5638337472788968,-1.5586867032241427,0.0,1.0,0.0,0.0,1.0,0.0,1.0,0.0,0.0,0.0,0.0,0.0,0.0,1.0,1.0,0.0,0.0,0.0,26.72
-1.2559788755333545,0.37186471844592384,-0.5445648338963192,-1.510260015248889,-1.412673710475105,-1.2496393931354215,1.7221443419312743,-0.4887531189673353,-0.8781663340777566,1.3461320938296022,-0.3412540560484774,0.4946469951881267,-1.6270488816773927,-0.48263996759820277,-1.522675206494586,-0.22957243782838538,-1.0731404349772096,-0.4802332545151191,1.5579075546596715,1.0,0.0,0.0,1.0,0.0,0.0,0.0,1.0,0.0,0.0,0.0,0.0,1.0,0.0,1.0,0.0,0.0,0.0,78.77
0.7462192362685813,-1.155927879935025,-0.5445648338963192,1.4505503397563009,-0.8384161045909145,0.1384632373954553,-1.2099542891317654,-1.6814861161780417,-1.43621944970426,-0.24566778062400715,1.6982248874446073,0.833852889368225,0.3370006904256127,-0.305654280910193,-1.522675206494586,-1.6975885774114396,-1.0229091845101992,1.3341632976391198,1.1683332724241948,0.0,1.0,1.0,0.0,0.0,0.0,0.0,1.0,0.0,0.0,0.0,1.0,0.0,0.0,0.0,0.0,0.0,1.0,42.78
-0.9890191272930965,0.3464015084729076,1.5344078082344677,-0.27658903399672946,1.4586143189458474,1.179540210293613,0.9580840666073315,0.4111023807076458,0.44720981553518935,-0.009845577001250197,1.5224077371434794,0.6642499422781758,-0.3881868438893432,-0.48263996759820277,0.7624801809410108,0.8240276623508401,0.5342595799671219,1.5255553390056007,1.5579075546596715,1.0,0.0,0.0,0.0,1.0,0.0,0.0,1.0,0.0,0.0,0.0,0.0,1.0,0.0,0.0,1.0,0.0,0.0,53.38
-0.1881398825723221,-0.26471553087947153,0.0854268758402829,-2.2504626040001776,-0.26415849870672403,-0.5555880778699831,1.1000460301749053,0.6742676683484423,-0.320113218451253,0.5797099320556421,0.9211130831136216,1.1730587835483233,1.3341335501086766,1.1102312125938854,0.0007617184624784484,-1.2480525346683033,1.3379595874392876,0.4537599073533077,1.5579075546596715,1.0,0.0,0.0,1.0,0.0,0.0,0.0,1.0,0.0,0.0,1.0,0.0,0.0,0.0,1.0,0.0,0.0,0.0,78.11
0.07881986566793604,0.9065921278792554,0.4004227307085839,-1.2635258189984535,1.4586143189458474,1.179540210293613,1.6694778394082972,0.49599440897887054,-0.11084330009131417,0.284932177527196,-0.671790298614598,1.2578602570933475,-0.6903483165205748,-0.305654280910193,-0.3800975127767877,-1.6975885774114396,-1.2238341863782405,-0.10510485343681654,0.38918470795324117,1.0,0.0,0.0,0.0,1.0,0.0,1.0,0.0,0.0,0.0,0.0,1.0,0.0,0.0,0.0,0.0,0.0,1.0,57.97
-1.2559788755333545,1.110297807663382,0.4004227307085839,-1.016791622748018,-0.8384161045909145,-1.2496393931354215,1.3467470156772718,1.5698785666098625,-0.5293831368111919,0.9334432374897776,0.7593613048365838,0.15544110100802916,-0.2371061075737274,-0.8366113409742223,0.0007617184624784484,0.0022195842110442525,0.3333345780990805,-0.6869366591909185,-0.7795381387531892,1.0,0.0,0.0,0.0,0.0,1.0,0.0,0.0,0.0,1.0,0.0,0.0,0.0,1.0,0.0,0.0,1.0,0.0,73.61
0.07881986566793604,2.5617007761252832,1.2824111243398268,-0.5233232302471649,-0.8384161045909145,-1.2496393931354215,-0.3694681868383895,1.213332047870719,-0.320113218451253,0.6976210338670207,0.6468383286438619,2.1058749925435922,0.09527151232062724,0.7562598392178658,0.3816209497017446,1.5896437351477442,-0.36990292843906447,1.2116723911645721,-1.5586867032241427,1.0,0.0,1.0,0.0,0.0,0.0,0.0,0.0,1.0,0.0,0.0,1.0,0.0,0.0,0.0,1.0,0.0,0.0,47.08
0.6127393621484523,0.4991807683110029,0.6524194146032247,-0.02985483774629404,-0.8384161045909145,1.179540210293613,-1.4315099895949663,-0.19163102001804916,-1.0874362524376953,-1.7785121041719274,-1.111333174367418,1.3426617306383717,-0.8112129055730675,0.4022884658418462,0.3816209497017446,0.9715316763759317,0.6347220809011427,1.6097678372068522,1.1683332724241948,0.0,1.0,0.0,0.0,1.0,0.0,0.0,0.0,0.0,1.0,0.0,1.0,0.0,0.0,0.0,0.0,1.0,0.0,45.23
-0.05466000845219303,0.24454866858084476,-0.10357063708069772,-2.743930996501048,0.3100991071774664,0.4854888950281745,-0.6494322265657944,-1.50321285680847,-0.11084330009131417,1.1103098902068453,1.2762637267219001,-0.862176581532265,1.3945658446349234,0.2253027791538364,-1.522675206494586,0.514971632964934,-1.6759154405813337,-0.962541198758651,-0.7795381387531892,0.0,1.0,0.0,1.0,0.0,0.0,1.0,0.0,0.0,0.0,1.0,0.0,0.0,0.0,0.0,1.0,0.0,0.0,38.77
-1.2559788755333545,0.1172326187157657,-0.16656980805435792,0.21687935850414136,-0.26415849870672403,0.4854888950281745,0.4183514129320093,-0.09824978891970197,1.005262931161693,-0.12775667881262867,1.023087030288276,0.4098455216431025,-0.14645766578435798,0.4022884658418462,-1.14181597525532,-1.5290125613827636,1.6393470902413498,-0.028548036890224174,0.778758990188718,0.0,1.0,1.0,0.0,0.0,0.0,0.0,1.0,0.0,0.0,0.0,0.0,1.0,0.0,1.0,0.0,0.0,0.0,66.86
1.5470984809893558,-0.442958000690582,-0.9225598597382804,-1.016791622748018,-0.8384161045909145,-1.5966650507681408,-0.5144000659617702,0.6233324513857075,1.4935594073348835,-1.7785121041719274,-1.343411812764907,-1.8797942640725591,-0.26732225483685046,-0.6596256542862126,-0.7609567440160538,0.7327156536686407,1.1872658360382566,1.2729178444018459,0.38918470795324117,1.0,0.0,0.0,0.0,1.0,0.0,0.0,0.0,1.0,0.0,0.0,0.0,0.0,1.0,0.0,0.0,1.0,0.0,36.66
0.07881986566793604,0.27001187855386005,-0.7335623468172998,1.4505503397563009,-0.8384161045909145,0.1384632373954553,-0.692397004939802,0.34743335950422755,-0.320113218451253,-1.3658232478321026,0.6749690726920424,-1.7101913169825098,1.2132689610561844,1.287216899281895,-0.3800975127767877,1.0628436850581313,1.4886533388403187,-1.161588921779791,-0.7795381387531892,1.0,0.0,1.0,0.0,0.0,0.0,0.0,0.0,1.0,0.0,0.0,1.0,0.0,0.0,0.0,0.0,1.0,0.0,44.79
0.07881986566793604,-0.3920315807445506,-0.6705631758436396,-0.27658903399672946,1.4586143189458474,0.4854888950281745,1.411491174793864,0.11398028175835946,-0.041086660638001225,1.5229987465466701,1.6560287713723367,-0.5229706873521667,-0.6601321692574518,0.5792741525298559,0.3816209497017446,-1.353412544686226,-0.5205966798400956,1.602112155552193,0.38918470795324117,1.0,0.0,0.0,0.0,1.0,0.0,0.0,0.0,0.0,1.0,1.0,0.0,0.0,0.0,0.0,0.0,0.0,1.0,49.57
0.6794792992085168,0.09176940874274951,1.030414440445186,0.95708194725543,1.4586143189458474,0.1384632373954553,0.5951603856877182,-0.12371739740106939,-0.1805999395446271,-0.8941788405865888,1.3079108137761033,-0.9469780550772892,1.0924043720036918,0.04831709246582662,1.524198643419543,1.0768916863938542,1.6393470902413498,0.3925144541160338,-0.7795381387531892,0.0,1.0,0.0,0.0,1.0,0.0,1.0,0.0,0.0,0.0,0.0,0.0,1.0,0.0,1.0,0.0,0.0,0.0,29.9
0.9464390474487749,1.2630770675014773,1.4714086372608075,0.95708194725543,-0.8384161045909145,0.1384632373954553,-0.1366268072631221,-0.7179615952996419,-0.25035657899794006,1.5819542974523593,-1.0199082562108315,-0.5229706873521667,-1.3248874090461613,0.5792741525298559,-1.14181597525532,0.7397396543365021,0.5342595799671219,0.9820019415247949,1.5579075546596715,1.0,0.0,0.0,0.0,1.0,0.0,1.0,0.0,0.0,0.0,0.0,1.0,0.0,0.0,1.0,0.0,0.0,0.0,56.0
0.6127393621484523,-1.1050014599889935,0.02242770486662269,0.95708194725543,-1.412673710475105,-1.2496393931354215,1.3421931451583677,-0.7731414136759379,-1.505976089157573,-0.1867122297183179,-1.1394639184155986,0.3250440480980783,-1.113374378204299,1.1102312125938854,1.143339412180277,-0.011828417124678754,0.28310332763207013,-0.6792809775362593,-1.5586867032241427,0.0,1.0,1.0,0.0,0.0,0.0,1.0,0.0,0.0,0.0,1.0,0.0,0.0,0.0,0.0,1.0,0.0,0.0,48.63
0.012079928607871505,1.0848345976903668,-0.5445648338963192,-0.5233232302471649,0.3100991071774664,0.1384632373954553,-1.1588717415718852,-0.017602362062038576,0.5867230944418153,-0.5404455351524533,0.42882506227046324,1.2578602570933475,1.545646580950539,-1.5445540877262616,1.524198643419543,-1.479844556707733,-0.26944042750504377,-1.1998673300530873,1.1683332724241948,0.0,1.0,0.0,0.0,1.0,0.0,0.0,0.0,1.0,0.0,1.0,0.0,0.0,0.0,0.0,0.0,0.0,1.0,28.77
-0.6553194419927738,1.2630770675014773,1.5344078082344677,-0.5233232302471649,1.4586143189458474,-0.5555880778699831,-0.8016898973934989,-1.1721339465506937,-1.366462810250947,-0.7762677387752103,-1.4278040449094485,1.1730587835483233,1.183052813793061,1.4642025859699048,-1.14181597525532,-1.4728205560398715,-0.721521681708137,-0.7328707491188738,-0.0003895742822356069,1.0,0.0,0.0,1.0,0.0,0.0,0.0,0.0,0.0,1.0,1.0,0.0,0.0,0.0,0.0,0.0,0.0,1.0,61.85
-1.18923893847329,-0.21378911093344008,-0.10357063708069772,-0.27658903399672946,-1.412673710475105,1.179540210293613,0.6789120043614751,-0.5566667415843151,0.1681832577219376,-0.5404455351524533,0.5694787825113656,0.4098455216431025,-0.3881868438893432,0.9332455259058755,1.524198643419543,-0.2998124445070004,-0.9726779340431888,-0.1357275800554535,-0.38996385651771237,1.0,0.0,0.0,1.0,0.0,0.0,0.0,0.0,1.0,0.0,0.0,0.0,0.0,1.0,0.0,1.0,0.0,0.0,48.96
0.4125195509682587,-2.2508459087747053,-0.6705631758436396,0.7103477510049946,0.3100991071774664,-1.5966650507681408,0.2750034887717256,-0.6160911613741724,0.37745317608187645,0.5797099320556421,1.6419633993482465,-1.1165810021673384,0.4578652794781052,-0.12866859422218316,0.7624801809410108,-0.06099642179970928,-0.8219841826421577,0.5762508138278555,-1.5586867032241427,0.0,1.0,1.0,0.0,0.0,0.0,0.0,0.0,1.0,0.0,0.0,0.0,1.0,0.0,0.0,0.0,1.0,0.0,25.31
-0.4550996308125802,-0.6975901004207402,-1.5525515694748826,-0.5233232302471649,-0.8384161045909145,0.8325145526608937,-0.8454466532490551,0.2795197368872478,0.6564797338951281,-1.1300010442093458,1.2551656686857648,-0.6077721608971917,1.515430433687416,-0.48263996759820277,1.524198643419543,-1.521988560714902,-1.424759188246282,-0.8094275656654663,1.5579075546596715,1.0,0.0,0.0,1.0,0.0,0.0,0.0,1.0,0.0,0.0,0.0,1.0,0.0,0.0,0.0,1.0,0.0,0.0,33.7
-0.922279190233032,1.2376138575284612,-1.741549082395863,-0.02985483774629404,-0.26415849870672403,-0.20856242023726393,1.0212442707608267,-1.4904790525677862,0.93550629170838,-0.7173121878695211,0.8191391359389674,0.6642499422781758,-1.0227259364149297,-1.0135970276622321,0.3816209497017446,-1.4096045500291179,0.6347220809011427,1.63273488217083,1.5579075546596715,0.0,1.0,0.0,1.0,0.0,0.0,0.0,0.0,0.0,1.0,0.0,0.0,1.0,0.0,0.0,1.0,0.0,0.0,64.1
0.07881986566793604,-0.11193627104137717,1.345410295313487,0.21687935850414136,0.8843567130616569,-1.5966650507681408,1.0705448689872226,1.1029724111181267,1.1447762100683188,-0.3635788824353856,-1.550876050120238,-0.862176581532265,-1.5364004398880233,-0.6596256542862126,-1.14181597525532,1.3438037117725914,0.08217832576402873,0.3389246825334192,-0.0003895742822356069,1.0,0.0,1.0,0.0,0.0,0.0,0.0,1.0,0.0,0.0,0.0,0.0,1.0,0.0,0.0,1.0,0.0,0.0,65.69
1.4136186068692267,-1.1050014599889935,-1.741549082395863,-1.016791622748018,0.8843567130616569,-0.5555880778699831,-0.03327374592103912,0.19462770861602305,-0.1805999395446271,1.1103098902068453,-1.336379126752862,-1.2861839492573874,0.12548765958375055,0.4022884658418462,1.143339412180277,-1.2761485373397494,0.8356470827691841,0.4537599073533077,1.5579075546596715,1.0,0.0,0.0,1.0,0.0,0.0,1.0,0.0,0.0,0.0,0.0,1.0,0.0,0.0,0.0,0.0,0.0,1.0,51.49
0.14555980272800056,-0.5957372605286773,-0.16656980805435792,-1.016791622748018,-0.8384161045909145,-1.5966650507681408,1.702146910522174,0.5639080315958503,-1.366462810250947,1.6409098483580484,-0.10214273163894333,0.4946469951881267,-1.2644551145199148,0.9332455259058755,1.524198643419543,-1.4166285506969796,-0.42013417890607485,-0.5644457527163707,1.5579075546596715,0.0,1.0,0.0,0.0,1.0,0.0,0.0,0.0,1.0,0.0,0.0,0.0,1.0,0.0,0.0,1.0,0.0,0.0,60.94
-0.922279190233032,0.7792760780141763,1.030414440445186,-0.27658903399672946,1.4586143189458474,0.1384632373954553,1.5534531383614378,0.6700230669348811,-0.6688964157178177,-1.5426899005491703,-0.1759859347654171,-0.09896331962704417,-1.0831582309411758,-1.0135970276622321,1.143339412180277,1.392971716447622,-0.36990292843906447,-0.21994007825670508,0.778758990188718,1.0,0.0,0.0,0.0,0.0,1.0,0.0,0.0,0.0,1.0,0.0,0.0,0.0,1.0,0.0,1.0,0.0,0.0,73.6
1.2801387327490976,0.47371755833798673,-0.5445648338963192,-0.02985483774629404,-1.412673710475105,-1.2496393931354215,-0.821291340061825,-0.7264507981267644,-1.6454893680641989,1.6409098483580484,-0.7772805887952748,-0.2685662667170933,1.3643496973718003,0.9332455259058755,-1.14181597525532,-0.7914924912573057,-1.2740654368452509,-0.4189878012778452,1.1683332724241948,0.0,1.0,0.0,0.0,1.0,0.0,1.0,0.0,0.0,0.0,0.0,1.0,0.0,0.0,0.0,1.0,0.0,0.0,32.99
0.5459994250883877,-0.34110516079851916,1.4714086372608075,0.46361355475455923,-0.26415849870672403,-0.20856242023726393,0.5276443053857062,-0.11947279598750825,-0.11084330009131417,0.1670210757158175,0.2987203710476285,1.088257310003299,-1.7176973234667623,0.7562598392178658,1.143339412180277,0.7889076590115327,0.5342595799671219,0.6834303569930847,-1.5586867032241427,1.0,0.0,1.0,0.0,0.0,0.0,0.0,0.0,0.0,1.0,0.0,1.0,0.0,0.0,1.0,0.0,0.0,0.0,56.53
-1.3894587496534836,-0.4684212106635982,-0.35556732097533855,0.7103477510049946,0.3100991071774664,0.4854888950281745,1.5538491271022121,1.5316771538878113,-0.5991397762645048,0.4617988302442637,-0.520587549355628,1.088257310003299,1.0924043720036918,-0.305654280910193,-0.7609567440160538,0.7818836583436711,0.4337970790331012,1.1580826195819574,-0.38996385651771237,0.0,1.0,0.0,1.0,0.0,0.0,0.0,0.0,1.0,0.0,1.0,0.0,0.0,0.0,0.0,0.0,1.0,0.0,71.33
-0.5885795049327093,-0.49388442063661436,-1.1745565436329213,-1.016791622748018,-0.8384161045909145,-1.2496393931354215,-0.1144514377797633,0.8864977390265039,1.3540461284282577,1.6409098483580484,-1.0867187733252601,1.766669098363494,0.03483921779438112,0.2253027791538364,-0.7609567440160538,-0.31386044584272343,-0.9224466835761784,-0.3347753030765936,-0.38996385651771237,0.0,1.0,0.0,0.0,1.0,0.0,0.0,0.0,0.0,1.0,0.0,0.0,1.0,0.0,0.0,0.0,1.0,0.0,48.82
1.6138384180494203,-1.0286118300699458,-1.1115573726592611,-0.7700574264976002,-0.26415849870672403,0.1384632373954553,-0.07128866503536849,1.5783677694369846,-1.7152460075175118,-1.2479121460207243,0.03851098860195907,-0.6925736344422158,0.18591995410999693,-0.48263996759820277,1.524198643419543,0.31127561359695044,0.6849533313681531,-0.5721014343710299,1.5579075546596715,1.0,0.0,0.0,0.0,1.0,0.0,1.0,0.0,0.0,0.0,0.0,1.0,0.0,0.0,0.0,0.0,1.0,0.0,41.24
-1.4561986867135481,1.568635587177667,0.7784177565505451,-1.016791622748018,-0.26415849870672403,0.1384632373954553,-0.9967143522248241,0.8185841164095241,-1.366462810250947,0.9334432374897776,1.237583953655652,0.4098455216431025,0.5787298685305977,0.4022884658418462,1.524198643419543,-0.6439884772322141,0.6347220809011427,-1.2687684649450204,-0.7795381387531892,0.0,1.0,1.0,0.0,0.0,0.0,0.0,1.0,0.0,0.0,0.0,1.0,0.0,0.0,0.0,0.0,1.0,0.0,38.99
1.3468786698091622,-0.41749479071756673,0.7784177565505451,1.4505503397563009,1.4586143189458474,-0.20856242023726393,0.9784774867572061,-1.121198729587959,-1.43621944970426,1.5229987465466701,-1.695046113367163,-0.01416184608201998,-0.2371061075737274,-1.0135970276622321,1.524198643419543,-0.2717164418355544,-0.721521681708137,-1.6668639109873007,-1.5586867032241427,1.0,0.0,1.0,0.0,0.0,0.0,0.0,0.0,1.0,0.0,0.0,0.0,0.0,1.0,0.0,0.0,0.0,1.0,36.37
-0.12139994551225756,1.1612242276094136,-1.4895523985012222,-0.02985483774629404,0.3100991071774664,-0.20856242023726393,0.2884671059580506,-1.4947236539813475,1.3540461284282577,-1.424778798737792,0.006863901547756031,0.3250440480980783,-1.3551035563092844,0.5792741525298559,-0.3800975127767877,-0.42624445652850745,0.4337970790331012,-1.5979627760953676,-0.0003895742822356069,1.0,0.0,0.0,1.0,0.0,0.0,0.0,1.0,0.0,0.0,1.0,0.0,0.0,0.0,0.0,0.0,0.0,1.0,65.63
-1.6564184978937417,1.4667827472856039,-1.741549082395863,-0.02985483774629404,-0.26415849870672403,-0.9026137355027024,-1.6568275830955226,0.2455629255787579,1.7028293256948224,1.6998653992637378,-0.9073852800181096,-1.2013824757123632,-1.3853197035724074,0.9332455259058755,0.7624801809410108,0.9012916696973168,1.237497086505267,0.4384485440439892,0.778758990188718,1.0,0.0,0.0,1.0,0.0,0.0,0.0,0.0,1.0,0.0,0.0,1.0,0.0,0.0,0.0,1.0,0.0,0.0,52.49
-1.1224990014132255,0.9320553378522716,-0.7335623468172998,-0.02985483774629404,1.4586143189458474,1.526565867926332,1.4316866005733515,-0.5014869232080191,0.23793989717525055,0.34388772843288523,-0.6823393276326657,-1.4557868963474365,0.8808913411618293,0.04831709246582662,1.143339412180277,1.1892756970796383,-0.7717529321751474,0.7752985368489956,-0.38996385651771237,0.0,1.0,0.0,0.0,1.0,0.0,1.0,0.0,0.0,0.0,0.0,0.0,0.0,1.0,0.0,0.0,0.0,1.0,24.07
0.2122997397880651,-0.5193476306096296,-0.41856649194899875,-0.7700574264976002,-1.412673710475105,1.526565867926332,0.05423976579007328,-0.7816306165030603,-0.9479229735310695,0.9334432374897776,-0.872221849957884,-0.01416184608201998,-0.9925097891518064,1.6411882726579148,0.0007617184624784484,-0.2506444398319699,1.237497086505267,1.63273488217083,1.5579075546596715,0.0,1.0,0.0,0.0,1.0,0.0,0.0,0.0,1.0,0.0,0.0,1.0,0.0,0.0,0.0,0.0,1.0,0.0,56.12
1.5470984809893558,0.32093829849989236,0.3374235597349237,1.4505503397563009,1.4586143189458474,-1.2496393931354215,0.18907393202371026,1.0265695856740247,0.93550629170838,1.2282209920182239,0.05960904663809443,-0.862176581532265,-1.657265028940516,0.2253027791538364,-1.522675206494586,-0.67208447990366,-0.018284175169991985,0.6221849037558109,0.38918470795324117,1.0,0.0,0.0,1.0,0.0,0.0,0.0,1.0,0.0,0.0,0.0,1.0,0.0,0.0,1.0,0.0,0.0,0.0,72.23
1.213398795689033,-0.11193627104137717,1.030414440445186,0.46361355475455923,-1.412673710475105,0.4854888950281745,0.00672111689716157,-0.46753011189952925,1.4935594073348835,1.6998653992637378,-0.49597314831347006,0.9186543629132492,1.666511170003032,0.7562598392178658,1.524198643419543,-0.2717164418355544,-0.6210591807741163,-0.05151508185420188,0.38918470795324117,1.0,0.0,1.0,0.0,0.0,0.0,0.0,0.0,1.0,0.0,0.0,1.0,0.0,0.0,0.0,1.0,0.0,0.0,41.02
-1.4561986867135481,-1.0031486200969306,0.7784177565505451,-0.02985483774629404,-1.412673710475105,-1.5966650507681408,-1.6196046414627419,-0.6373141684419785,-1.575732728610886,1.2282209920182239,-0.791345960819365,-1.5405883698924607,1.666511170003032,0.2253027791538364,0.3816209497017446,1.7933397545157277,-0.21920917703803341,-0.36539802969523055,-0.7795381387531892,0.0,1.0,0.0,1.0,0.0,0.0,1.0,0.0,0.0,0.0,0.0,0.0,0.0,1.0,0.0,1.0,0.0,0.0,20.37
0.4125195509682587,0.24454866858084476,0.02242770486662269,-1.016791622748018,-0.26415849870672403,0.1384632373954553,1.102619956989938,1.1708860337351064,1.5633160467881964,-0.953134391492278,0.4850865503668242,-1.4557868963474365,-0.4486191384155896,-0.305654280910193,-0.7609567440160538,-1.3674605460219489,1.1370345855712463,0.7140530836117217,-0.0003895742822356069,1.0,0.0,0.0,0.0,1.0,0.0,0.0,0.0,1.0,0.0,0.0,0.0,1.0,0.0,0.0,0.0,1.0,0.0,54.78
-1.7231584349538063,-1.2832439298001042,-1.5525515694748826,-1.2635258189984535,1.4586143189458474,0.1384632373954553,0.2712415957343701,1.1581522294944226,-1.7152460075175118,0.6386654829613314,0.5765114685234107,-0.43816921380714247,-1.657265028940516,-1.7215397744142713,-0.7609567440160538,0.1075795942289668,-1.5754529396473131,-1.6821752742966192,0.38918470795324117,1.0,0.0,1.0,0.0,0.0,0.0,0.0,1.0,0.0,0.0,0.0,1.0,0.0,0.0,0.0,0.0,1.0,0.0,54.94
-0.5885795049327093,1.1357610176363981,-1.4895523985012222,-0.27658903399672946,-1.412673710475105,-0.9026137355027024,-1.7085041137665642,-0.5057315246215803,0.09842661826862466,-0.4225344333410749,1.4098847609507574,-1.5405883698924607,0.7902428993724601,-1.3675684010382516,-1.522675206494586,-0.7282764852465521,-1.0229091845101992,1.1657383012366167,-0.38996385651771237,0.0,1.0,1.0,0.0,0.0,0.0,1.0,0.0,0.0,0.0,0.0,1.0,0.0,0.0,0.0,0.0,1.0,0.0,18.49
0.34577961390819417,-0.570274050555661,-1.1115573726592611,-0.7700574264976002,0.3100991071774664,-1.2496393931354215,1.2321082752231223,1.1114616139452493,1.5633160467881964,-0.3046233315296964,-1.023424599216854,1.6818676248184699,1.1528366665299379,0.2253027791538364,1.143339412180277,-0.49648446320712253,-1.2740654368452509,-0.6563139325722815,-0.7795381387531892,1.0,0.0,1.0,0.0,0.0,0.0,0.0,1.0,0.0,0.0,0.0,0.0,1.0,0.0,0.0,0.0,0.0,1.0,44.66
1.3468786698091622,0.1172326187157657,1.4084094662871471,-1.016791622748018,-0.26415849870672403,-1.2496393931354215,-1.0644284268972233,1.1751306351486677,-0.11084330009131417,-0.3046233315296964,-0.8898035649879967,-0.18376479317206912,-1.3248874090461613,1.6411882726579148,-1.14181597525532,-0.9951885106252892,-0.06851542563700234,-0.9395741537946732,-0.0003895742822356069,0.0,1.0,1.0,0.0,0.0,0.0,0.0,0.0,1.0,0.0,0.0,1.0,0.0,0.0,0.0,1.0,0.0,0.0,66.95
1.4803585439292912,0.1936222486348133,-0.48156566292265895,-0.27658903399672946,1.4586143189458474,1.179540210293613,-0.9882005942981774,-0.2765230482892737,1.2842894889749448,0.8744876865840884,-0.5557509794158536,-0.6077721608971917,-1.2644551145199148,0.4022884658418462,-1.522675206494586,-0.39112445318919997,0.28310332763207013,-1.0697207419238803,0.778758990188718,1.0,0.0,1.0,0.0,0.0,0.0,0.0,0.0,0.0,1.0,1.0,0.0,0.0,0.0,0.0,0.0,1.0,0.0,63.37
-1.055759064353161,-0.34110516079851916,0.4004227307085839,-0.27658903399672946,1.4586143189458474,-0.20856242023726393,-1.28558813861965,-1.4904790525677862,-0.45962649735787886,-0.3046233315296964,1.4872443070832537,0.4946469951881267,1.1226205192668148,-0.8366113409742223,0.7624801809410108,0.9926036783795162,-1.3242966873122612,0.4384485440439892,0.38918470795324117,0.0,1.0,1.0,0.0,0.0,0.0,0.0,1.0,0.0,0.0,0.0,1.0,0.0,0.0,1.0,0.0,0.0,0.0,23.47
-0.38835969375251567,0.4991807683110029,-1.0485582016856008,0.21687935850414136,0.8843567130616569,0.4854888950281745,-1.5415948595302118,-1.7111983260729704,-1.2269495313443213,1.5819542974523593,-0.2709271959280262,0.9186543629132492,1.4549981391611695,-0.12866859422218316,1.524198643419543,0.5079476322970725,-1.424759188246282,-0.6945923408455777,-1.1691124209886659,1.0,0.0,0.0,0.0,1.0,0.0,0.0,0.0,1.0,0.0,1.0,0.0,0.0,0.0,0.0,1.0,0.0,0.0,4.77
-0.05466000845219303,-0.570274050555661,-0.16656980805435792,-0.5233232302471649,1.4586143189458474,-0.20856242023726393,-0.22889218386352567,0.06304506479562501,1.2842894889749448,-1.2479121460207243,1.677126829408472,0.15544110100802916,1.001755930214322,-0.12866859422218316,0.3816209497017446,0.9364116730366242,-0.5205966798400956,1.3035405710204828,-1.5586867032241427,1.0,0.0,0.0,0.0,1.0,0.0,0.0,0.0,0.0,1.0,0.0,0.0,1.0,0.0,0.0,1.0,0.0,0.0,22.64
-0.12139994551225756,0.8047392879871925,1.4084094662871471,-1.016791622748018,-0.26415849870672403,0.4854888950281745,-0.3065059770552815,-0.5481775387571927,1.4935594073348835,-0.8352232896808995,-0.028299528512469568,-0.09896331962704417,-1.0529420836780528,0.9332455259058755,1.143339412180277,0.36044361827198096,-1.6759154405813337,-1.6974866376059377,-0.0003895742822356069,0.0,1.0,1.0,0.0,0.0,0.0,0.0,0.0,0.0,1.0,0.0,0.0,0.0,1.0,0.0,0.0,0.0,1.0,44.52
-0.32161975669245113,-1.4614863996112146,-0.6075640048699794,-1.016791622748018,0.3100991071774664,-0.5555880778699831,0.533386142126933,1.6717490005353322,-1.6454893680641989,1.287176542923913,-0.1935676497955299,-1.0317795286223141,-0.32775454936309684,-1.7215397744142713,1.143339412180277,1.168203695076054,1.1370345855712463,-0.8170832473201255,-0.0003895742822356069,1.0,0.0,1.0,0.0,0.0,0.0,1.0,0.0,0.0,0.0,0.0,0.0,1.0,0.0,0.0,1.0,0.0,0.0,43.5
0.012079928607871505,0.04084298879671807,1.030414440445186,1.2038161435058654,1.4586143189458474,0.8325145526608937,-1.1733253306101459,0.90772074609431,0.3076965366285635,-1.0120899423979672,-0.8651891639458389,0.6642499422781758,0.3370006904256127,0.9332455259058755,1.524198643419543,0.8450996643544247,-1.6759154405813337,1.502588294041623,0.38918470795324117,0.0,1.0,1.0,0.0,0.0,0.0,0.0,0.0,0.0,1.0,0.0,1.0,0.0,0.0,0.0,0.0,1.0,0.0,37.65
1.4803585439292912,1.8996573168268727,-1.363554056553902,-1.2635258189984535,0.8843567130616569,1.526565867926332,-1.1925307845376978,0.869519333372259,0.3076965366285635,-1.719556553266238,1.2868127557399678,1.427463204183396,-1.2040228199936687,-1.1905827143502419,0.7624801809410108,-1.5571085640542095,0.08217832576402873,-0.15869462501943118,-0.7795381387531892,1.0,0.0,1.0,0.0,0.0,0.0,0.0,1.0,0.0,0.0,1.0,0.0,0.0,0.0,0.0,0.0,1.0,0.0,39.29
-0.922279190233032,-1.1050014599889935,1.1564127823925063,0.21687935850414136,-0.26415849870672403,1.526565867926332,0.1560088721690592,1.52743255247425,1.6330726862415095,0.9923987883954669,-1.7020787993792081,-0.2685662667170933,-1.0227259364149297,-0.8366113409742223,1.524198643419543,0.388539620943427,-1.726146691048344,-0.6333468876083038,-1.5586867032241427,0.0,1.0,0.0,1.0,0.0,0.0,0.0,1.0,0.0,0.0,0.0,0.0,0.0,1.0,1.0,0.0,0.0,0.0,36.61
0.4125195509682587,-0.7739797303397877,1.6604061501817882,0.46361355475455923,-1.412673710475105,0.4854888950281745,-0.9161306434772614,1.2982240761419435,0.93550629170838,-1.0710454933036564,-1.1957254065119596,-0.862176581532265,-0.7507806110468211,1.4642025859699048,1.524198643419543,1.2454677024225305,-0.9726779340431888,-0.5874127976803484,-0.38996385651771237,0.0,1.0,0.0,0.0,0.0,1.0,0.0,0.0,0.0,1.0,0.0,1.0,0.0,0.0,0.0,1.0,0.0,0.0,56.0
0.47925948802832324,0.44825434836497147,-1.363554056553902,-0.02985483774629404,-0.8384161045909145,1.526565867926332,-0.3817438378023917,-0.6330695670284173,1.3540461284282577,-0.24566778062400715,-0.35180308506654506,0.15544110100802916,0.03483921779438112,-1.5445540877262616,-1.522675206494586,1.0558196843902699,-0.018284175169991985,0.33126900087875993,-0.38996385651771237,0.0,1.0,0.0,0.0,1.0,0.0,0.0,0.0,1.0,0.0,0.0,0.0,0.0,1.0,0.0,1.0,0.0,0.0,33.13
0.9464390474487749,0.09176940874274951,-0.16656980805435792,1.6972845360067186,-0.8384161045909145,-0.20856242023726393,-0.08079239481395084,-1.1509109394828876,0.44720981553518935,-1.3068676969264135,-0.9882611691566284,-0.01416184608201998,0.03483921779438112,1.287216899281895,0.3816209497017446,1.0768916863938542,-1.726146691048344,-0.15869462501943118,-1.1691124209886659,0.0,1.0,0.0,0.0,1.0,0.0,0.0,1.0,0.0,0.0,0.0,0.0,0.0,1.0,0.0,0.0,0.0,1.0,23.87
0.5459994250883877,0.27001187855386005,0.715418585576885,0.46361355475455923,-1.412673710475105,0.1384632373954553,1.3718923007164376,0.8185841164095241,-1.7152460075175118,-1.424778798737792,-0.4397116602171091,-1.2861839492573874,1.0924043720036918,-0.12866859422218316,1.143339412180277,-1.634372571400686,-0.1187466761040127,1.372441705912416,1.1683332724241948,1.0,0.0,0.0,0.0,1.0,0.0,0.0,1.0,0.0,0.0,0.0,1.0,0.0,0.0,0.0,0.0,1.0,0.0,42.48
-1.7231584349538063,0.42279113839195526,-1.4895523985012222,1.6972845360067186,1.4586143189458474,-0.20856242023726393,-1.3566681175886304,-0.42932869917747823,0.8657496522550671,0.9923987883954669,1.589218254257908,-0.5229706873521667,0.8808913411618293,-1.1905827143502419,1.524198643419543,-0.39112445318919997,-0.47036542937308523,-0.5414787077523929,0.38918470795324117,1.0,0.0,0.0,1.0,0.0,0.0,1.0,0.0,0.0,0.0,0.0,0.0,1.0,0.0,1.0,0.0,0.0,0.0,22.62
-0.38835969375251567,0.5501071882570343,-0.48156566292265895,-0.7700574264976002,-0.8384161045909145,0.4854888950281745,1.135487022474202,-0.10673899174682444,-0.8781663340777566,-1.2479121460207243,0.6257402706077266,1.766669098363494,1.4247819918980464,-1.7215397744142713,-0.3800975127767877,1.7652437518442816,0.031947075297018374,1.242295117783209,-0.7795381387531892,0.0,1.0,1.0,0.0,0.0,0.0,0.0,0.0,1.0,0.0,0.0,1.0,0.0,0.0,0.0,0.0,1.0,0.0,46.35
1.4136186068692267,1.0339081777443344,-0.9225598597382804,-0.7700574264976002,-0.8384161045909145,-1.2496393931354215,0.6535687249519223,0.42383618494832964,-1.0176796129843824,1.4640431956409807,0.2741059700054706,-1.3709854228024116,1.1528366665299379,0.7562598392178658,-1.14181597525532,-0.7704204892537212,-0.721521681708137,-0.005580991926246468,-1.5586867032241427,0.0,1.0,0.0,0.0,1.0,0.0,0.0,0.0,0.0,1.0,0.0,1.0,0.0,0.0,0.0,1.0,0.0,0.0,37.21
-1.3894587496534836,0.32093829849989236,-1.5525515694748826,0.46361355475455923,-1.412673710475105,-0.20856242023726393,0.21560517765558598,1.366137698758923,-1.0874362524376953,1.3461320938296022,-1.4278040449094485,-0.6925736344422158,-0.8716452000993138,-0.12866859422218316,1.524198643419543,-1.4728205560398715,1.5891158397743395,-1.1003434685425173,-0.7795381387531892,0.0,1.0,0.0,1.0,0.0,0.0,0.0,0.0,1.0,0.0,0.0,0.0,1.0,0.0,0.0,1.0,0.0,0.0,51.64
0.07881986566793604,-0.34110516079851916,-0.35556732097533855,-0.27658903399672946,1.4586143189458474,1.526565867926332,-1.3459764215877252,-0.2935014539435187,1.5633160467881964,-1.3068676969264135,-1.536810678096148,-0.9469780550772892,-0.5996998747312053,1.287216899281895,1.524198643419543,-1.2199565319968575,-1.12337168544422,-0.17400598832874967,1.1683332724241948,1.0,0.0,0.0,0.0,1.0,0.0,1.0,0.0,0.0,0.0,1.0,0.0,0.0,0.0,1.0,0.0,0.0,0.0,25.22
-0.6553194419927738,0.6010336082030657,0.8414169275242054,1.6972845360067186,1.4586143189458474,-0.9026137355027024,-0.7143743800527736,0.945922158816361,0.028669978815311713,-0.5404455351524533,0.7769430198666967,-0.862176581532265,0.004623070531257804,0.9332455259058755,1.143339412180277,-1.1426925246503807,-0.6712904312411266,0.20877809440421213,-0.38996385651771237,1.0,0.0,1.0,0.0,0.0,0.0,1.0,0.0,0.0,0.0,0.0,1.0,0.0,0.0,0.0,1.0,0.0,0.0,36.66
-1.4561986867135481,1.8487308968808411,-0.5445648338963192,0.21687935850414136,-1.412673710475105,1.179540210293613,0.34053962536986637,-0.8028536235708666,-0.38986985790456596,-0.4814899842467641,0.49915192239091444,-0.43816921380714247,-1.687481176203639,0.4022884658418462,-0.7609567440160538,-0.36302845051775395,0.3835658285660909,-0.9472298354493325,-0.7795381387531892,1.0,0.0,1.0,0.0,0.0,0.0,0.0,0.0,1.0,0.0,0.0,0.0,0.0,1.0,1.0,0.0,0.0,0.0,53.64
0.27903967684812964,-0.21378911093344008,-0.8595606887646202,-1.016791622748018,1.4586143189458474,0.1384632373954553,-1.5433768088636959,0.6530446612806362,-0.5991397762645048,-1.424778798737792,-0.16192056274132685,0.4098455216431025,1.3945658446349234,0.7562598392178658,0.0007617184624784484,-0.9951885106252892,1.4384220883733083,1.3571303426030976,-0.38996385651771237,1.0,0.0,0.0,1.0,0.0,0.0,1.0,0.0,0.0,0.0,0.0,1.0,0.0,0.0,1.0,0.0,0.0,0.0,42.76
-1.4561986867135481,-1.0795382500159774,1.345410295313487,-1.7569942114993242,1.4586143189458474,1.526565867926332,-1.5586223753835051,-1.7111983260729704,-0.5991397762645048,0.9923987883954669,0.4499231203065986,1.3426617306383717,-1.5968327344142697,-1.5445540877262616,-1.14181597525532,1.7020277458335282,1.237497086505267,-0.07448212681817959,-0.38996385651771237,0.0,1.0,0.0,0.0,1.0,0.0,1.0,0.0,0.0,0.0,0.0,1.0,0.0,0.0,0.0,0.0,1.0,0.0,45.77
0.7462192362685813,1.0339081777443344,1.4714086372608075,-0.02985483774629404,-0.26415849870672403,-0.9026137355027024,-0.45539774358640484,1.2430442577656473,-1.505976089157573,-1.3068676969264135,-0.6612412695965304,0.15544110100802916,-0.6299160219943284,1.6411882726579148,-0.7609567440160538,0.2972276122612274,0.9361095837032049,-0.6103798426443261,-1.1691124209886659,0.0,1.0,0.0,0.0,0.0,1.0,1.0,0.0,0.0,0.0,0.0,0.0,0.0,1.0,1.0,0.0,0.0,0.0,71.51
-1.5896785608336772,-0.21378911093344008,1.030414440445186,-0.02985483774629404,-0.26415849870672403,0.4854888950281745,-0.5138060828506088,-1.6135724935610618,-1.43621944970426,-0.24566778062400715,-1.2660522666324108,-0.6925736344422158,0.21613610137311998,-1.1905827143502419,-1.522675206494586,1.1190356904010232,0.6849533313681531,-0.250562804875342,-0.38996385651771237,0.0,1.0,0.0,1.0,0.0,0.0,0.0,0.0,1.0,0.0,0.0,0.0,1.0,0.0,0.0,1.0,0.0,0.0,51.28
-0.25487981963238665,-2.3017723287207366,0.02242770486662269,0.21687935850414136,-1.412673710475105,-0.5555880778699831,1.4344585217587713,0.703979878243371,-0.1805999395446271,-0.4225344333410749,-0.24982913789189085,1.5122646777284217,0.06505536505750417,-1.7215397744142713,-0.3800975127767877,-0.15230843048190884,-1.2238341863782405,1.2729178444018459,1.5579075546596715,1.0,0.0,0.0,0.0,1.0,0.0,1.0,0.0,0.0,0.0,1.0,0.0,0.0,0.0,0.0,0.0,0.0,1.0,48.75
0.6794792992085168,0.7792760780141763,-1.3005548855802416,1.2038161435058654,0.3100991071774664,-0.9026137355027024,0.5187345587182852,-1.5583926751847659,1.4238027678815706,-0.12775667881262867,1.4485645340170057,-2.1341986847076324,0.5182975740043516,-0.6596256542862126,0.0007617184624784484,1.0347476823866852,-1.0731404349772096,0.5992178587918332,-0.38996385651771237,1.0,0.0,0.0,0.0,1.0,0.0,0.0,0.0,0.0,1.0,1.0,0.0,0.0,0.0,0.0,0.0,0.0,1.0,22.62
0.6794792992085168,-0.6212004705016935,0.7784177565505451,0.95708194725543,-0.8384161045909145,0.8325145526608937,1.5013806189496222,-0.811342826397989,-1.0874362524376953,-0.8352232896808995,-0.376417486108703,0.6642499422781758,0.09527151232062724,0.04831709246582662,-1.14181597525532,-1.3323405426826413,-0.9726779340431888,1.1580826195819574,-1.5586867032241427,1.0,0.0,1.0,0.0,0.0,0.0,0.0,0.0,0.0,1.0,0.0,0.0,0.0,1.0,0.0,1.0,0.0,0.0,50.13
-1.1224990014132255,-0.1883259009604239,1.2194119533661667,-0.5233232302471649,-0.26415849870672403,-0.5555880778699831,0.43141904137756,-0.026091564889161048,1.4238027678815706,-0.6583566369638318,1.7439373465229007,-1.0317795286223141,-0.9622936418886833,-0.12866859422218316,-0.7609567440160538,1.5685717331441595,-0.1187466761040127,-1.3070468732183165,-1.5586867032241427,0.0,1.0,0.0,1.0,0.0,0.0,0.0,1.0,0.0,0.0,0.0,0.0,1.0,0.0,0.0,0.0,0.0,1.0,54.06
-1.1224990014132255,0.24454866858084476,-0.6075640048699794,-1.2635258189984535,-0.8384161045909145,-1.5966650507681408,0.494381251160668,-0.28925685252995753,0.1681832577219376,-1.424778798737792,-1.0339736282349217,-0.09896331962704417,-1.0529420836780528,-1.7215397744142713,0.3816209497017446,-0.5807724712214606,-0.06851542563700234,-0.8477059739387625,-1.5586867032241427,0.0,1.0,0.0,1.0,0.0,0.0,0.0,0.0,0.0,1.0,0.0,1.0,0.0,0.0,0.0,0.0,0.0,1.0,47.94
-0.5218395678726447,0.1172326187157657,1.2194119533661667,-1.2635258189984535,0.8843567130616569,0.1384632373954553,-0.29324035423934364,-1.066018911211663,0.5169664549885024,0.6976210338670207,-1.5649414221443283,0.5794484687331517,1.3945658446349234,0.04831709246582662,0.3816209497017446,0.9645076757080703,0.13240957623103908,-0.6716252958816,-0.0003895742822356069,1.0,0.0,1.0,0.0,0.0,0.0,0.0,1.0,0.0,0.0,0.0,1.0,0.0,0.0,1.0,0.0,0.0,0.0,44.63
-0.6553194419927738,0.6264968181760819,0.6524194146032247,-0.7700574264976002,-1.412673710475105,1.526565867926332,-1.5233793774545956,-0.5821343500656825,1.2145328495216317,0.520754381149953,0.8718842810293058,-1.6253898434374858,-0.8414290528361906,-0.12866859422218316,0.7624801809410108,-1.4096045500291179,0.9361095837032049,1.4413428408043492,0.38918470795324117,0.0,1.0,0.0,0.0,0.0,1.0,0.0,0.0,1.0,0.0,0.0,1.0,0.0,0.0,0.0,0.0,0.0,1.0,49.65
-0.38835969375251567,-0.5193476306096296,1.0934136114188462,-0.27658903399672946,0.3100991071774664,-1.5966650507681408,0.4660680561953081,0.7549150952061059,0.028669978815311713,-1.424778798737792,0.9316621121316893,0.15544110100802916,-0.7809967583099442,0.5792741525298559,1.524198643419543,-1.3744845466898106,1.1370345855712463,-0.8477059739387625,0.38918470795324117,1.0,0.0,0.0,0.0,1.0,0.0,1.0,0.0,0.0,0.0,0.0,1.0,0.0,0.0,0.0,0.0,0.0,1.0,52.82
-0.8555392531729674,0.44825434836497147,-0.04057146610703752,0.21687935850414136,0.8843567130616569,-0.20856242023726393,0.05087386149349204,0.5554188287687276,1.7028293256948224,-0.1867122297183179,-1.016391913204809,0.24024257455305337,-0.32775454936309684,0.5792741525298559,-0.3800975127767877,-0.587796471889322,-1.5754529396473131,-1.6056184577500268,0.38918470795324117,1.0,0.0,0.0,0.0,1.0,0.0,0.0,0.0,0.0,1.0,0.0,1.0,0.0,0.0,0.0,0.0,0.0,1.0,53.34
-1.18923893847329,-0.34110516079851916,1.0934136114188462,-0.7700574264976002,0.8843567130616569,0.4854888950281745,1.384365946050827,-1.4735006469135414,1.5633160467881964,-0.7173121878695211,-0.8124440188555004,1.5122646777284217,-1.2644551145199148,-0.6596256542862126,0.0007617184624784484,1.4280917197869294,-0.31967167797205415,0.38485877246137457,1.5579075546596715,0.0,1.0,0.0,0.0,0.0,1.0,0.0,1.0,0.0,0.0,0.0,0.0,0.0,1.0,0.0,0.0,1.0,0.0,78.82
1.2801387327490976,0.6774232381221134,-0.10357063708069772,0.21687935850414136,1.4586143189458474,0.1384632373954553,1.0725248126910938,0.8228287178230856,0.23793989717525055,-0.6583566369638318,0.6960671307281778,2.529882360268715,0.004623070531257804,0.04831709246582662,-1.14181597525532,-0.41219645519278447,-1.6256841901143235,0.07863150627500513,-1.5586867032241427,1.0,0.0,0.0,1.0,0.0,0.0,0.0,0.0,1.0,0.0,0.0,1.0,0.0,0.0,0.0,1.0,0.0,0.0,67.28
-1.7231584349538063,0.5501071882570343,-1.5525515694748826,0.21687935850414136,0.8843567130616569,-1.2496393931354215,1.2723011324117102,-1.5371696681169598,0.09842661826862466,0.75657658477271,-1.6458173112828471,-1.6253898434374858,0.5485137212674747,-1.1905827143502419,0.3816209497017446,0.023291586214628762,-1.0731404349772096,-1.3682923264555904,0.38918470795324117,0.0,1.0,1.0,0.0,0.0,0.0,0.0,1.0,0.0,0.0,0.0,1.0,0.0,0.0,1.0,0.0,0.0,0.0,40.06
1.6138384180494203,-1.0286118300699458,-0.8595606887646202,0.21687935850414136,-1.412673710475105,-0.5555880778699831,-0.8224793062841478,0.12671408599904327,-0.5293831368111919,0.4617988302442637,0.6855181017101101,1.427463204183396,0.9715397829511989,-1.5445540877262616,-0.3800975127767877,-1.6273485707328246,-0.06851542563700234,1.3341632976391198,1.1683332724241948,1.0,0.0,0.0,1.0,0.0,0.0,1.0,0.0,0.0,0.0,0.0,0.0,1.0,0.0,0.0,0.0,0.0,1.0,46.43
1.213398795689033,1.0084449677713192,0.4004227307085839,-1.2635258189984535,-0.26415849870672403,-1.2496393931354215,-0.945631804664944,-0.8325658334657952,1.005262931161693,0.520754381149953,1.0336360593063436,-0.01416184608201998,0.7298106048462135,-0.6596256542862126,0.0007617184624784484,-0.6229164752286296,0.9361095837032049,-1.1462775584704725,1.1683332724241948,0.0,1.0,0.0,0.0,0.0,1.0,0.0,0.0,0.0,1.0,0.0,1.0,0.0,0.0,0.0,1.0,0.0,0.0,66.35
-0.922279190233032,-0.6212004705016935,0.5264210726559043,0.46361355475455923,-1.412673710475105,-1.5966650507681408,0.30153473440360135,0.2795197368872478,-1.0874362524376953,-1.424778798737792,-0.5346529213797182,-0.862176581532265,-1.2342389672567917,1.4642025859699048,0.7624801809410108,-0.15933243114977033,1.4886533388403187,0.29299059260546373,-0.7795381387531892,0.0,1.0,0.0,1.0,0.0,0.0,0.0,0.0,1.0,0.0,1.0,0.0,0.0,0.0,0.0,0.0,0.0,1.0,60.33
-1.5229386237736127,0.7283496580681449,-1.741549082395863,1.944018732257154,-0.26415849870672403,-0.9026137355027024,1.1469706959566555,-0.8283212320522341,1.1447762100683188,-1.4837343496434812,-0.28147622494609387,0.3250440480980783,-0.17667381304748106,0.5792741525298559,0.3816209497017446,-0.6158924745607681,1.1872658360382566,0.06332014296568665,-0.0003895742822356069,0.0,1.0,0.0,1.0,0.0,0.0,0.0,1.0,0.0,0.0,0.0,0.0,0.0,1.0,0.0,0.0,1.0,0.0,60.01
-1.7231584349538063,0.2954750885268762,-1.6155507404485427,0.21687935850414136,0.8843567130616569,-0.9026137355027024,-0.83614091784086,1.6293029863997195,-1.43621944970426,-0.3635788824353856,1.6911922014325622,-1.3709854228024116,-1.6270488816773927,1.4642025859699048,1.143339412180277,0.6765236483257486,-0.6210591807741163,-1.452504824656842,-0.38996385651771237,1.0,0.0,0.0,1.0,0.0,0.0,0.0,0.0,1.0,0.0,0.0,0.0,0.0,1.0,0.0,0.0,1.0,0.0,49.05
1.4803585439292912,1.797804476934809,1.1564127823925063,-2.9906651927514836,0.8843567130616569,0.4854888950281745,-0.47321723692124673,-0.6627817769233459,-1.0874362524376953,0.5797099320556421,-0.8124440188555004,-1.2861839492573874,-1.687481176203639,-0.6596256542862126,0.3816209497017446,1.392971716447622,-0.721521681708137,1.2652621627471867,-1.5586867032241427,1.0,0.0,0.0,0.0,1.0,0.0,0.0,1.0,0.0,0.0,0.0,0.0,0.0,1.0,0.0,0.0,0.0,1.0,19.27
0.8796991103887104,-0.31564195082550295,-0.29256815000167835,1.2038161435058654,0.3100991071774664,-1.5966650507681408,-1.3929010873694756,-0.8919902532556525,1.7028293256948224,1.6409098483580484,-0.7245354437049365,-1.794992790527534,-0.20688996031060436,0.2253027791538364,1.143339412180277,0.8591476656901477,0.3835658285660909,1.4336871591496898,1.5579075546596715,0.0,1.0,0.0,1.0,0.0,0.0,0.0,1.0,0.0,0.0,1.0,0.0,0.0,0.0,0.0,0.0,0.0,1.0,37.8
0.34577961390819417,-0.442958000690582,-0.10357063708069772,-0.7700574264976002,-0.26415849870672403,1.179540210293613,-0.5880539717457833,-0.7688968122623767,-0.320113218451253,-1.0710454933036564,0.07367441866218467,0.5794484687331517,-0.8716452000993138,-1.3675684010382516,-0.3800975127767877,0.2831796109255044,-0.21920917703803341,-1.1845559667437688,-0.0003895742822356069,0.0,1.0,0.0,0.0,1.0,0.0,1.0,0.0,0.0,0.0,0.0,1.0,0.0,0.0,0.0,0.0,0.0,1.0,38.83
0.47925948802832324,-0.11193627104137717,0.715418585576885,2.1907529285075893,0.8843567130616569,0.1384632373954553,-0.06000298592330196,1.3279362860368722,-0.11084330009131417,0.4617988302442637,-1.4278040449094485,0.3250440480980783,0.6391621630568444,0.7562598392178658,0.7624801809410108,-0.39112445318919997,0.7351845818351633,-1.5826514127860491,-1.1691124209886659,1.0,0.0,0.0,0.0,0.0,1.0,1.0,0.0,0.0,0.0,0.0,0.0,0.0,1.0,0.0,0.0,1.0,0.0,61.83
0.07881986566793604,-0.3920315807445506,0.4634219016822441,-0.02985483774629404,1.4586143189458474,-0.5555880778699831,1.675021681779137,0.4450591920161357,0.8657496522550671,0.520754381149953,1.2586820116917874,-0.862176581532265,0.760026752109337,-1.0135970276622321,-0.7609567440160538,-1.269124536671888,-1.6759154405813337,-0.5567900710617114,-1.1691124209886659,1.0,0.0,1.0,0.0,0.0,0.0,0.0,1.0,0.0,0.0,1.0,0.0,0.0,0.0,0.0,0.0,1.0,0.0,48.14
0.27903967684812964,0.7283496580681449,0.3374235597349237,-1.7569942114993242,-0.8384161045909145,-0.9026137355027024,1.38139603049502,0.7676488994467893,-1.575732728610886,-0.5404455351524533,-0.2181820508376878,1.5122646777284217,1.3643496973718003,-0.48263996759820277,-1.522675206494586,-0.6650604792357986,1.6895783407083602,0.5303167238999,0.778758990188718,1.0,0.0,0.0,1.0,0.0,0.0,0.0,0.0,0.0,1.0,0.0,0.0,1.0,0.0,0.0,1.0,0.0,0.0,83.19
-1.2559788755333545,-1.7415817093143888,0.02242770486662269,-2.0037284077497595,0.3100991071774664,-0.9026137355027024,1.64512453185068,1.400094510067413,1.005262931161693,1.0513543393011562,0.31278574307171875,-0.6925736344422158,0.8808913411618293,0.5792741525298559,1.524198643419543,1.0136756803831009,-0.21920917703803341,-0.9242627904853548,-0.38996385651771237,0.0,1.0,1.0,0.0,0.0,0.0,0.0,0.0,1.0,0.0,0.0,1.0,0.0,0.0,1.0,0.0,0.0,0.0,51.36
0.8129591733286459,-1.155927879935025,-0.29256815000167835,1.4505503397563009,-1.412673710475105,-1.2496393931354215,1.5797863896229265,1.378871502999607,0.37745317608187645,-0.8352232896808995,-1.6212029102406893,1.2578602570933475,-1.5666165871511464,-1.1905827143502419,1.524198643419543,-0.6931564819072447,-1.726146691048344,-0.28118553149397896,-1.5586867032241427,1.0,0.0,0.0,0.0,1.0,0.0,0.0,0.0,1.0,0.0,1.0,0.0,0.0,0.0,1.0,0.0,0.0,0.0,38.55
-0.05466000845219303,-1.181391089908041,-0.29256815000167835,0.95708194725543,0.3100991071774664,-1.2496393931354215,0.059783608160912986,0.7931165079281569,1.0750195706150059,0.9923987883954669,0.766393990848629,0.07063962746300421,-0.4486191384155896,-0.6596256542862126,0.3816209497017446,-0.9811405092895663,1.1370345855712463,1.6557019271348077,-0.0003895742822356069,1.0,0.0,0.0,0.0,1.0,0.0,1.0,0.0,0.0,0.0,0.0,1.0,0.0,0.0,0.0,0.0,1.0,0.0,42.69
0.47925948802832324,0.88112891790624,0.8414169275242054,2.1907529285075893,-0.8384161045909145,1.526565867926332,0.2779734043275326,-1.0447959041438568,0.795993012801754,-0.5404455351524533,0.3901452892042151,-0.6925736344422158,-0.8112129055730675,-0.6596256542862126,-1.14181597525532,0.40258762227914996,-1.12337168544422,1.502588294041623,-1.1691124209886659,0.0,1.0,0.0,0.0,0.0,1.0,0.0,0.0,0.0,1.0,0.0,0.0,1.0,0.0,1.0,0.0,0.0,0.0,53.04
-1.5896785608336772,1.6450252170967146,-1.5525515694748826,-0.02985483774629404,-0.26415849870672403,-0.20856242023726393,1.1440007804008485,1.1496630266673005,-1.6454893680641989,0.1670210757158175,-0.1830186207774622,-0.09896331962704417,-0.41840299115246626,1.287216899281895,1.143339412180277,-1.0513805159681813,0.7351845818351633,-1.5137502778941159,0.778758990188718,1.0,0.0,0.0,0.0,0.0,1.0,0.0,1.0,0.0,0.0,1.0,0.0,0.0,0.0,0.0,0.0,0.0,1.0,79.18
1.5470984809893558,-0.1883259009604239,-1.6155507404485427,-0.02985483774629404,-1.412673710475105,1.179540210293613,1.3485289650107561,-1.0235728970760507,-1.6454893680641989,-1.3658232478321026,1.733388317504833,-1.2861839492573874,-1.2040228199936687,0.5792741525298559,0.3816209497017446,1.5474997311405752,-1.2740654368452509,-1.1539332401251319,1.5579075546596715,1.0,0.0,1.0,0.0,0.0,0.0,1.0,0.0,0.0,0.0,0.0,1.0,0.0,0.0,0.0,1.0,0.0,0.0,54.78
-0.9890191272930965,-0.26471553087947153,0.3374235597349237,-0.5233232302471649,-1.412673710475105,-1.2496393931354215,-0.8145595314686626,0.8058503121688407,0.93550629170838,1.0513543393011562,-0.5030058343255152,0.24024257455305337,-1.4155358508355305,-0.48263996759820277,0.7624801809410108,0.3042516129290889,-1.3242966873122612,-1.0850321052331988,-1.5586867032241427,1.0,0.0,0.0,0.0,0.0,1.0,0.0,1.0,0.0,0.0,1.0,0.0,0.0,0.0,0.0,0.0,1.0,0.0,47.14
-1.7231584349538063,-0.010083431149313378,1.2824111243398268,-0.7700574264976002,-0.26415849870672403,-1.2496393931354215,0.24570032195443006,0.610598647145024,1.6330726862415095,0.8155321356783991,1.4169174469628025,-0.01416184608201998,0.06505536505750417,0.2253027791538364,-1.522675206494586,1.2735637050939763,1.0868033351042359,-1.2381457383263834,-1.1691124209886659,0.0,1.0,0.0,1.0,0.0,0.0,0.0,1.0,0.0,0.0,0.0,0.0,0.0,1.0,0.0,0.0,1.0,0.0,67.32
1.1466588586289685,1.0848345976903668,-0.35556732097533855,-0.5233232302471649,0.3100991071774664,0.1384632373954553,0.41023364374613686,0.8610301305451367,1.1447762100683188,-0.7762677387752103,-0.28147622494609387,0.4946469951881267,0.760026752109337,-0.12866859422218316,-0.7609567440160538,-0.8687564986037822,-0.1187466761040127,-1.5673400494767307,0.38918470795324117,0.0,1.0,0.0,1.0,0.0,0.0,1.0,0.0,0.0,0.0,0.0,1.0,0.0,0.0,1.0,0.0,0.0,0.0,65.24
-1.4561986867135481,-1.0286118300699458,1.5344078082344677,0.21687935850414136,0.8843567130616569,1.526565867926332,0.3284619687762513,0.09275727469055338,1.2842894889749448,-0.4225344333410749,0.12641956375252306,0.9186543629132492,0.6995944575830905,0.5792741525298559,-1.522675206494586,1.7863157538478662,0.8356470827691841,0.14753264116693826,1.1683332724241948,0.0,1.0,0.0,0.0,1.0,0.0,0.0,0.0,0.0,1.0,1.0,0.0,0.0,0.0,0.0,0.0,0.0,1.0,65.59
0.2122997397880651,0.16815903866179713,1.4714086372608075,-0.7700574264976002,0.3100991071774664,-1.2496393931354215,-0.4195607625463339,0.4535483948432584,0.5867230944418153,1.6998653992637378,-0.640143211560395,0.07063962746300421,-0.17667381304748106,-0.305654280910193,-1.522675206494586,1.449163721790514,-0.42013417890607485,-1.2611127832903613,0.778758990188718,0.0,1.0,0.0,0.0,0.0,1.0,0.0,0.0,1.0,0.0,0.0,0.0,0.0,1.0,0.0,1.0,0.0,0.0,73.26
0.2122997397880651,0.9065921278792554,-0.35556732097533855,-1.7569942114993242,-0.8384161045909145,-0.5555880778699831,0.3526172819634814,1.5231879510606887,1.1447762100683188,1.3461320938296022,1.6067999692880208,-1.5405883698924607,0.06505536505750417,-0.8366113409742223,-1.522675206494586,-1.5009165587113176,-0.9224466835761784,0.8365439900862695,1.5579075546596715,0.0,1.0,1.0,0.0,0.0,0.0,1.0,0.0,0.0,0.0,0.0,0.0,1.0,0.0,1.0,0.0,0.0,0.0,51.49
-0.6553194419927738,0.42279113839195526,1.030414440445186,0.21687935850414136,1.4586143189458474,0.1384632373954553,-0.8719778988809308,-1.3716302129880718,-0.38986985790456596,1.6998653992637378,-0.33773771304245487,0.9186543629132492,0.03483921779438112,-1.0135970276622321,-0.3800975127767877,-1.493892558043456,-0.5205966798400956,1.1810496645459352,-1.1691124209886659,0.0,1.0,0.0,0.0,0.0,1.0,0.0,0.0,0.0,1.0,0.0,1.0,0.0,0.0,0.0,0.0,1.0,0.0,51.17
1.4136186068692267,0.1172326187157657,-1.4895523985012222,-0.7700574264976002,0.8843567130616569,-0.20856242023726393,1.3538748130112086,-0.667026378336907,0.5169664549885024,0.6386654829613314,1.0406687453183887,-0.01416184608201998,0.6693783103199674,-1.7215397744142713,0.7624801809410108,0.8240276623508401,-1.4749904387132924,-1.2687684649450204,1.5579075546596715,0.0,1.0,0.0,1.0,0.0,0.0,0.0,1.0,0.0,0.0,0.0,1.0,0.0,0.0,0.0,0.0,1.0,0.0,53.54
1.3468786698091622,0.9320553378522716,0.1484260468139431,-3.237399389001919,0.3100991071774664,-1.5966650507681408,0.8790843128228658,0.360167163744911,-1.505976089157573,-1.719556553266238,-0.5416856073917633,-1.9645957376175833,-1.5666165871511464,-1.7215397744142713,0.7624801809410108,0.8661716663580092,0.4337970790331012,-0.962541198758651,-0.38996385651771237,1.0,0.0,0.0,1.0,0.0,0.0,1.0,0.0,0.0,0.0,0.0,0.0,1.0,0.0,1.0,0.0,0.0,0.0,49.86
-0.25487981963238665,-2.3781619586397844,1.5344078082344677,0.46361355475455923,1.4586143189458474,0.1384632373954553,-1.1923327901673106,1.5571447623691788,1.3540461284282577,-1.719556553266238,0.6398056426318168,0.3250440480980783,0.7298106048462135,1.6411882726579148,0.0007617184624784484,0.3182996142648119,0.4337970790331012,-0.05917076350886112,-0.7795381387531892,1.0,0.0,0.0,1.0,0.0,0.0,0.0,0.0,1.0,0.0,0.0,0.0,0.0,1.0,0.0,0.0,0.0,1.0,54.18
-0.7887993161129029,0.6010336082030657,0.7784177565505451,-1.016791622748018,1.4586143189458474,-1.5966650507681408,0.8850241439344797,-1.392853220055878,1.2842894889749448,-0.24566778062400715,-0.1935676497955299,0.4098455216431025,0.2765683958993663,1.1102312125938854,0.3816209497017446,-0.7353004859144137,-0.06851542563700234,0.7370201285756994,0.778758990188718,0.0,1.0,0.0,0.0,1.0,0.0,0.0,0.0,1.0,0.0,0.0,0.0,1.0,0.0,0.0,1.0,0.0,0.0,49.58
0.6794792992085168,-0.7485165203667725,1.5974069792081278,0.7103477510049946,-0.26415849870672403,-0.9026137355027024,0.14828709172396104,-1.6390401020424292,-1.0176796129843824,-1.0120899423979672,0.7452959328124936,-0.35336774026211826,-1.0529420836780528,0.04831709246582662,-1.14181597525532,1.6317877391549132,0.7854158323021737,-1.6132741394046861,-0.0003895742822356069,1.0,0.0,1.0,0.0,0.0,0.0,0.0,1.0,0.0,0.0,0.0,1.0,0.0,0.0,0.0,1.0,0.0,0.0,64.57
-0.38835969375251567,-1.9452873890985156,-1.426553227527562,0.7103477510049946,-0.8384161045909145,1.526565867926332,0.19125187009796873,-1.524435863876276,1.1447762100683188,0.9923987883954669,0.6011258695655687,-0.18376479317206912,-1.5666165871511464,0.2253027791538364,0.0007617184624784484,-1.3463885440183645,-0.7717529321751474,-1.6209298210593452,-0.0003895742822356069,1.0,0.0,1.0,0.0,0.0,0.0,1.0,0.0,0.0,0.0,1.0,0.0,0.0,0.0,0.0,1.0,0.0,0.0,46.97
-0.8555392531729674,0.42279113839195526,0.5264210726559043,0.21687935850414136,-0.8384161045909145,-0.20856242023726393,0.3710307584094847,-1.5371696681169598,1.4935594073348835,0.4617988302442637,-0.4467443462291542,-0.6077721608971917,-1.3853197035724074,-1.3675684010382516,0.7624801809410108,1.0487956837224084,-0.42013417890607485,1.3341632976391198,-1.1691124209886659,0.0,1.0,0.0,0.0,1.0,0.0,0.0,0.0,1.0,0.0,0.0,0.0,0.0,1.0,0.0,1.0,0.0,0.0,22.52
-1.6564184978937417,1.3140034874475088,-1.1745565436329213,2.4374871247580248,-0.8384161045909145,1.526565867926332,0.23817653587971904,1.366137698758923,-1.43621944970426,1.287176542923913,1.5153750511314343,0.4098455216431025,0.06505536505750417,-0.8366113409742223,1.524198643419543,1.3508277124404529,0.3835658285660909,-0.4572662095511414,0.38918470795324117,1.0,0.0,1.0,0.0,0.0,0.0,1.0,0.0,0.0,0.0,0.0,0.0,0.0,1.0,0.0,0.0,0.0,1.0,39.09
-1.055759064353161,-0.21378911093344008,0.715418585576885,-0.27658903399672946,0.8843567130616569,-0.20856242023726393,1.6829414565946221,0.7336920881382994,-0.041086660638001225,1.287176542923913,-1.3328627837468394,0.15544110100802916,0.8808913411618293,0.04831709246582662,0.3816209497017446,0.3463956169362579,0.9863408341702151,0.4614155890079669,0.38918470795324117,1.0,0.0,0.0,1.0,0.0,0.0,0.0,0.0,1.0,0.0,0.0,0.0,0.0,1.0,0.0,0.0,1.0,0.0,68.62
1.6138384180494203,0.88112891790624,-1.363554056553902,-0.27658903399672946,-1.412673710475105,1.526565867926332,0.5209124967925437,0.5851310386636565,1.6330726862415095,1.4640431956409807,1.030119716300321,-0.9469780550772892,-0.5996998747312053,0.4022884658418462,-0.3800975127767877,-0.06099642179970928,-1.3242966873122612,-0.043859400199542646,-0.38996385651771237,1.0,0.0,0.0,0.0,0.0,1.0,0.0,1.0,0.0,0.0,0.0,0.0,1.0,0.0,0.0,0.0,1.0,0.0,59.03
0.8129591733286459,1.5431723772046506,0.6524194146032247,0.7103477510049946,0.8843567130616569,0.1384632373954553,0.7078191824379965,0.05880046338206349,0.795993012801754,-1.1300010442093458,-1.111333174367418,1.5970661512734459,-0.41840299115246626,0.04831709246582662,-0.7609567440160538,-1.3182925413469184,-0.6712904312411266,1.050903076416728,-0.0003895742822356069,1.0,0.0,0.0,0.0,1.0,0.0,0.0,1.0,0.0,0.0,0.0,0.0,1.0,0.0,0.0,1.0,0.0,0.0,52.68
0.7462192362685813,1.2630770675014773,0.5894202436295646,-0.02985483774629404,0.3100991071774664,1.526565867926332,0.629215417394305,0.9416775574027999,0.5867230944418153,0.04910997390443904,-1.2062744355300272,-0.6925736344422158,1.4852142864242925,-0.48263996759820277,1.524198643419543,1.238443701754669,0.5844908304341323,0.7676428551943364,0.778758990188718,1.0,0.0,1.0,0.0,0.0,0.0,1.0,0.0,0.0,0.0,1.0,0.0,0.0,0.0,0.0,1.0,0.0,0.0,39.36
0.47925948802832324,1.594098797150683,-0.48156566292265895,1.2038161435058654,1.4586143189458474,0.8325145526608937,1.56711474991815,-1.1848677507913774,-1.1571928918910084,-0.1867122297183179,-1.1043004883553729,-2.727808999522804,-1.0227259364149297,-0.12866859422218316,0.7624801809410108,0.3463956169362579,0.7854158323021737,0.13987695951227902,1.1683332724241948,0.0,1.0,0.0,0.0,1.0,0.0,0.0,0.0,0.0,1.0,1.0,0.0,0.0,0.0,0.0,1.0,0.0,0.0,49.56
0.7462192362685813,0.6774232381221134,-0.5445648338963192,-1.2635258189984535,1.4586143189458474,-0.20856242023726393,0.21421921706287606,-0.38263808362830454,-1.366462810250947,1.4050876447352916,1.5610875102097275,-0.5229706873521667,-1.3853197035724074,-1.5445540877262616,0.3816209497017446,-0.01885241779254026,-1.0731404349772096,0.9360678515968396,0.38918470795324117,0.0,1.0,0.0,0.0,1.0,0.0,0.0,0.0,0.0,1.0,0.0,0.0,0.0,1.0,1.0,0.0,0.0,0.0,33.54
1.5470984809893558,-0.010083431149313378,-1.6155507404485427,-1.2635258189984535,-1.412673710475105,-1.5966650507681408,0.8042424408165298,-0.05155917337052847,-0.5293831368111919,-0.1867122297183179,-0.38696651512677066,1.0034558364582733,-0.5694837274680821,0.5792741525298559,0.7624801809410108,0.486875630293488,0.9361095837032049,-1.3606366448009313,-0.0003895742822356069,0.0,1.0,0.0,0.0,1.0,0.0,0.0,1.0,0.0,0.0,1.0,0.0,0.0,0.0,1.0,0.0,0.0,0.0,50.5
0.47925948802832324,-1.7161184993413727,1.4084094662871471,0.7103477510049946,0.3100991071774664,-0.20856242023726393,-1.2028264917978286,-1.3419180030931432,-0.8084096946244436,0.8744876865840884,-0.9460650530843577,-0.18376479317206912,0.8506751938987063,0.9332455259058755,1.143339412180277,-1.451748554036287,0.3333345780990805,-1.0850321052331988,-0.7795381387531892,1.0,0.0,0.0,1.0,0.0,0.0,0.0,0.0,1.0,0.0,0.0,0.0,1.0,0.0,0.0,0.0,1.0,0.0,36.2
-0.5885795049327093,-0.34110516079851916,-0.41856649194899875,-1.2635258189984535,-1.412673710475105,-0.9026137355027024,-1.6885066823574637,-0.28925685252995753,-0.45962649735787886,-0.3635788824353856,-0.8194767048675455,-1.7101913169825098,0.42764913221498213,1.1102312125938854,0.0007617184624784484,-1.0794765186396273,0.6849533313681531,0.2470565026775083,0.778758990188718,0.0,1.0,0.0,0.0,1.0,0.0,0.0,0.0,0.0,1.0,1.0,0.0,0.0,0.0,0.0,0.0,1.0,0.0,31.92
0.2122997397880651,-0.9522222001508983,1.1564127823925063,0.46361355475455923,1.4586143189458474,-0.5555880778699831,1.122221399658264,-0.6415587698555398,-0.8084096946244436,-1.6016454514548597,1.030119716300321,-1.0317795286223141,-0.2975384020999738,0.04831709246582662,-0.7609567440160538,-0.21552443649266237,-1.5252216891803028,-1.192211648398428,1.1683332724241948,1.0,0.0,0.0,1.0,0.0,0.0,0.0,1.0,0.0,0.0,0.0,0.0,1.0,0.0,0.0,1.0,0.0,0.0,65.22
-0.7887993161129029,2.1288262065840153,-1.5525515694748826,0.21687935850414136,0.8843567130616569,0.8325145526608937,-1.2847961611381014,-1.596594087906817,1.005262931161693,-0.3046233315296964,-1.0656207152891248,-1.1165810021673384,1.6060788754767852,-1.5445540877262616,-0.7609567440160538,1.421067719119068,-0.16897792657102306,1.4030644325310528,-0.7795381387531892,1.0,0.0,0.0,0.0,1.0,0.0,0.0,0.0,1.0,0.0,1.0,0.0,0.0,0.0,1.0,0.0,0.0,0.0,8.45
0.012079928607871505,-0.26471553087947153,-0.04057146610703752,-0.7700574264976002,-0.8384161045909145,0.4854888950281745,1.700562955559077,-1.2527813734083573,-0.5991397762645048,0.284932177527196,-0.6542085835844852,-0.6077721608971917,0.8204590466355832,-1.0135970276622321,-1.14181597525532,0.529019634300657,1.2877283369722774,-0.9242627904853548,-0.0003895742822356069,1.0,0.0,0.0,0.0,0.0,1.0,0.0,0.0,1.0,0.0,0.0,1.0,0.0,0.0,0.0,0.0,0.0,1.0,76.25
1.6138384180494203,0.04084298879671807,-1.0485582016856008,0.21687935850414136,1.4586143189458474,-0.20856242023726393,1.6853173890392679,0.8780085361993816,0.6564797338951281,1.1103098902068453,-0.4010318871508609,-0.2685662667170933,-1.5364004398880233,0.9332455259058755,1.143339412180277,1.8073877558514508,0.9361095837032049,-1.0084752886866064,-1.1691124209886659,1.0,0.0,0.0,1.0,0.0,0.0,0.0,0.0,0.0,1.0,0.0,0.0,1.0,0.0,1.0,0.0,0.0,0.0,70.59
0.47925948802832324,0.47371755833798673,0.5894202436295646,-1.2635258189984535,-0.26415849870672403,-1.2496393931354215,-1.0614585113414163,-1.6560185076966742,0.23793989717525055,-1.6606010023605489,0.3866289461981925,0.4946469951881267,0.8506751938987063,0.9332455259058755,-1.522675206494586,0.8591476656901477,0.13240957623103908,-1.3836036897649089,-0.38996385651771237,0.0,1.0,0.0,0.0,0.0,1.0,0.0,1.0,0.0,0.0,0.0,1.0,0.0,0.0,0.0,0.0,1.0,0.0,63.08
1.6805783551094848,-0.03554664112232955,1.4084094662871471,-1.016791622748018,-0.8384161045909145,0.1384632373954553,1.3087320965629425,1.455274328443709,1.1447762100683188,-1.7785121041719274,-0.5241038923616506,0.15544110100802916,-1.657265028940516,-1.5445540877262616,1.143339412180277,0.01626758554676726,-1.2238341863782405,0.4078258174253523,-0.38996385651771237,0.0,1.0,0.0,0.0,0.0,1.0,0.0,0.0,1.0,0.0,0.0,0.0,1.0,0.0,1.0,0.0,0.0,0.0,62.31
0.7462192362685813,1.6450252170967146,0.4634219016822441,-0.27658903399672946,1.4586143189458474,0.1384632373954553,-0.8353489403593114,-1.4225654299508066,-0.5991397762645048,-0.8352232896808995,0.9914399432340728,0.15544110100802916,0.5182975740043516,0.9332455259058755,-0.7609567440160538,1.561547732476298,-0.26944042750504377,0.6221849037558109,1.1683332724241948,1.0,0.0,0.0,0.0,0.0,1.0,0.0,0.0,1.0,0.0,1.0,0.0,0.0,0.0,0.0,0.0,1.0,0.0,63.7
0.4125195509682587,-0.7230533103937563,1.1564127823925063,-0.02985483774629404,0.8843567130616569,1.526565867926332,-1.0371052037837991,0.9968573757790958,1.2145328495216317,-1.424778798737792,-1.1816600344878692,1.766669098363494,-1.0227259364149297,-1.0135970276622321,1.524198643419543,-1.0935245199753503,0.8356470827691841,0.3925144541160338,-0.7795381387531892,0.0,1.0,0.0,0.0,0.0,1.0,1.0,0.0,0.0,0.0,0.0,1.0,0.0,0.0,0.0,1.0,0.0,0.0,53.56
-0.1881398825723221,0.1172326187157657,0.7784177565505451,-0.27658903399672946,-1.412673710475105,1.526565867926332,-1.0830398977136138,1.3364254888639948,-1.2269495313443213,0.9923987883954669,0.7734266768606741,0.833852889368225,0.6693783103199674,-0.48263996759820277,-1.14181597525532,1.168203695076054,-0.1187466761040127,1.2346394361285498,-0.0003895742822356069,1.0,0.0,0.0,1.0,0.0,0.0,1.0,0.0,0.0,0.0,1.0,0.0,0.0,0.0,0.0,0.0,0.0,1.0,51.18
-0.7887993161129029,-0.8503693602588354,-1.4895523985012222,0.46361355475455923,-0.8384161045909145,0.1384632373954553,-1.2420293771344808,1.4807419369250765,-1.7152460075175118,-1.5426899005491703,-1.536810678096148,0.7490514158232008,-0.6601321692574518,1.6411882726579148,1.524198643419543,-0.01885241779254026,0.2328720771650598,-1.1156548318518358,-0.0003895742822356069,0.0,1.0,0.0,0.0,1.0,0.0,0.0,0.0,0.0,1.0,0.0,0.0,1.0,0.0,0.0,1.0,0.0,0.0,36.41
0.2122997397880651,-1.4360231896381992,-0.9855590307119406,0.46361355475455923,0.8843567130616569,1.179540210293613,0.42191531159897766,1.230310453524964,1.3540461284282577,-0.7173121878695211,0.9633091991858923,-1.8797942640725591,1.2737012555824305,0.5792741525298559,0.3816209497017446,0.54306763563638,-1.3242966873122612,0.08628718792966436,-1.1691124209886659,0.0,1.0,0.0,0.0,1.0,0.0,1.0,0.0,0.0,0.0,0.0,1.0,0.0,0.0,0.0,1.0,0.0,0.0,23.01
1.0131789845088395,-0.6975901004207402,-0.35556732097533855,1.4505503397563009,0.3100991071774664,0.8325145526608937,-1.4261641415945137,-0.7391846023674482,0.7262363733484412,0.4617988302442637,-0.1759859347654171,-0.7773751079872407,-0.5694837274680821,-0.12866859422218316,-1.522675206494586,-0.38410045252133845,0.7854158323021737,-0.15869462501943118,1.5579075546596715,1.0,0.0,0.0,0.0,1.0,0.0,0.0,1.0,0.0,0.0,0.0,0.0,0.0,1.0,0.0,0.0,0.0,1.0,45.24
1.6138384180494203,-0.11193627104137717,1.345410295313487,-0.02985483774629404,-0.26415849870672403,0.8325145526608937,-0.8060457735420159,-0.5863789514792437,-1.2967061707976342,0.8744876865840884,0.678485415698065,-1.6253898434374858,0.3974329849518588,-1.5445540877262616,0.0007617184624784484,-1.3042445400111955,1.0365720846372255,-0.013236673580905705,-0.38996385651771237,0.0,1.0,0.0,1.0,0.0,0.0,0.0,0.0,0.0,1.0,1.0,0.0,0.0,0.0,0.0,0.0,0.0,1.0,42.02
-0.6553194419927738,-0.5193476306096296,0.0854268758402829,1.2038161435058654,-0.8384161045909145,-1.5966650507681408,-0.5227158295180298,-0.26803384546215125,1.4238027678815706,0.1670210757158175,-1.0269409422228766,-0.7773751079872407,-0.7507806110468211,-1.3675684010382516,1.524198643419543,-0.9109005026109512,-1.6759154405813337,0.30064627426012297,1.5579075546596715,1.0,0.0,1.0,0.0,0.0,0.0,0.0,0.0,0.0,1.0,0.0,0.0,1.0,0.0,0.0,0.0,0.0,1.0,32.93
-1.4561986867135481,-0.7994429403128039,0.5264210726559043,0.95708194725543,-1.412673710475105,-0.20856242023726393,0.6804959593245722,-1.2442921705812346,-1.43621944970426,0.22597662662150675,-0.3131233120002969,0.833852889368225,1.4247819918980464,1.287216899281895,0.3816209497017446,-0.13826042914618583,1.0365720846372255,-1.4065707347288867,1.5579075546596715,0.0,1.0,0.0,0.0,0.0,1.0,1.0,0.0,0.0,0.0,0.0,1.0,0.0,0.0,0.0,0.0,1.0,0.0,77.93
0.14555980272800056,-1.5124128195572468,-0.22956897902801815,2.1907529285075893,0.3100991071774664,0.4854888950281745,-0.8557423605091861,-1.6390401020424292,-0.11084330009131417,1.0513543393011562,0.42882506227046324,-0.43816921380714247,0.9715397829511989,-1.5445540877262616,0.7624801809410108,-1.2129325313289958,-0.16897792657102306,-1.6209298210593452,-1.1691124209886659,1.0,0.0,0.0,0.0,0.0,1.0,0.0,0.0,1.0,0.0,1.0,0.0,0.0,0.0,0.0,1.0,0.0,0.0,32.33
-1.5229386237736127,-0.16286269098740863,1.2194119533661667,-0.27658903399672946,0.8843567130616569,0.1384632373954553,1.7276881843021141,1.2345550549385251,0.1681832577219376,-0.8941788405865888,1.0723158323725916,1.088257310003299,-0.901861347362437,-0.305654280910193,-0.3800975127767877,-0.11016442647473981,-1.4749904387132924,-0.8477059739387625,1.5579075546596715,1.0,0.0,1.0,0.0,0.0,0.0,0.0,1.0,0.0,0.0,0.0,1.0,0.0,0.0,0.0,0.0,1.0,0.0,77.14
-1.1224990014132255,-1.6142656594493099,-0.10357063708069772,-0.5233232302471649,-0.26415849870672403,-0.20856242023726393,-0.2457217053464319,0.1649154987210943,1.2145328495216317,0.520754381149953,0.6011258695655687,0.6642499422781758,1.545646580950539,-1.5445540877262616,-1.522675206494586,0.0935315928932438,-1.6256841901143235,1.4260314774950307,1.5579075546596715,0.0,1.0,1.0,0.0,0.0,0.0,0.0,1.0,0.0,0.0,1.0,0.0,0.0,0.0,0.0,0.0,0.0,1.0,40.11
-0.6553194419927738,0.6774232381221134,1.4084094662871471,1.2038161435058654,-1.412673710475105,0.8325145526608937,-0.6636878212336679,0.3516779609177887,-0.5991397762645048,1.1103098902068453,0.4604721493246663,0.07063962746300421,-0.509051432941836,-0.6596256542862126,0.0007617184624784484,-0.4402924578642305,0.13240957623103908,-0.8783287005573993,-1.1691124209886659,0.0,1.0,0.0,0.0,0.0,1.0,0.0,1.0,0.0,0.0,1.0,0.0,0.0,0.0,0.0,0.0,1.0,0.0,55.56
-1.1224990014132255,-0.010083431149313378,-0.9225598597382804,0.46361355475455923,0.8843567130616569,-0.9026137355027024,0.1799661909859022,1.434051321375903,0.795993012801754,0.9334432374897776,1.532956766161547,1.088257310003299,0.5182975740043516,-0.6596256542862126,-1.14181597525532,-0.41219645519278447,0.5844908304341323,-0.9855082437226287,0.38918470795324117,1.0,0.0,0.0,0.0,1.0,0.0,0.0,0.0,0.0,1.0,1.0,0.0,0.0,0.0,0.0,0.0,0.0,1.0,59.95
-0.6553194419927738,-1.5633392395032784,1.2194119533661667,1.2038161435058654,0.8843567130616569,0.1384632373954553,0.6622804772489561,0.5426850245280442,-0.38986985790456596,0.4617988302442637,1.005505315258163,1.3426617306383717,0.8204590466355832,0.5792741525298559,1.143339412180277,-0.36302845051775395,-1.0229091845101992,0.6757746753384255,1.5579075546596715,0.0,1.0,0.0,1.0,0.0,0.0,0.0,1.0,0.0,0.0,0.0,1.0,0.0,0.0,1.0,0.0,0.0,0.0,60.19
-0.4550996308125802,-0.3920315807445506,1.1564127823925063,0.7103477510049946,-0.8384161045909145,-0.20856242023726393,0.6282254455423694,0.6318216542128301,-1.575732728610886,-0.24566778062400715,0.3901452892042151,0.4098455216431025,-1.657265028940516,-1.0135970276622321,-0.3800975127767877,1.4702357237940986,0.08217832576402873,-1.062065060269221,-0.38996385651771237,0.0,1.0,0.0,0.0,1.0,0.0,0.0,0.0,1.0,0.0,0.0,1.0,0.0,0.0,0.0,0.0,0.0,1.0,59.14
-0.1881398825723221,-0.8503693602588354,1.5974069792081278,-2.0037284077497595,-0.8384161045909145,0.8325145526608937,-0.1766216700813228,0.9586559630570448,0.795993012801754,0.5797099320556421,-1.1078168313613954,0.24024257455305337,1.5758627282136621,-0.48263996759820277,-1.522675206494586,-0.07504442313543229,-1.6256841901143235,-1.2611127832903613,-1.1691124209886659,1.0,0.0,0.0,1.0,0.0,0.0,0.0,0.0,1.0,0.0,1.0,0.0,0.0,0.0,0.0,1.0,0.0,0.0,52.44
-1.4561986867135481,0.24454866858084476,0.4634219016822441,0.46361355475455923,-1.412673710475105,-0.5555880778699831,-1.149368011793303,-1.320694996025337,0.028669978815311713,0.4028432793385745,-0.15137153372325918,0.6642499422781758,-0.539267580204959,1.287216899281895,0.7624801809410108,0.23401160625047387,-1.6256841901143235,0.5379724055545593,0.778758990188718,1.0,0.0,0.0,0.0,1.0,0.0,1.0,0.0,0.0,0.0,0.0,0.0,0.0,1.0,0.0,1.0,0.0,0.0,23.49
0.47925948802832324,1.2885402774744925,0.6524194146032247,0.21687935850414136,1.4586143189458474,0.8325145526608937,0.396968020930199,-0.4929977203808967,-0.7386530551711307,1.1103098902068453,0.8824333100473735,-1.4557868963474365,-1.0831582309411758,-0.8366113409742223,-1.14181597525532,-0.06802042246757078,-0.47036542937308523,-1.5826514127860491,1.5579075546596715,0.0,1.0,0.0,0.0,0.0,1.0,0.0,1.0,0.0,0.0,0.0,0.0,0.0,1.0,0.0,1.0,0.0,0.0,75.97
-1.3894587496534836,-1.996213809044547,-0.79656151779096,0.21687935850414136,1.4586143189458474,1.526565867926332,0.2623318490669492,1.5741231680234236,1.5633160467881964,1.1103098902068453,0.17213202283081636,-0.09896331962704417,1.2132689610561844,0.5792741525298559,-0.7609567440160538,-1.3253165420147799,-0.9726779340431888,0.7906099001583141,0.38918470795324117,1.0,0.0,1.0,0.0,0.0,0.0,0.0,0.0,0.0,1.0,0.0,0.0,0.0,1.0,0.0,0.0,1.0,0.0,49.31
-1.6564184978937417,0.04084298879671807,-0.41856649194899875,-0.27658903399672946,0.8843567130616569,-1.2496393931354215,0.3314318843320583,1.417072915721658,-1.2269495313443213,-0.3635788824353856,1.6278980273241561,-0.01416184608201998,0.6995944575830905,1.287216899281895,1.524198643419543,0.1005555935611053,1.6895783407083602,-0.9931639253772879,-0.38996385651771237,1.0,0.0,0.0,0.0,1.0,0.0,1.0,0.0,0.0,0.0,0.0,0.0,1.0,0.0,0.0,1.0,0.0,0.0,42.89
-0.922279190233032,-0.23925232090645623,-0.48156566292265895,-1.510260015248889,-0.8384161045909145,1.179540210293613,1.514844236135947,1.28549027190126,-0.8781663340777566,-0.3046233315296964,-0.671790298614598,-0.35336774026211826,-1.4457519980986537,1.1102312125938854,1.524198643419543,1.7582197511764202,0.8858783332361945,-0.4419548462418229,-1.5586867032241427,1.0,0.0,0.0,0.0,1.0,0.0,0.0,0.0,1.0,0.0,0.0,0.0,0.0,1.0,0.0,0.0,0.0,1.0,44.97
1.079918921568904,0.6010336082030657,1.5974069792081278,0.7103477510049946,-0.26415849870672403,1.179540210293613,0.2957928976623745,-0.17889721577736536,1.5633160467881964,1.4640431956409807,0.7558449618305613,-0.7773751079872407,-1.3551035563092844,-0.305654280910193,-1.14181597525532,-1.0724525179717659,-1.424759188246282,1.6403905638254892,-0.38996385651771237,0.0,1.0,1.0,0.0,0.0,0.0,0.0,1.0,0.0,0.0,0.0,1.0,0.0,0.0,1.0,0.0,0.0,0.0,50.17
1.079918921568904,0.14269582868878097,-0.48156566292265895,0.21687935850414136,-0.26415849870672403,1.526565867926332,0.17363037113351396,1.196353642216474,-1.575732728610886,-1.0120899423979672,-0.6506922405784626,1.0034558364582733,0.7298106048462135,0.4022884658418462,-0.7609567440160538,-0.1171884271426013,0.8356470827691841,-0.05917076350886112,-0.7795381387531892,0.0,1.0,0.0,0.0,0.0,1.0,0.0,0.0,1.0,0.0,0.0,0.0,0.0,1.0,0.0,1.0,0.0,0.0,69.95
1.4136186068692267,-0.8503693602588354,-1.3005548855802416,0.95708194725543,0.8843567130616569,1.526565867926332,-0.19899503393506873,-1.5499034723576435,-1.7152460075175118,-1.0120899423979672,0.910564054095554,0.15544110100802916,-1.4759681453617772,0.9332455259058755,1.524198643419543,0.030315586882490267,-1.5754529396473131,-0.6027241609896669,0.778758990188718,1.0,0.0,0.0,1.0,0.0,0.0,1.0,0.0,0.0,0.0,0.0,1.0,0.0,0.0,0.0,0.0,1.0,0.0,46.52
-1.055759064353161,-0.41749479071756673,1.2824111243398268,-1.510260015248889,-0.8384161045909145,0.1384632373954553,0.6127818846521731,-1.2103353592727448,-1.1571928918910084,-1.0120899423979672,1.325492528806216,0.24024257455305337,1.4247819918980464,-0.12866859422218316,-1.522675206494586,1.0628436850581313,1.6393470902413498,0.3925144541160338,-0.0003895742822356069,0.0,1.0,1.0,0.0,0.0,0.0,0.0,0.0,1.0,0.0,0.0,0.0,1.0,0.0,1.0,0.0,0.0,0.0,59.63
1.6138384180494203,-0.9012957802048669,-0.79656151779096,0.46361355475455923,-1.412673710475105,-0.5555880778699831,1.3865438841250854,-0.3104798595977636,0.37745317608187645,-0.3635788824353856,1.420433789968825,1.427463204183396,0.8204590466355832,-0.12866859422218316,-1.14181597525532,-0.6439884772322141,0.5342595799671219,1.3800973875670752,-0.7795381387531892,1.0,0.0,1.0,0.0,0.0,0.0,0.0,1.0,0.0,0.0,0.0,1.0,0.0,0.0,0.0,1.0,0.0,0.0,57.62
1.3468786698091622,1.0084449677713192,1.6604061501817882,-0.27658903399672946,-1.412673710475105,-0.5555880778699831,-1.0214636485232156,-0.07278218043833455,1.0750195706150059,0.284932177527196,-0.791345960819365,-0.18376479317206912,-0.5694837274680821,-1.1905827143502419,-1.14181597525532,1.3508277124404529,0.18264082669804943,1.5714894289335561,-1.1691124209886659,0.0,1.0,1.0,0.0,0.0,0.0,0.0,1.0,0.0,0.0,0.0,1.0,0.0,0.0,0.0,1.0,0.0,0.0,38.14
-0.25487981963238665,-0.061009851095344826,0.1484260468139431,0.21687935850414136,-1.412673710475105,0.1384632373954553,-0.7323918677580027,-0.8198320292251116,0.028669978815311713,-1.6016454514548597,-0.9777121401385608,-0.43816921380714247,-0.47883528567871264,0.2253027791538364,-0.7609567440160538,-0.9109005026109512,-1.4749904387132924,1.2499507994378682,-1.1691124209886659,1.0,0.0,0.0,1.0,0.0,0.0,1.0,0.0,0.0,0.0,0.0,1.0,0.0,0.0,1.0,0.0,0.0,0.0,36.44
-0.7220593790528383,1.8487308968808411,0.8414169275242054,-0.27658903399672946,-0.26415849870672403,-0.20856242023726393,0.6169397664303028,-0.5057315246215803,-0.5991397762645048,0.9334432374897776,0.35849820215001205,1.3426617306383717,0.004623070531257804,-0.48263996759820277,-0.7609567440160538,1.1611796944081925,-1.2238341863782405,1.6786689720987855,-0.0003895742822356069,1.0,0.0,0.0,1.0,0.0,0.0,0.0,1.0,0.0,0.0,0.0,0.0,0.0,1.0,0.0,1.0,0.0,0.0,53.9
0.27903967684812964,-0.13739948101439245,-1.1745565436329213,0.46361355475455923,-0.8384161045909145,0.1384632373954553,-0.3003681515732804,-1.1636447437235715,0.5867230944418153,-0.953134391492278,0.5202499804270498,-1.5405883698924607,-0.47883528567871264,0.7562598392178658,-1.14181597525532,0.18484360157544336,-0.5708279303071059,-0.6486582509176223,1.1683332724241948,0.0,1.0,1.0,0.0,0.0,0.0,0.0,0.0,1.0,0.0,1.0,0.0,0.0,0.0,0.0,0.0,1.0,0.0,50.12
-1.055759064353161,-0.7994429403128039,0.21142521778760331,-0.27658903399672946,-0.8384161045909145,0.4854888950281745,-0.4730192425508596,-0.055803774784089606,-1.1571928918910084,0.04910997390443904,-0.03181587151849213,0.07063962746300421,0.9715397829511989,1.4642025859699048,1.143339412180277,-0.6018444732250451,-0.42013417890607485,-0.1433832617101127,1.1683332724241948,1.0,0.0,0.0,1.0,0.0,0.0,0.0,0.0,1.0,0.0,0.0,1.0,0.0,0.0,0.0,0.0,0.0,1.0,52.9
-0.7220593790528383,-1.639728869422326,0.3374235597349237,-1.016791622748018,-0.26415849870672403,0.4854888950281745,-0.32788936905709176,0.9798789701248509,-0.8781663340777566,-0.7762677387752103,-0.8089276758494779,-0.7773751079872407,1.6362950227399082,0.7562598392178658,1.143339412180277,1.3999957171154835,0.3333345780990805,0.6068735404464924,-0.0003895742822356069,0.0,1.0,0.0,1.0,0.0,0.0,0.0,0.0,0.0,1.0,0.0,0.0,0.0,1.0,0.0,0.0,0.0,1.0,44.29
-1.2559788755333545,-1.9198241791254993,-1.2375557146065814,-0.02985483774629404,-1.412673710475105,1.179540210293613,0.6866337848065733,0.5299512202873604,-1.43621944970426,-1.0120899423979672,-1.494614562023877,0.3250440480980783,0.2765683958993663,-0.48263996759820277,1.143339412180277,0.8661716663580092,0.5342595799671219,-0.0974491717821573,-1.1691124209886659,0.0,1.0,0.0,0.0,0.0,1.0,0.0,0.0,0.0,1.0,0.0,0.0,0.0,1.0,1.0,0.0,0.0,0.0,54.06
-1.5229386237736127,-1.6906552893683575,-0.7335623468172998,-0.27658903399672946,-1.412673710475105,0.8325145526608937,1.6225531736265468,-1.3504072059202656,1.0750195706150059,1.5819542974523593,0.28817134202956085,0.5794484687331517,-0.20688996031060436,-0.48263996759820277,-1.14181597525532,0.7327156536686407,0.6347220809011427,-1.5596843678220713,-0.38996385651771237,1.0,0.0,0.0,0.0,0.0,1.0,0.0,0.0,0.0,1.0,0.0,0.0,0.0,1.0,0.0,0.0,0.0,1.0,76.42
0.8796991103887104,0.1936222486348133,-1.1115573726592611,-0.02985483774629404,0.8843567130616569,0.1384632373954553,-0.20909274682481246,-0.06004837619765094,-0.8781663340777566,-1.7785121041719274,-1.2625359236263882,0.6642499422781758,-0.9622936418886833,1.4642025859699048,1.524198643419543,0.7608116563400866,0.8858783332361945,0.5456280872092185,0.778758990188718,1.0,0.0,0.0,1.0,0.0,0.0,0.0,0.0,1.0,0.0,1.0,0.0,0.0,0.0,0.0,1.0,0.0,0.0,59.16
-1.5229386237736127,0.42279113839195526,0.21142521778760331,-3.237399389001919,1.4586143189458474,0.1384632373954553,1.0162944115011483,0.6530446612806362,-1.7152460075175118,0.6386654829613314,0.5518970674812528,1.0034558364582733,0.5182975740043516,-0.305654280910193,0.7624801809410108,0.39556362161128844,-0.9224466835761784,0.5379724055545593,0.38918470795324117,0.0,1.0,0.0,1.0,0.0,0.0,0.0,0.0,1.0,0.0,1.0,0.0,0.0,0.0,0.0,1.0,0.0,0.0,60.51
-0.12139994551225756,-1.6906552893683575,-1.1745565436329213,0.7103477510049946,0.3100991071774664,-0.20856242023726393,0.696731497696317,0.08426807186343109,-0.041086660638001225,-0.6583566369638318,0.16861567982479378,-0.2685662667170933,0.6391621630568444,1.1102312125938854,0.0007617184624784484,1.0628436850581313,-0.47036542937308523,1.112148529654002,0.778758990188718,1.0,0.0,0.0,0.0,1.0,0.0,1.0,0.0,0.0,0.0,1.0,0.0,0.0,0.0,0.0,0.0,1.0,0.0,41.16
-1.5896785608336772,0.8302024979602086,-0.41856649194899875,-0.27658903399672946,1.4586143189458474,-1.5966650507681408,-1.6130708272399665,-0.38688268504186585,1.4935594073348835,-1.2479121460207243,0.07015807565616211,-0.18376479317206912,0.6391621630568444,-0.48263996759820277,0.7624801809410108,-0.587796471889322,-1.5252216891803028,0.5992178587918332,-0.0003895742822356069,1.0,0.0,0.0,1.0,0.0,0.0,0.0,0.0,0.0,1.0,1.0,0.0,0.0,0.0,0.0,0.0,0.0,1.0,30.68
0.34577961390819417,-0.570274050555661,-0.7335623468172998,-1.2635258189984535,-0.8384161045909145,1.179540210293613,-0.9327621705897804,0.3983685764669624,-1.505976089157573,-1.2479121460207243,-0.9882611691566284,0.4946469951881267,-1.657265028940516,0.2253027791538364,1.143339412180277,1.7160757471692512,1.6393470902413498,1.1504269379272982,-1.1691124209886659,1.0,0.0,1.0,0.0,0.0,0.0,0.0,0.0,1.0,0.0,0.0,0.0,1.0,0.0,1.0,0.0,0.0,0.0,39.11
-1.5896785608336772,0.06630619876973425,-1.5525515694748826,0.95708194725543,-0.8384161045909145,1.179540210293613,1.5736485641409252,1.5741231680234236,0.7262363733484412,1.6409098483580484,1.7439373465229007,0.9186543629132492,1.3643496973718003,0.7562598392178658,1.524198643419543,0.6133076423149951,-0.721521681708137,-0.46492189120580063,1.1683332724241948,1.0,0.0,0.0,0.0,1.0,0.0,1.0,0.0,0.0,0.0,1.0,0.0,0.0,0.0,0.0,1.0,0.0,0.0,44.93
0.012079928607871505,1.5431723772046506,1.2194119533661667,0.7103477510049946,-0.8384161045909145,1.179540210293613,1.3782281205688258,-1.392853220055878,-1.0874362524376953,-0.4225344333410749,1.7404210035168781,-1.3709854228024116,-0.5694837274680821,-1.1905827143502419,-1.14181597525532,1.6107157371513285,1.1370345855712463,-0.7099037041548961,-1.1691124209886659,1.0,0.0,1.0,0.0,0.0,0.0,0.0,0.0,1.0,0.0,1.0,0.0,0.0,0.0,1.0,0.0,0.0,0.0,55.05
0.14555980272800056,0.8302024979602086,1.4714086372608075,-0.27658903399672946,1.4586143189458474,0.8325145526608937,1.2768550029306143,-0.391127286455427,0.1681832577219376,0.1670210757158175,0.7910083918907869,0.3250440480980783,0.8506751938987063,-0.8366113409742223,0.3816209497017446,-0.12421242781046281,0.5342595799671219,-1.3682923264555904,1.1683332724241948,0.0,1.0,0.0,1.0,0.0,0.0,1.0,0.0,0.0,0.0,1.0,0.0,0.0,0.0,0.0,1.0,0.0,0.0,68.13
0.34577961390819417,-0.3665683707715353,1.1564127823925063,-1.2635258189984535,0.3100991071774664,1.526565867926332,1.5801823783637006,-0.335947468079131,-1.366462810250947,-0.1867122297183179,-0.8405747629036809,-0.43816921380714247,0.8808913411618293,0.9332455259058755,1.524198643419543,-1.6062765687292402,1.5891158397743395,0.9973133048341134,0.778758990188718,0.0,1.0,0.0,0.0,1.0,0.0,0.0,0.0,0.0,1.0,0.0,1.0,0.0,0.0,0.0,1.0,0.0,0.0,53.81
1.5470984809893558,-1.0031486200969306,-0.22956897902801815,0.21687935850414136,0.8843567130616569,-0.9026137355027024,-0.9868146337054675,0.2455629255787579,0.09842661826862466,-0.24566778062400715,-1.5965885091985312,0.07063962746300421,0.5182975740043516,-1.0135970276622321,0.3816209497017446,0.7889076590115327,-0.21920917703803341,-1.0697207419238803,-0.7795381387531892,1.0,0.0,1.0,0.0,0.0,0.0,0.0,0.0,0.0,1.0,0.0,1.0,0.0,0.0,0.0,0.0,1.0,0.0,38.53
1.6138384180494203,-2.276309118747721,-0.48156566292265895,-0.02985483774629404,1.4586143189458474,-1.5966650507681408,-0.5652846191512632,-1.1976015550320613,-0.9479229735310695,0.520754381149953,-1.5790067941684185,-0.35336774026211826,-0.3881868438893432,0.4022884658418462,-1.14181597525532,-0.9389965052823972,-1.7763779415153544,1.2040167095099128,-0.38996385651771237,1.0,0.0,1.0,0.0,0.0,0.0,0.0,0.0,0.0,1.0,1.0,0.0,0.0,0.0,0.0,0.0,0.0,1.0,39.41
-0.5218395678726447,-0.8249061502858193,0.5264210726559043,0.95708194725543,0.3100991071774664,0.8325145526608937,-1.393891059221411,-1.1169541281743978,1.5633160467881964,-1.7785121041719274,0.48157020736080164,-0.7773751079872407,0.36721683768873575,0.7562598392178658,-1.522675206494586,1.2314197010868073,0.8858783332361945,-0.7558377940828516,0.778758990188718,1.0,0.0,0.0,0.0,1.0,0.0,0.0,0.0,1.0,0.0,0.0,0.0,1.0,0.0,0.0,0.0,1.0,0.0,47.41
-0.38835969375251567,-0.2901787408524877,0.5894202436295646,-0.5233232302471649,-1.412673710475105,0.4854888950281745,-0.9632533036293988,-0.7476738051945706,-1.575732728610886,0.10806552481012828,-0.3060906259882518,-1.0317795286223141,-1.5968327344142697,1.1102312125938854,-0.7609567440160538,1.1120116897331618,0.4840283295001116,-1.4984389145847974,-0.38996385651771237,0.0,1.0,0.0,0.0,1.0,0.0,0.0,0.0,1.0,0.0,0.0,1.0,0.0,0.0,0.0,0.0,0.0,1.0,47.89
-1.4561986867135481,-1.0795382500159774,1.2824111243398268,1.2038161435058654,-1.412673710475105,-0.20856242023726393,-0.3603604458005814,1.5316771538878113,1.4238027678815706,-1.6016454514548597,1.7404210035168781,-0.18376479317206912,0.9111074884249528,1.6411882726579148,0.0007617184624784484,1.1401076924046079,0.2328720771650598,0.6221849037558109,1.5579075546596715,1.0,0.0,0.0,1.0,0.0,0.0,1.0,0.0,0.0,0.0,0.0,0.0,0.0,1.0,1.0,0.0,0.0,0.0,58.7
-0.5885795049327093,-0.21378911093344008,-1.741549082395863,-0.5233232302471649,-0.8384161045909145,1.526565867926332,0.9311568322346815,0.776138102273912,0.5169664549885024,-1.424778798737792,0.7382632468004485,0.3250440480980783,-1.4155358508355305,-1.0135970276622321,0.7624801809410108,-1.0303085139645969,0.2328720771650598,0.9743462598701357,0.778758990188718,0.0,1.0,0.0,1.0,0.0,0.0,0.0,1.0,0.0,0.0,0.0,1.0,0.0,0.0,0.0,0.0,0.0,1.0,62.25
0.07881986566793604,-0.010083431149313378,-0.22956897902801815,-1.2635258189984535,-0.26415849870672403,0.4854888950281745,-0.6959609036067704,0.5299512202873604,-1.0874362524376953,-1.3068676969264135,-1.5684577651503508,-0.6077721608971917,-0.35797069662622016,1.4642025859699048,-0.7609567440160538,-0.33493244784630793,-1.424759188246282,-1.6515525476779822,-1.5586867032241427,0.0,1.0,0.0,0.0,1.0,0.0,0.0,1.0,0.0,0.0,0.0,0.0,0.0,1.0,1.0,0.0,0.0,0.0,30.76
1.0131789845088395,-0.31564195082550295,1.4084094662871471,-1.2635258189984535,-0.8384161045909145,1.526565867926332,-0.07465456933194974,1.0605263969825145,0.37745317608187645,-0.8941788405865888,-0.13378981869314638,1.1730587835483233,-1.3853197035724074,-0.6596256542862126,1.524198643419543,-1.297220539343334,-0.21920917703803341,1.4413428408043492,-1.5586867032241427,0.0,1.0,0.0,0.0,0.0,1.0,0.0,0.0,0.0,1.0,0.0,1.0,0.0,0.0,0.0,1.0,0.0,0.0,56.15
-0.32161975669245113,-0.7485165203667725,0.4634219016822441,-0.02985483774629404,-0.26415849870672403,-0.5555880778699831,1.3083361078221682,-1.2824935833032858,-0.7386530551711307,-1.5426899005491703,0.653871014655907,2.529882360268715,1.1528366665299379,-1.3675684010382516,-0.3800975127767877,1.5474997311405752,-0.31967167797205415,0.9054451249782026,-0.38996385651771237,1.0,0.0,0.0,1.0,0.0,0.0,0.0,1.0,0.0,0.0,1.0,0.0,0.0,0.0,1.0,0.0,0.0,0.0,55.8
-0.38835969375251567,0.09176940874274951,-0.7335623468172998,-0.02985483774629404,0.3100991071774664,1.179540210293613,1.5273178814703363,1.200598243630035,-1.2967061707976342,0.1670210757158175,-0.6577249265905079,0.4098455216431025,0.1557038068468736,0.4022884658418462,-1.14181597525532,1.0487956837224084,0.4840283295001116,-0.18166166998340888,1.5579075546596715,0.0,1.0,1.0,0.0,0.0,0.0,0.0,0.0,0.0,1.0,0.0,1.0,0.0,0.0,1.0,0.0,0.0,0.0,84.58
-1.3894587496534836,0.37186471844592384,0.7784177565505451,0.21687935850414136,-1.412673710475105,1.526565867926332,0.9667958189043653,0.304987345368615,0.7262363733484412,1.6998653992637378,0.7839757058787418,-0.01416184608201998,0.6391621630568444,0.5792741525298559,-0.7609567440160538,0.7678356570079482,0.7854158323021737,-0.8477059739387625,-0.38996385651771237,1.0,0.0,0.0,1.0,0.0,0.0,1.0,0.0,0.0,0.0,1.0,0.0,0.0,0.0,0.0,1.0,0.0,0.0,68.77
-1.7231584349538063,-1.2068542998810565,-0.29256815000167835,-0.02985483774629404,1.4586143189458474,-1.2496393931354215,0.4646820956025982,-0.5778897486521212,-0.8084096946244436,-0.4814899842467641,-0.9109016230241321,-0.9469780550772892,0.6089460157937213,0.9332455259058755,0.0007617184624784484,0.36044361827198096,1.237497086505267,-1.023786651995925,-0.0003895742822356069,0.0,1.0,0.0,0.0,0.0,1.0,0.0,1.0,0.0,0.0,1.0,0.0,0.0,0.0,1.0,0.0,0.0,0.0,67.66
-1.4561986867135481,1.339466697420525,-1.678549911422203,0.95708194725543,-0.26415849870672403,1.179540210293613,-0.12534112815105555,1.0562817955689534,1.5633160467881964,0.6976210338670207,-0.8687055069518614,0.3250440480980783,1.183052813793061,0.4022884658418462,-0.7609567440160538,-0.6229164752286296,-1.17360293591123,-0.7252150674642146,-1.5586867032241427,1.0,0.0,1.0,0.0,0.0,0.0,0.0,1.0,0.0,0.0,0.0,1.0,0.0,0.0,1.0,0.0,0.0,0.0,39.02
0.9464390474487749,-0.1883259009604239,0.715418585576885,-0.27658903399672946,0.3100991071774664,1.179540210293613,1.7221443419312743,1.0095911800197797,-0.8084096946244436,1.1103098902068453,0.8050737639148772,1.5122646777284217,-1.294671261783038,-1.5445540877262616,0.0007617184624784484,-1.2550765353361648,0.18264082669804943,0.05566446131102742,-1.1691124209886659,0.0,1.0,0.0,0.0,1.0,0.0,0.0,0.0,0.0,1.0,0.0,0.0,0.0,1.0,0.0,1.0,0.0,0.0,56.39
-0.9890191272930965,-0.061009851095344826,-0.8595606887646202,-2.0037284077497595,-1.412673710475105,-0.20856242023726393,-0.11742135333557029,1.1581522294944226,-1.575732728610886,-0.3635788824353856,0.942211141149757,1.936272045453544,0.5485137212674747,0.5792741525298559,-0.3800975127767877,-0.5948204725571835,1.237497086505267,-1.5673400494767307,-0.38996385651771237,1.0,0.0,0.0,0.0,0.0,1.0,1.0,0.0,0.0,0.0,0.0,0.0,0.0,1.0,0.0,1.0,0.0,0.0,73.04
-0.05466000845219303,0.6264968181760819,0.21142521778760331,-0.02985483774629404,1.4586143189458474,-1.5966650507681408,-0.37619999543155197,-1.3249395974388982,1.6330726862415095,1.5229987465466701,-0.6928883566507335,1.427463204183396,0.24635224863624303,1.6411882726579148,-0.7609567440160538,0.15674759890399734,0.3835658285660909,0.5073496789359223,-0.38996385651771237,0.0,1.0,0.0,1.0,0.0,0.0,0.0,1.0,0.0,0.0,0.0,1.0,0.0,0.0,0.0,1.0,0.0,0.0,62.1
1.2801387327490976,0.14269582868878097,0.6524194146032247,-2.0037284077497595,-0.26415849870672403,0.4854888950281745,0.04533001912265234,1.5741231680234236,1.4238027678815706,1.1692654411125345,1.2200022386255391,0.833852889368225,-1.6270488816773927,-0.6596256542862126,0.3816209497017446,-0.8547084972680592,1.2877283369722774,-0.47257757286045987,0.38918470795324117,1.0,0.0,0.0,0.0,1.0,0.0,0.0,1.0,0.0,0.0,1.0,0.0,0.0,0.0,0.0,0.0,0.0,1.0,56.72
0.47925948802832324,0.88112891790624,-1.426553227527562,0.21687935850414136,-0.8384161045909145,1.526565867926332,0.9877832221654013,1.5444109581284948,1.7028293256948224,-1.0710454933036564,-0.3834501721207481,0.4098455216431025,-1.0529420836780528,-1.0135970276622321,1.143339412180277,0.3182996142648119,0.3835658285660909,0.9896576231794542,0.38918470795324117,1.0,0.0,1.0,0.0,0.0,0.0,0.0,1.0,0.0,0.0,0.0,0.0,0.0,1.0,0.0,1.0,0.0,0.0,48.43
1.4803585439292912,0.1936222486348133,-1.741549082395863,0.95708194725543,-0.8384161045909145,1.526565867926332,1.6288889934789352,-0.5014869232080191,-1.575732728610886,-0.4225344333410749,-1.174627348475824,-1.1165810021673384,-0.8112129055730675,0.5792741525298559,-0.3800975127767877,-1.6273485707328246,0.5844908304341323,1.1887053462005943,1.1683332724241948,1.0,0.0,1.0,0.0,0.0,0.0,1.0,0.0,0.0,0.0,0.0,0.0,1.0,0.0,0.0,1.0,0.0,0.0,58.53
-0.8555392531729674,-0.6975901004207402,1.1564127823925063,-1.016791622748018,-0.8384161045909145,-0.5555880778699831,-1.1448141412743988,-1.4904790525677862,-0.25035657899794006,-1.188956595115035,-0.3060906259882518,-0.09896331962704417,-1.5061842926249003,-0.305654280910193,1.524198643419543,-0.20147643515693936,1.1370345855712463,0.44610422569864844,1.5579075546596715,1.0,0.0,0.0,0.0,0.0,1.0,1.0,0.0,0.0,0.0,1.0,0.0,0.0,0.0,1.0,0.0,0.0,0.0,57.26
-0.05466000845219303,0.27001187855386005,-0.35556732097533855,1.4505503397563009,0.3100991071774664,1.179540210293613,-0.33580914387257704,-1.1466663380693265,-0.45962649735787886,1.2282209920182239,-1.726693200421366,-0.2685662667170933,-0.509051432941836,-0.12866859422218316,0.3816209497017446,-0.5667244698857375,1.0365720846372255,1.3418189792937791,-1.5586867032241427,0.0,1.0,1.0,0.0,0.0,0.0,0.0,1.0,0.0,0.0,0.0,1.0,0.0,0.0,0.0,0.0,1.0,0.0,34.95
1.213398795689033,-1.2577807198270887,0.6524194146032247,0.7103477510049946,-0.8384161045909145,0.1384632373954553,-0.761299045834524,1.6547705948810871,0.6564797338951281,1.1692654411125345,-0.9671631111204931,-0.09896331962704417,-1.657265028940516,-0.6596256542862126,0.0007617184624784484,-0.9670925079538433,-1.2740654368452509,1.5255553390056007,-1.5586867032241427,0.0,1.0,0.0,0.0,1.0,0.0,0.0,0.0,0.0,1.0,1.0,0.0,0.0,0.0,0.0,0.0,1.0,0.0,29.14
0.012079928607871505,0.015379778823701893,-0.7335623468172998,1.2038161435058654,0.8843567130616569,-0.9026137355027024,-1.6164367315365478,0.19462770861602305,-0.9479229735310695,-0.8352232896808995,1.532956766161547,-0.7773751079872407,0.18591995410999693,0.5792741525298559,-0.7609567440160538,1.1190356904010232,-0.5708279303071059,-0.43429916458716367,0.38918470795324117,1.0,0.0,0.0,1.0,0.0,0.0,0.0,0.0,0.0,1.0,0.0,0.0,1.0,0.0,0.0,0.0,0.0,1.0,49.36
-1.18923893847329,-0.11193627104137717,0.3374235597349237,0.21687935850414136,-1.412673710475105,0.1384632373954553,-0.6215150203412086,-0.5057315246215803,-1.43621944970426,0.34388772843288523,0.05257636062604931,0.7490514158232008,-1.0227259364149297,0.5792741525298559,0.0007617184624784484,-0.67208447990366,1.237497086505267,0.2853349109508045,-0.38996385651771237,0.0,1.0,1.0,0.0,0.0,0.0,0.0,1.0,0.0,0.0,0.0,0.0,1.0,0.0,0.0,0.0,0.0,1.0,49.47
-0.05466000845219303,-0.2901787408524877,0.7784177565505451,-1.016791622748018,0.3100991071774664,1.526565867926332,0.6737641507314097,-0.7349400009538869,-1.0874362524376953,-1.0710454933036564,0.9457274841557796,-0.2685662667170933,-0.7507806110468211,-1.5445540877262616,0.0007617184624784484,-0.42624445652850745,0.4840283295001116,1.081525803035365,-0.38996385651771237,1.0,0.0,0.0,0.0,1.0,0.0,1.0,0.0,0.0,0.0,0.0,0.0,0.0,1.0,0.0,0.0,1.0,0.0,35.84
1.3468786698091622,-0.21378911093344008,0.02242770486662269,0.7103477510049946,1.4586143189458474,0.1384632373954553,-1.398246935369928,-0.8410550362929177,1.0750195706150059,-0.24566778062400715,1.4485645340170057,-0.35336774026211826,1.4247819918980464,1.1102312125938854,-0.3800975127767877,0.669499647657887,0.8858783332361945,-0.250562804875342,-1.5586867032241427,1.0,0.0,1.0,0.0,0.0,0.0,0.0,1.0,0.0,0.0,0.0,0.0,1.0,0.0,0.0,0.0,1.0,0.0,34.75
-0.32161975669245113,-1.996213809044547,-1.2375557146065814,-0.5233232302471649,-0.8384161045909145,-0.20856242023726393,1.6510643629622939,0.5384404231144827,0.5169664549885024,-0.6583566369638318,0.31278574307171875,-0.7773751079872407,0.004623070531257804,1.6411882726579148,0.3816209497017446,-1.4447245533684254,-0.1187466761040127,0.8824780800142249,1.5579075546596715,0.0,1.0,0.0,1.0,0.0,0.0,1.0,0.0,0.0,0.0,1.0,0.0,0.0,0.0,0.0,1.0,0.0,0.0,67.47
1.3468786698091622,-0.6466636804747087,-0.9855590307119406,-0.02985483774629404,-1.412673710475105,-1.2496393931354215,0.9242270292711319,-0.28925685252995753,-0.8781663340777566,0.10806552481012828,-1.6247192532467118,0.24024257455305337,-0.8112129055730675,-1.1905827143502419,-0.7609567440160538,-1.1286445233146578,-1.4749904387132924,0.33126900087875993,-0.7795381387531892,1.0,0.0,0.0,0.0,1.0,0.0,0.0,1.0,0.0,0.0,0.0,0.0,0.0,1.0,1.0,0.0,0.0,0.0,34.79
0.2122997397880651,0.015379778823701893,-1.426553227527562,-0.27658903399672946,-0.26415849870672403,1.526565867926332,0.9968909632032094,1.5613893637827398,0.6564797338951281,0.6386654829613314,0.4745375213487565,1.5122646777284217,0.3370006904256127,0.4022884658418462,-1.522675206494586,-1.620324570064963,1.2877283369722774,0.5226610422452408,-0.0003895742822356069,1.0,0.0,0.0,1.0,0.0,0.0,1.0,0.0,0.0,0.0,0.0,0.0,1.0,0.0,0.0,1.0,0.0,0.0,75.91
1.079918921568904,0.06630619876973425,-1.426553227527562,0.95708194725543,-0.8384161045909145,1.526565867926332,-0.9256343732558436,0.6063540457314625,0.44720981553518935,0.04910997390443904,0.09828881970434258,-0.01416184608201998,-1.0529420836780528,1.287216899281895,0.7624801809410108,-1.676516575407855,1.0365720846372255,1.0126246681434319,-1.5586867032241427,0.0,1.0,1.0,0.0,0.0,0.0,0.0,0.0,1.0,0.0,0.0,0.0,0.0,1.0,0.0,0.0,0.0,1.0,36.24
1.4136186068692267,-1.1304646699620098,-0.5445648338963192,0.7103477510049946,-1.412673710475105,-1.2496393931354215,-1.6029731143502226,0.9756343687112897,-1.0176796129843824,-1.3658232478321026,1.3676886448784868,0.24024257455305337,-1.4759681453617772,-1.3675684010382516,0.7624801809410108,1.772267752512143,-1.5754529396473131,1.050903076416728,1.1683332724241948,1.0,0.0,0.0,0.0,1.0,0.0,0.0,0.0,0.0,1.0,0.0,0.0,0.0,1.0,0.0,0.0,1.0,0.0,25.1
-0.6553194419927738,1.2121506475554458,1.4714086372608075,-0.02985483774629404,0.8843567130616569,0.4854888950281745,1.1570684088463994,-0.7222061967132032,1.5633160467881964,1.4640431956409807,-0.7632152167711846,1.936272045453544,-1.687481176203639,1.4642025859699048,-0.3800975127767877,-1.4025805493612564,-0.06851542563700234,0.43079286238932996,-0.7795381387531892,1.0,0.0,1.0,0.0,0.0,0.0,0.0,0.0,1.0,0.0,0.0,1.0,0.0,0.0,0.0,0.0,0.0,1.0,72.03
-0.05466000845219303,-0.9776854101239145,1.5344078082344677,-2.0037284077497595,-0.26415849870672403,-1.2496393931354215,1.7229363194128229,-1.448033038432174,0.8657496522550671,-0.12775667881262867,-0.00016878446428908927,1.1730587835483233,1.545646580950539,-1.0135970276622321,1.524198643419543,1.1822516964117769,0.031947075297018374,-0.043859400199542646,-1.5586867032241427,1.0,0.0,1.0,0.0,0.0,0.0,0.0,0.0,0.0,1.0,0.0,0.0,0.0,1.0,0.0,1.0,0.0,0.0,40.89
0.6127393621484523,0.9065921278792554,-1.6155507404485427,-0.7700574264976002,0.8843567130616569,0.1384632373954553,-0.06772476636840011,-0.06004837619765094,-0.11084330009131417,0.520754381149953,1.1778061225532686,0.5794484687331517,0.760026752109337,-1.7215397744142713,-1.14181597525532,-1.3463885440183645,1.1872658360382566,0.7523314918850179,0.38918470795324117,1.0,0.0,0.0,1.0,0.0,0.0,1.0,0.0,0.0,0.0,0.0,0.0,0.0,1.0,0.0,0.0,0.0,1.0,52.19
-1.7231584349538063,0.3464015084729076,-0.7335623468172998,0.7103477510049946,1.4586143189458474,-0.20856242023726393,1.2717071493005487,-0.645803371269101,0.6564797338951281,-0.7173121878695211,1.613832655300066,0.5794484687331517,1.031972077477445,-0.305654280910193,-1.522675206494586,0.12865159623255132,1.4384220883733083,0.8824780800142249,-1.5586867032241427,0.0,1.0,0.0,0.0,1.0,0.0,0.0,0.0,1.0,0.0,0.0,0.0,1.0,0.0,0.0,0.0,0.0,1.0,49.73
-1.2559788755333545,-0.7485165203667725,1.2824111243398268,0.21687935850414136,-1.412673710475105,-0.5555880778699831,-1.5229833887138213,-1.0278174984896118,-0.45962649735787886,-1.4837343496434812,1.525924080149502,-0.6077721608971917,1.666511170003032,-0.48263996759820277,-0.7609567440160538,-0.7633964885858596,-1.0229091845101992,-0.12041621674613501,-0.7795381387531892,0.0,1.0,0.0,1.0,0.0,0.0,0.0,0.0,0.0,1.0,1.0,0.0,0.0,0.0,1.0,0.0,0.0,0.0,30.4
1.4803585439292912,1.7214148470157622,-1.0485582016856008,-1.510260015248889,0.8843567130616569,0.4854888950281745,-0.6925949993101891,1.5189433496471276,-1.366462810250947,0.75657658477271,1.2481329826737197,-0.6925736344422158,1.4852142864242925,-1.3675684010382516,0.7624801809410108,1.533451729804852,-0.31967167797205415,-0.5338230260977338,-0.0003895742822356069,0.0,1.0,0.0,0.0,1.0,0.0,0.0,1.0,0.0,0.0,1.0,0.0,0.0,0.0,0.0,0.0,0.0,1.0,23.65
0.5459994250883877,-1.3087071397731203,1.2194119533661667,-1.7569942114993242,1.4586143189458474,0.8325145526608937,1.454851941908646,-0.20860942567229412,1.005262931161693,1.6998653992637378,-1.6036211952105763,0.15544110100802916,0.8204590466355832,-1.5445540877262616,1.524198643419543,-1.0935245199753503,0.28310332763207013,-0.31946393976727516,-0.38996385651771237,1.0,0.0,0.0,0.0,0.0,1.0,1.0,0.0,0.0,0.0,0.0,0.0,1.0,0.0,0.0,1.0,0.0,0.0,57.05
1.6805783551094848,0.8556657079332239,1.1564127823925063,0.21687935850414136,-1.412673710475105,-0.5555880778699831,-0.16038613170957797,-1.121198729587959,1.3540461284282577,0.4617988302442637,-0.6366268685543724,0.15544110100802916,0.6693783103199674,-1.7215397744142713,-1.14181597525532,0.8380756636865632,1.237497086505267,-0.08213780847283883,0.778758990188718,1.0,0.0,0.0,1.0,0.0,0.0,1.0,0.0,0.0,0.0,1.0,0.0,0.0,0.0,1.0,0.0,0.0,0.0,56.6
-0.7887993161129029,0.9320553378522716,1.030414440445186,-1.016791622748018,-1.412673710475105,-1.5966650507681408,0.8232499003736945,-1.0405513027302957,1.2842894889749448,0.9923987883954669,-1.575490451162396,-0.862176581532265,-0.5694837274680821,0.2253027791538364,0.3816209497017446,-1.311268540679057,0.5844908304341323,0.38485877246137457,0.38918470795324117,0.0,1.0,0.0,1.0,0.0,0.0,0.0,1.0,0.0,0.0,0.0,0.0,0.0,1.0,0.0,0.0,0.0,1.0,53.26
1.3468786698091622,-0.7739797303397877,1.6604061501817882,-1.016791622748018,0.8843567130616569,-1.5966650507681408,-1.4647730438200044,-0.7604076094352543,1.1447762100683188,0.5797099320556421,-1.1851763774938917,0.6642499422781758,-1.3853197035724074,0.4022884658418462,-0.7609567440160538,-0.18040443315335483,1.2877283369722774,1.6710132904441262,-0.7795381387531892,1.0,0.0,0.0,0.0,1.0,0.0,0.0,1.0,0.0,0.0,0.0,1.0,0.0,0.0,0.0,1.0,0.0,0.0,42.49
-0.32161975669245113,1.339466697420525,-1.741549082395863,0.7103477510049946,-1.412673710475105,-1.5966650507681408,-0.8420807489524739,1.6759936019488932,0.6564797338951281,-0.5994010860581426,-1.4594511319636514,-0.2685662667170933,0.24635224863624303,-0.12866859422218316,0.0007617184624784484,0.8661716663580092,1.388190837906298,-0.15103894336477194,1.1683332724241948,1.0,0.0,1.0,0.0,0.0,0.0,0.0,0.0,0.0,1.0,0.0,0.0,0.0,1.0,0.0,0.0,1.0,0.0,52.31
-0.8555392531729674,-0.34110516079851916,-0.7335623468172998,1.2038161435058654,-0.8384161045909145,-1.5966650507681408,-1.3871592506282486,-0.8070982249844277,-1.505976089157573,1.5229987465466701,0.3444328301259218,1.1730587835483233,0.24635224863624303,1.1102312125938854,1.524198643419543,-1.226980532664719,1.0365720846372255,-0.1357275800554535,1.1683332724241948,1.0,0.0,0.0,0.0,1.0,0.0,1.0,0.0,0.0,0.0,0.0,0.0,0.0,1.0,1.0,0.0,0.0,0.0,32.16
-0.05466000845219303,0.21908545860782858,-1.6155507404485427,-0.7700574264976002,-1.412673710475105,-0.20856242023726393,-1.631880292426744,-0.5991127557199275,0.5169664549885024,-0.5404455351524533,0.4253087192644407,-0.09896331962704417,1.5758627282136621,0.04831709246582662,-0.7609567440160538,1.8073877558514508,1.5891158397743395,1.3877530692217344,-1.1691124209886659,1.0,0.0,0.0,0.0,0.0,1.0,0.0,0.0,0.0,1.0,0.0,1.0,0.0,0.0,0.0,0.0,0.0,1.0,47.34
0.07881986566793604,0.16815903866179713,-0.16656980805435792,-0.02985483774629404,0.3100991071774664,-0.5555880778699831,0.5890225602057172,0.5214620174602378,-0.8781663340777566,0.6386654829613314,-0.19005130678950732,-0.18376479317206912,-0.20688996031060436,-1.0135970276622321,-1.522675206494586,0.7678356570079482,0.4840283295001116,1.2346394361285498,0.778758990188718,0.0,1.0,1.0,0.0,0.0,0.0,0.0,1.0,0.0,0.0,0.0,0.0,1.0,0.0,0.0,0.0,0.0,1.0,58.79
-0.25487981963238665,-0.21378911093344008,-0.8595606887646202,-0.02985483774629404,1.4586143189458474,1.179540210293613,0.3470734395926417,-0.7179615952996419,0.7262363733484412,-1.2479121460207243,-0.2111493648256427,-0.9469780550772892,0.6391621630568444,-0.305654280910193,0.0007617184624784484,-1.395556548693395,-0.42013417890607485,-0.5338230260977338,-1.5586867032241427,0.0,1.0,0.0,1.0,0.0,0.0,1.0,0.0,0.0,0.0,0.0,0.0,0.0,1.0,1.0,0.0,0.0,0.0,35.24
-0.8555392531729674,0.7283496580681449,0.4634219016822441,-0.27658903399672946,-1.412673710475105,-0.9026137355027024,1.1735019415885313,-0.9811268829404384,1.2145328495216317,-1.2479121460207243,0.1756483658368389,-0.862176581532265,0.24635224863624303,0.4022884658418462,-1.522675206494586,-0.7001804825751061,-1.6759154405813337,-0.40367643796852676,-1.1691124209886659,0.0,1.0,0.0,1.0,0.0,0.0,0.0,1.0,0.0,0.0,0.0,0.0,0.0,1.0,0.0,1.0,0.0,0.0,49.62
-0.1881398825723221,0.7283496580681449,0.21142521778760331,-0.02985483774629404,0.3100991071774664,0.4854888950281745,-0.3025460896475388,-1.176378547964255,-0.45962649735787886,1.2282209920182239,-1.5930721661925087,1.3426617306383717,-1.1435905254674221,1.6411882726579148,1.143339412180277,0.7256916530007791,0.031947075297018374,1.5791451105882153,1.1683332724241948,1.0,0.0,1.0,0.0,0.0,0.0,0.0,0.0,0.0,1.0,0.0,0.0,1.0,0.0,0.0,0.0,0.0,1.0,53.89
-1.6564184978937417,-1.868897759179468,0.21142521778760331,0.7103477510049946,-1.412673710475105,0.8325145526608937,-1.516449574491046,-0.6542925740962234,1.2145328495216317,-0.12775667881262867,-0.8898035649879967,0.24024257455305337,0.3067845431624894,0.04831709246582662,0.7624801809410108,-1.4096045500291179,0.5844908304341323,0.13987695951227902,-1.5586867032241427,0.0,1.0,0.0,1.0,0.0,0.0,0.0,0.0,0.0,1.0,0.0,0.0,0.0,1.0,0.0,1.0,0.0,0.0,33.04
1.213398795689033,1.2376138575284612,-1.5525515694748826,-0.7700574264976002,-1.412673710475105,0.1384632373954553,-1.6164367315365478,-1.3546518073338267,-0.9479229735310695,-0.8941788405865888,-1.6844970843490954,0.4098455216431025,0.12548765958375055,-1.1905827143502419,-1.14181597525532,-0.7282764852465521,-0.872215433109168,0.4920383156266039,-1.1691124209886659,0.0,1.0,0.0,1.0,0.0,0.0,0.0,0.0,0.0,1.0,0.0,0.0,0.0,1.0,1.0,0.0,0.0,0.0,28.88
-0.05466000845219303,-1.7670449192874051,-0.6705631758436396,-1.510260015248889,0.8843567130616569,1.526565867926332,1.0267881131316663,-1.6517739062831132,-1.0176796129843824,-1.7785121041719274,-1.3012156966926363,1.5970661512734459,-0.02559307673186525,0.04831709246582662,1.524198643419543,-1.1918605293254114,-0.9726779340431888,0.17049968613091596,-1.5586867032241427,1.0,0.0,0.0,1.0,0.0,0.0,1.0,0.0,0.0,0.0,1.0,0.0,0.0,0.0,0.0,0.0,0.0,1.0,40.84
-0.8555392531729674,0.9575185478252877,1.2824111243398268,1.6972845360067186,-0.8384161045909145,-1.5966650507681408,0.689009717251219,1.0180803828469023,-1.366462810250947,-0.8352232896808995,-1.22385615056014,-1.3709854228024116,0.03483921779438112,-0.305654280910193,0.0007617184624784484,0.17079560023972035,0.18264082669804943,0.7523314918850179,-0.0003895742822356069,1.0,0.0,1.0,0.0,0.0,0.0,0.0,1.0,0.0,0.0,0.0,0.0,1.0,0.0,0.0,0.0,1.0,0.0,48.98
1.6138384180494203,1.0593713877173505,-0.6075640048699794,0.95708194725543,1.4586143189458474,0.8325145526608937,-0.5900339154496547,-1.248536771994796,-0.9479229735310695,-0.06880112790693943,0.6749690726920424,0.6642499422781758,-1.1738066727305454,-0.6596256542862126,0.7624801809410108,-0.34195644851416945,0.6849533313681531,1.63273488217083,0.778758990188718,0.0,1.0,1.0,0.0,0.0,0.0,0.0,1.0,0.0,0.0,0.0,0.0,0.0,1.0,0.0,0.0,1.0,0.0,40.28
-1.322718812593419,-1.2068542998810565,0.9044160984978656,-1.016791622748018,-0.8384161045909145,1.526565867926332,0.4031058464122001,0.9204545503349938,0.09842661826862466,-0.3046233315296964,-0.1302734756871238,-1.6253898434374858,-0.14645766578435798,0.9332455259058755,-0.3800975127767877,1.7582197511764202,-0.36990292843906447,-1.092687786887858,0.38918470795324117,0.0,1.0,0.0,0.0,1.0,0.0,0.0,0.0,0.0,1.0,0.0,0.0,0.0,1.0,0.0,0.0,1.0,0.0,49.19
-1.5896785608336772,-0.49388442063661436,1.4714086372608075,0.21687935850414136,-0.26415849870672403,-0.9026137355027024,-0.4959865895157669,0.9926127743655347,1.0750195706150059,1.287176542923913,-0.4361953172110865,-0.43816921380714247,0.36721683768873575,-1.0135970276622321,-1.522675206494586,-0.6158924745607681,0.7351845818351633,-1.000819607031947,0.38918470795324117,0.0,1.0,0.0,1.0,0.0,0.0,0.0,0.0,0.0,1.0,0.0,1.0,0.0,0.0,1.0,0.0,0.0,0.0,69.06
1.3468786698091622,-1.2068542998810565,0.4004227307085839,0.95708194725543,0.8843567130616569,0.8325145526608937,0.320542193960766,0.10973568034479833,-0.041086660638001225,0.8744876865840884,0.9386947981437345,-1.2013824757123632,-0.05580922399498857,-0.8366113409742223,1.143339412180277,0.023291586214628762,0.28310332763207013,-0.5644457527163707,0.38918470795324117,0.0,1.0,0.0,1.0,0.0,0.0,0.0,0.0,0.0,1.0,0.0,1.0,0.0,0.0,0.0,0.0,0.0,1.0,51.36
-0.25487981963238665,-0.31564195082550295,0.715418585576885,0.7103477510049946,0.8843567130616569,-0.5555880778699831,0.0037512013413545883,-0.6627817769233459,1.1447762100683188,-0.7173121878695211,-0.8616728209398162,0.833852889368225,-0.05580922399498857,1.4642025859699048,-1.522675206494586,0.500923631629211,-0.36990292843906447,-1.4754718696208198,1.1683332724241948,1.0,0.0,1.0,0.0,0.0,0.0,0.0,0.0,0.0,1.0,0.0,1.0,0.0,0.0,1.0,0.0,0.0,0.0,75.06
1.2801387327490976,-0.3920315807445506,-0.9225598597382804,0.46361355475455923,-0.8384161045909145,0.8325145526608937,-0.43698426714040156,-1.2230691635134285,-1.575732728610886,1.287176542923913,1.5153750511314343,-1.9645957376175833,-1.4759681453617772,-1.7215397744142713,-0.7609567440160538,-0.17338043248549334,1.4886533388403187,-0.7634934757375108,-0.0003895742822356069,0.0,1.0,0.0,0.0,0.0,1.0,0.0,0.0,1.0,0.0,0.0,0.0,0.0,1.0,0.0,0.0,0.0,1.0,56.96
1.079918921568904,0.7028864480951296,0.2744243887612635,-0.27658903399672946,0.8843567130616569,-1.5966650507681408,0.7727613359249758,0.7846273051010342,-1.575732728610886,-0.5994010860581426,-1.5719741081563734,-0.2685662667170933,-1.0831582309411758,0.9332455259058755,0.3816209497017446,1.4983317264655445,-0.9726779340431888,1.2576064810925274,0.778758990188718,0.0,1.0,0.0,0.0,1.0,0.0,0.0,0.0,1.0,0.0,0.0,0.0,0.0,1.0,0.0,0.0,1.0,0.0,48.7
1.3468786698091622,1.2376138575284612,-0.9225598597382804,1.6972845360067186,-0.8384161045909145,-0.9026137355027024,0.16590859068841582,0.3262103524364211,-0.38986985790456596,-0.8352232896808995,0.9597928561798698,-1.2013824757123632,-0.6299160219943284,1.287216899281895,1.143339412180277,0.9926036783795162,-0.26944042750504377,0.7906099001583141,-0.7795381387531892,1.0,0.0,0.0,0.0,0.0,1.0,0.0,0.0,1.0,0.0,0.0,1.0,0.0,0.0,0.0,0.0,1.0,0.0,53.6
1.213398795689033,1.339466697420525,0.3374235597349237,0.21687935850414136,0.8843567130616569,0.1384632373954553,1.336451308417141,0.5087282132195543,0.1681832577219376,0.8744876865840884,-0.4115809161689286,-0.862176581532265,-0.2975384020999738,0.4022884658418462,1.143339412180277,0.0724595908896593,0.7854158323021737,1.5638337472788968,1.5579075546596715,0.0,1.0,0.0,0.0,0.0,1.0,0.0,0.0,0.0,1.0,1.0,0.0,0.0,0.0,0.0,1.0,0.0,0.0,76.7
-0.5885795049327093,-0.6466636804747087,1.6604061501817882,-0.5233232302471649,-1.412673710475105,1.179540210293613,-0.7751586517616232,-1.685730717591603,-0.1805999395446271,0.520754381149953,-0.7069537286748236,-0.6925736344422158,0.3067845431624894,-1.7215397744142713,-1.14181597525532,0.24103560691833537,0.13240957623103908,-1.483127551275479,-0.7795381387531892,1.0,0.0,0.0,0.0,0.0,1.0,0.0,0.0,0.0,1.0,1.0,0.0,0.0,0.0,1.0,0.0,0.0,0.0,53.71
0.7462192362685813,-0.2901787408524877,-1.5525515694748826,0.7103477510049946,-0.8384161045909145,-1.2496393931354215,-0.4268865542506578,1.434051321375903,1.5633160467881964,-0.5994010860581426,-1.0023265411807187,1.3426617306383717,1.2434851083193075,-0.12866859422218316,1.524198643419543,0.24103560691833537,1.1872658360382566,0.27767922929614525,0.38918470795324117,1.0,0.0,0.0,1.0,0.0,0.0,0.0,1.0,0.0,0.0,1.0,0.0,0.0,0.0,1.0,0.0,0.0,0.0,49.57
